title,property_size(sqm),house_type,bedrooms,bathrooms,furnishing,region,region_name,region_parent_name,is_boost,price
2bdrm Maisonette in Lekki Phase 1 for sale,185,Maisonette,2,2,Unfurnished,"Lekki, Lekki Phase 1",Lekki Phase 1,Lekki,Diamond,350000000.0
4bdrm Duplex in Thomas Estate for sale,300,Duplex,4,4,Semi-Furnished,"Ajah, Thomas Estate",Thomas Estate,Ajah,Enterprise,300000000.0
"5bdrm Duplex in Lekki Palm City, Ado / Ajah for sale",300,Duplex,5,5,Semi-Furnished,"Ajah, Ado / Ajah",Ado / Ajah,Ajah,Enterprise,300000000.0
"4bdrm Duplex in Golden Park Estate, Sangotedo for sale",300,Duplex,4,4,Semi-Furnished,"Ajah, Sangotedo",Sangotedo,Ajah,Enterprise,275000000.0
5bdrm Duplex in Idu for sale,700,Duplex,5,6,Unfurnished,"Jiwa, Idu",Idu,Jiwa,False,350000000.0
"Furnished 3bdrm Apartment in Kenneth Odidika, Ologolo for sale",200,Apartment,3,3,Furnished,"Lekki, Ologolo",Ologolo,Lekki,False,130000000.0
Furnished 5bdrm Duplex in Magodo G.R.A Phase for sale,648,Duplex,5,5,Furnished,"Magodo, GRA Phase 1",GRA Phase 1,Magodo,False,620000000.0
3bdrm Townhouse/Terrace in Kaura Opposite for sale,280,Townhouse/Terrace,3,3,Unfurnished,"Abuja (FCT), Kaura",Kaura,Abuja (FCT),Enterprise,110000000.0
4bdrm Townhouse/Terrace in Mabushi for sale,300,Townhouse/Terrace,4,4,Unfurnished,"Abuja (FCT), Mabushi",Mabushi,Abuja (FCT),Enterprise,270000000.0
4bdrm Duplex in Abijo for sale,200,Duplex,4,4,Semi-Furnished,"Ibeju, Abijo",Abijo,Ibeju,Enterprise,150000000.0
3bdrm Apartment in Wuye- Dakibiyu Abuja for sale,1500,Apartment,3,4,Semi-Furnished,"Abuja (FCT), Wuye",Wuye,Abuja (FCT),Enterprise,135000000.0
"4bdrm Duplex in Ikota, Lekki for sale",500,Duplex,4,4,Semi-Furnished,"Lagos State, Lekki",Lekki,Lagos State,Vip,200000000.0
"3bdrm Townhouse/Terrace in Hall 7, Life Camp for sale",350,Townhouse/Terrace,3,3,Unfurnished,"Gwarinpa, Life Camp",Life Camp,Gwarinpa,Enterprise,150000000.0
4bdrm Duplex in Lekki Phase 2 for sale,200,Duplex,4,4,Semi-Furnished,"Lekki, Lekki Phase 2",Lekki Phase 2,Lekki,Enterprise,200000000.0
15bdrm Room & Parlour in Abule Egba for sale,150,Room & Parlour,15,2,Unfurnished,"Lagos State, Abule Egba",Abule Egba,Lagos State,False,40000000.0
4bdrm Duplex in Jahi Abuja for sale,2000,Duplex,4,5,Semi-Furnished,"Abuja (FCT), Jahi",Jahi,Abuja (FCT),Enterprise,350000000.0
"4bdrm Duplex in Gra, Ikota for sale",500,Duplex,4,4,Unfurnished,"Lekki, Ikota",Ikota,Lekki,False,165000000.0
"Furnished 14bdrm House in Glass House, Okokomaiko for sale",170,House,14,12,Furnished,"Ojo, Okokomaiko",Okokomaiko,Ojo,False,120000000.0
4bdrm Duplex in Lekki Phase 1 for sale,400,Duplex,4,4,Unfurnished,"Lekki, Lekki Phase 1",Lekki Phase 1,Lekki,Diamond,450000000.0
6bdrm Bungalow in Umuguma Owerri West for sale,465,Bungalow,6,6,Semi-Furnished,"Imo State, Owerri",Owerri,Imo State,Enterprise,50500000.0
4bdrm Bungalow in Karu-Nasarawa for sale,1000,Bungalow,4,5,Semi-Furnished,"Nasarawa State, Karu-Nasarawa",Karu-Nasarawa,Nasarawa State,False,100000000.0
"3bdrm Bungalow in Akuru, Ibadan for sale",450,Bungalow,3,3,Semi-Furnished,"Oyo State, Ibadan",Ibadan,Oyo State,False,85000000.0
"10bdrm House in Apata, Okitipupa for sale",850,House,10,5,Unfurnished,"Ondo State, Okitipupa",Okitipupa,Ondo State,False,25000000.0
3bdrm House in Lokogoma for sale,800,House,3,3,Semi-Furnished,"Abuja (FCT), Lokogoma",Lokogoma,Abuja (FCT),False,80000000.0
Furnished 5bdrm Bungalow in Benin City for sale,100,Bungalow,5,5,Furnished,"Edo State, Benin City",Benin City,Edo State,False,55000000.0
Furnished 4bdrm Duplex in Oba Akran for sale,400,Duplex,4,5,Furnished,"Ikeja, Oba Akran",Oba Akran,Ikeja,False,190000000.0
"4bdrm Room & Parlour in Unity Estate, Ado-Odo/Ota for sale",829,Room & Parlour,4,4,Semi-Furnished,"Ogun State, Ado-Odo/Ota",Ado-Odo/Ota,Ogun State,False,22000000.0
2bdrm Bungalow in Akinyele for sale,2500,Bungalow,2,3,Unfurnished,"Oyo State, Akinyele",Akinyele,Oyo State,False,13000000.0
3bdrm Bungalow in Apete Ibadan for sale,400,Bungalow,3,3,Unfurnished,"Oyo State, Ibadan",Ibadan,Oyo State,False,45000000.0
Furnished 5bdrm Duplex in In Secured Estate for sale,400,Duplex,5,6,Furnished,"Ajah, VGC / Ajah",VGC / Ajah,Ajah,Vip_Gold,480000000.0
"4bdrm Duplex in 08 Garden City, Ikwerre for sale",465,Duplex,4,5,Unfurnished,"Rivers State, Ikwerre",Ikwerre,Rivers State,Enterprise,145000000.0
2bdrm Apartment in GRA Phase 1 / Port-Harcourt for sale,500,Apartment,2,2,Unfurnished,"Port-Harcourt, GRA Phase 1 / Port-Harcourt",GRA Phase 1 / Port-Harcourt,Port-Harcourt,Enterprise,140000000.0
4bdrm Duplex in Dape for sale,920,Duplex,4,5,Unfurnished,"Gwarinpa, Dape",Dape,Gwarinpa,Enterprise,460000000.0
5bdrm Duplex in Jahi for sale,1000,Duplex,5,5,Unfurnished,"Abuja (FCT), Jahi",Jahi,Abuja (FCT),Enterprise,200000000.0
5bdrm Duplex in Dawaki News for sale,500,Duplex,5,5,Unfurnished,"Gwarinpa, Dawaki",Dawaki,Gwarinpa,Enterprise,80000000.0
5bdrm Duplex in Ikota for sale,460,Duplex,5,5,Unfurnished,"Lekki, Ikota",Ikota,Lekki,Diamond,550000000.0
6bdrm Maisonette in Navy Estate Karshi for Sale,1400,Maisonette,6,5,Semi-Furnished,"Abuja (FCT), Karshi",Karshi,Abuja (FCT),Enterprise,150000000.0
3bdrm Apartment in Ifako for sale,650,Apartment,3,3,Semi-Furnished,"Gbagada, Ifako-Gbagada",Ifako-Gbagada,Gbagada,Enterprise,160000000.0
3bdrm Apartment in Maryland Estate for sale,600,Apartment,3,3,Semi-Furnished,"Maryland, LSDPC Maryland Estate",LSDPC Maryland Estate,Maryland,Enterprise,250000000.0
"4bdrm Duplex in Millennium Estate, Millenuim/UPS for sale",230,Duplex,4,4,Semi-Furnished,"Gbagada, Millenuim/UPS",Millenuim/UPS,Gbagada,Enterprise,400000000.0
2bdrm Duplex in Ilupeju Industrial Estate for sale,825,Duplex,2,4,Semi-Furnished,"Ilupeju, Ilupeju Industrial Estate",Ilupeju Industrial Estate,Ilupeju,Enterprise,830000000.0
4bdrm Duplex in Ikota for sale,450,Duplex,4,4,Semi-Furnished,"Lekki, Ikota",Ikota,Lekki,Enterprise,180000000.0
Furnished 4bdrm Duplex in Chevron for sale,500,Duplex,4,4,Furnished,"Lekki, Chevron",Chevron,Lekki,Enterprise,365000000.0
4bdrm Duplex in Kado for sale,1900,Duplex,4,4,Semi-Furnished,"Abuja (FCT), Kado",Kado,Abuja (FCT),Enterprise,230000000.0
"5bdrm Duplex in Mini Estate, Katampe Extension for sale",1000,Duplex,5,5,Semi-Furnished,"Katampe, Katampe Extension",Katampe Extension,Katampe,Enterprise,250000000.0
"4bdrm Duplex in Gbagada, Millenuim/UPS for sale",220,Duplex,4,4,Semi-Furnished,"Gbagada, Millenuim/UPS",Millenuim/UPS,Gbagada,Enterprise,280000000.0
3bdrm Apartment in Magodo Gra Phase 2 for sale,650,Apartment,3,3,Semi-Furnished,"Magodo, GRA Phase 2 Shangisha",GRA Phase 2 Shangisha,Magodo,Enterprise,280000000.0
Furnished 3bdrm Bungalow in Gudu for sale,700,Bungalow,3,3,Furnished,"Abuja (FCT), Gudu",Gudu,Abuja (FCT),Enterprise,280000000.0
3bdrm Block of Flats in Jahi By Gilmor for sale,1000,Block of Flats,3,3,Unfurnished,"Abuja (FCT), Jahi",Jahi,Abuja (FCT),Enterprise,620000000.0
"Furnished 4bdrm Duplex in Residential, Maitama for sale",300,Duplex,4,4,Furnished,"Abuja (FCT), Maitama",Maitama,Abuja (FCT),Diamond,370000000.0
3bdrm Apartment in Maryland for sale,800,Apartment,3,3,Semi-Furnished,"Maryland, LSDPC Maryland Estate",LSDPC Maryland Estate,Maryland,Enterprise,280000000.0
3bdrm Block of Flats in Brains And Hammers for sale,300,Block of Flats,3,4,Unfurnished,"Gwarinpa, Life Camp",Life Camp,Gwarinpa,Enterprise,60000000.0
"4bdrm Duplex in Olowora, Magodo Isheri for sale",220,Duplex,4,4,Semi-Furnished,"Ojodu, Magodo Isheri",Magodo Isheri,Ojodu,Enterprise,270000000.0
3bdrm Apartment in Jahi Gilmor for sale,1500,Apartment,3,4,Semi-Furnished,"Abuja (FCT), Jahi",Jahi,Abuja (FCT),Enterprise,140000000.0
"2bdrm Block of Flats in Cpc Community, Dawaki for sale",550,Block of Flats,2,2,Semi-Furnished,"Gwarinpa, Dawaki",Dawaki,Gwarinpa,Enterprise,350000000.0
4bdrm Apartment in Ikeja Gra for sale,412,Apartment,4,4,Semi-Furnished,"Ikeja, Ikeja GRA",Ikeja GRA,Ikeja,Enterprise,550000000.0
"2bdrm Apartment in Yaba, Onike for sale",550,Apartment,2,2,Semi-Furnished,"Yaba, Onike",Onike,Yaba,Enterprise,150000000.0
2bdrm Block of Flats in Egbeda for sale,550,Block of Flats,2,2,Semi-Furnished,"Alimosho, Egbeda",Egbeda,Alimosho,Enterprise,220000000.0
3bdrm Apartment in Lekki Phase 2 for sale,250,Apartment,3,3,Semi-Furnished,"Lekki, Lekki Phase 2",Lekki Phase 2,Lekki,Enterprise,130000000.0
2bdrm Apartment in Alkab Luxury for sale,300,Apartment,2,3,Semi-Furnished,"Gwarinpa, Life Camp",Life Camp,Gwarinpa,Enterprise,100000000.0
4bdrm Duplex in Allen Avenue for sale,225,Duplex,4,4,Semi-Furnished,"Ikeja, Allen Avenue",Allen Avenue,Ikeja,Enterprise,420000000.0
4bdrm Duplex in Utako for sale,300,Duplex,4,4,Unfurnished,"Abuja (FCT), Utako",Utako,Abuja (FCT),Diamond,450000000.0
4bdrm Duplex in Ogba for sale,223,Duplex,4,4,Semi-Furnished,"Ogba, Ifako-Ogba",Ifako-Ogba,Ogba,Enterprise,230000000.0
5bdrm Duplex in Oregun for sale,258,Duplex,5,5,Semi-Furnished,"Ikeja, Oregun",Oregun,Ikeja,Enterprise,450000000.0
3bdrm Block of Flats in Secured Estate for sale,419,Block of Flats,3,3,Semi-Furnished,"Maryland, LSDPC Maryland Estate",LSDPC Maryland Estate,Maryland,Enterprise,650000000.0
"4bdrm Duplex in Royal Garden Estate, Off Lekki-Epe Expressway for sale",300,Duplex,4,4,Semi-Furnished,"Ajah, Off Lekki-Epe Expressway",Off Lekki-Epe Expressway,Ajah,Enterprise,450000000.0
"5bdrm Duplex in Bera Estate, Chevron for sale",500,Duplex,5,6,Semi-Furnished,"Lekki, Chevron",Chevron,Lekki,Enterprise,430000000.0
4bdrm Duplex in Galadimawa for sale,500,Duplex,4,4,Unfurnished,"Abuja (FCT), Galadimawa",Galadimawa,Abuja (FCT),Enterprise,350000000.0
2bdrm Apartment in Lekki Chevron Toll for sale,1000,Apartment,2,2,Semi-Furnished,"Lekki, Chevron",Chevron,Lekki,Enterprise,95000000.0
"3bdrm Apartment in Gbagada, Millenuim/UPS for sale",515,Apartment,3,3,Semi-Furnished,"Gbagada, Millenuim/UPS",Millenuim/UPS,Gbagada,Enterprise,170000000.0
"2bdrm Bungalow in South Point Estate, Lekki Phase 2 for sale",400,Bungalow,2,2,Semi-Furnished,"Lekki, Lekki Phase 2",Lekki Phase 2,Lekki,Enterprise,65000000.0
5bdrm Duplex in Lekki Phase 2 for sale,500,Duplex,5,5,Semi-Furnished,"Lekki, Lekki Phase 2",Lekki Phase 2,Lekki,Enterprise,350000000.0
"3bdrm House in On Muslim Bridge, Oluyole Estate for sale",900,House,3,3,Unfurnished,"Ibadan, Oluyole Estate",Oluyole Estate,Ibadan,False,22000000.0
3bdrm Duplex in Ilupeju Estate for sale,220,Duplex,3,3,Semi-Furnished,"Ilupeju, Ilupeju Industrial Estate",Ilupeju Industrial Estate,Ilupeju,Enterprise,300000000.0
3bdrm Block of Flats in Akoka for sale,600,Block of Flats,3,3,Semi-Furnished,"Yaba, Akoka",Akoka,Yaba,Enterprise,280000000.0
5bdrm Duplex in Opebi for sale,450,Duplex,5,5,Unfurnished,"Ikeja, Opebi",Opebi,Ikeja,Enterprise,750000000.0
"4bdrm Duplex in News Engineering, Dawaki for sale",1000,Duplex,4,5,Semi-Furnished,"Gwarinpa, Dawaki",Dawaki,Gwarinpa,Enterprise,60000000.0
3bdrm Apartment in Gbagada for sale,558,Apartment,3,3,Semi-Furnished,"Gbagada, Ifako-Gbagada",Ifako-Gbagada,Gbagada,Enterprise,100000000.0
"Furnished 5bdrm Duplex in Startimes Estate, Apple Junction for sale",465,Duplex,5,5,Furnished,"Amuwo-Odofin, Apple Junction",Apple Junction,Amuwo-Odofin,False,350000000.0
Furnished 3bdrm Block of Flats in Dakwo Community for sale,192,Block of Flats,3,3,Furnished,"Abuja (FCT), Lokogoma",Lokogoma,Abuja (FCT),False,13500000.0
5bdrm Bungalow in Ijede / Ikorodu for sale,648,Bungalow,5,5,Semi-Furnished,"Ikorodu, Ijede / Ikorodu",Ijede / Ikorodu,Ikorodu,Enterprise,40000000.0
4bdrm Duplex in Dawaki for sale,1900,Duplex,4,4,Semi-Furnished,"Gwarinpa, Dawaki",Dawaki,Gwarinpa,Enterprise,280000000.0
Furnished 3bdrm Block of Flats in Falola Ipaja Lagos for sale,600,Block of Flats,3,4,Furnished,"Ipaja, Ipaja / Ipaja",Ipaja / Ipaja,Ipaja,False,45000000.0
Furnished 3bdrm Duplex in Alagbado Lagos for sale,202,Duplex,3,3,Furnished,"Ifako-Ijaiye, Alagbado",Alagbado,Ifako-Ijaiye,False,45000000.0
5bdrm Duplex in Omole Phase1 for sale,249,Duplex,5,5,Semi-Furnished,"Ikeja, Omole Phase 1",Omole Phase 1,Ikeja,Enterprise,650000000.0
"3bdrm Duplex in Galilee Estate, Port-Harcourt for sale",465,Duplex,3,3,Unfurnished,"Rivers State, Port-Harcourt",Port-Harcourt,Rivers State,Enterprise,175000000.0
1bdrm Condo in Wuye for sale,60,Condo,1,2,Unfurnished,"Abuja (FCT), Wuye",Wuye,Abuja (FCT),Diamond,113000000.0
4bdrm Duplex in Opebi for sale,250,Duplex,4,4,Semi-Furnished,"Ikeja, Opebi",Opebi,Ikeja,Enterprise,550000000.0
Furnished 4bdrm Duplex in Lekki Phase 2 for sale,450,Duplex,4,4,Furnished,"Lekki, Lekki Phase 2",Lekki Phase 2,Lekki,Enterprise,190000000.0
2bdrm Block of Flats in Katampe (Main) for sale,250,Block of Flats,2,2,Unfurnished,"Katampe, Katampe (Main)",Katampe (Main),Katampe,Diamond,85000000.0
4bdrm Duplex in Gbagada Phase 2 for sale,255,Duplex,4,4,Semi-Furnished,"Gbagada, Phase 2",Phase 2,Gbagada,Enterprise,450000000.0
"4bdrm Duplex in River Valley Estate, Berger for sale",230,Duplex,4,4,Semi-Furnished,"Ojodu, Berger",Berger,Ojodu,Enterprise,245000000.0
4bdrm Duplex in Opebi for sale,220,Duplex,4,4,Semi-Furnished,"Ikeja, Opebi",Opebi,Ikeja,Enterprise,500000000.0
2bdrm Apartment in Victoria Island Extension for sale,25,Apartment,2,3,Semi-Furnished,"Victoria Island, Victoria Island Extension",Victoria Island Extension,Victoria Island,Enterprise,290000000.0
"Furnished 4bdrm Duplex in Shell Cooperative, Eneka for sale",465,Duplex,4,4,Furnished,"Port-Harcourt, Eneka",Eneka,Port-Harcourt,Enterprise,190000000.0
2bdrm Block of Flats in Magodo Gra Phase1 for sale,420,Block of Flats,2,2,Semi-Furnished,"Magodo, GRA Phase 1",GRA Phase 1,Magodo,Enterprise,350000000.0
7bdrm Duplex in Magodo Phase2 for sale,259,Duplex,7,7,Semi-Furnished,"Magodo, GRA Phase 2 Shangisha",GRA Phase 2 Shangisha,Magodo,Enterprise,750000000.0
"2bdrm Apartment in Off College Road, Ifako-Ogba for sale",650,Apartment,2,2,Semi-Furnished,"Ogba, Ifako-Ogba",Ifako-Ogba,Ogba,Enterprise,100000000.0
4bdrm Duplex in Medina for sale,500,Duplex,4,4,Semi-Furnished,"Gbagada, Medina",Medina,Gbagada,Enterprise,400000000.0
Furnished 1bdrm Apartment in Brains And Hammers for sale,250,Apartment,1,1,Furnished,"Gwarinpa, Life Camp",Life Camp,Gwarinpa,Enterprise,38000000.0
"Furnished 3bdrm Duplex in Agip Estate, Obio-Akpor for sale",255,Duplex,3,3,Furnished,"Rivers State, Obio-Akpor",Obio-Akpor,Rivers State,Enterprise,185000000.0
"Furnished 2bdrm Bungalow in Balofem Properties , Abeokuta North",1200,Bungalow,2,4,Furnished,"Ogun State, Abeokuta North",Abeokuta North,Ogun State,Diamond,25000000.0
"10bdrm Bungalow in Balofem Properties $, Abeokuta North for sale",700,Bungalow,10,5,Semi-Furnished,"Ogun State, Abeokuta North",Abeokuta North,Ogun State,Diamond,25000000.0
"4bdrm Bungalow in Balofem Properties &, Abeokuta North for sale",648,Bungalow,4,5,Unfurnished,"Ogun State, Abeokuta North",Abeokuta North,Ogun State,Diamond,10000000.0
"Furnished 6bdrm Block of Flats in Balofem Properties &, Abeokuta North",648,Block of Flats,6,5,Furnished,"Ogun State, Abeokuta North",Abeokuta North,Ogun State,Diamond,30000000.0
"10bdrm Bungalow in Balofem Properties &, Abeokuta North for sale",648,Bungalow,10,2,Unfurnished,"Ogun State, Abeokuta North",Abeokuta North,Ogun State,Diamond,40000000.0
"10bdrm Bungalow in Balofem Properties &, Abeokuta South for sale",648,Bungalow,10,11,Semi-Furnished,"Ogun State, Abeokuta South",Abeokuta South,Ogun State,Diamond,20000000.0
"Furnished 5bdrm Bungalow in Balofem Properties &, Abeokuta South",648,Bungalow,5,2,Furnished,"Ogun State, Abeokuta South",Abeokuta South,Ogun State,Diamond,18000000.0
"4bdrm Bungalow in Balofem Properties &, Abeokuta North for sale",648,Bungalow,4,2,Unfurnished,"Ogun State, Abeokuta North",Abeokuta North,Ogun State,Diamond,10000000.0
"Furnished 20bdrm House in Balofem Properties &, Abeokuta North",1200,House,20,16,Furnished,"Ogun State, Abeokuta North",Abeokuta North,Ogun State,Diamond,50000000.0
5bdrm Duplex in Magodo Gra Phase1 for sale,315,Duplex,5,5,Semi-Furnished,"Magodo, GRA Phase 1",GRA Phase 1,Magodo,Enterprise,700000000.0
Furnished 4bdrm Duplex in Guzape District for sale,600,Duplex,4,4,Furnished,"Abuja (FCT), Guzape District",Guzape District,Abuja (FCT),Premium,850000000.0
15bdrm Block of Flats in Alagbado Lagos State for sale,648,Block of Flats,15,17,Semi-Furnished,"Ifako-Ijaiye, Alagbado",Alagbado,Ifako-Ijaiye,False,150000000.0
"3bdrm Bungalow in Ibeju Lekki Aiyetoro, Aiyeteju for sale",350,Bungalow,3,3,Semi-Furnished,"Ibeju, Aiyeteju",Aiyeteju,Ibeju,Enterprise,90000000.0
5bdrm Duplex in Opebi for sale,300,Duplex,5,5,Semi-Furnished,"Ikeja, Opebi",Opebi,Ikeja,Enterprise,700000000.0
1bdrm Block of Flats in Rind Road for sale,600,Block of Flats,1,1,Unfurnished,"Ibadan, Rind Road",Rind Road,Ibadan,Enterprise,60000000.0
"3bdrm Block of Flats in Balofem Properties &, Obafemi-Owode for sale",300,Block of Flats,3,3,Unfurnished,"Ogun State, Obafemi-Owode",Obafemi-Owode,Ogun State,Diamond,35000000.0
"5bdrm Duplex in Police Service, Idu for sale",1200,Duplex,5,5,Unfurnished,"Jiwa, Idu",Idu,Jiwa,Enterprise,120000000.0
5bdrm Duplex in Guzape for sale,1000,Duplex,5,5,Semi-Furnished,"Abuja (FCT), Guzape District",Guzape District,Abuja (FCT),Enterprise,750000000.0
Furnished 4bdrm Duplex in Abiola Farm Estate for sale,400,Duplex,4,5,Furnished,"Ipaja, Ayobo",Ayobo,Ipaja,False,185000000.0
4bdrm Duplex in Yaba for sale,210,Duplex,4,4,Semi-Furnished,"Yaba, Sabo / Yaba",Sabo / Yaba,Yaba,Enterprise,290000000.0
3bdrm Apartment in Off Toyin for sale,650,Apartment,3,3,Semi-Furnished,"Ikeja, Toyin Street",Toyin Street,Ikeja,Enterprise,210000000.0
3bdrm Block of Flats in Omole Phase 2 for sale,428,Block of Flats,3,3,Semi-Furnished,"Ikeja, Omole Phase 2",Omole Phase 2,Ikeja,Enterprise,500000000.0
"10bdrm Block of Flats in Balofem Properties &, Abeokuta South for sale",648,Block of Flats,10,10,Semi-Furnished,"Ogun State, Abeokuta South",Abeokuta South,Ogun State,Diamond,80000000.0
5bdrm Duplex in Ikeja Gra for sale,220,Duplex,5,5,Semi-Furnished,"Ikeja, Ikeja GRA",Ikeja GRA,Ikeja,Enterprise,950000000.0
"Furnished 6bdrm House in Balofem Properties &, Abeokuta South for sale",150,House,6,6,Furnished,"Ogun State, Abeokuta South",Abeokuta South,Ogun State,Diamond,50000000.0
"Furnished 4bdrm House in Balofem Properties &, Abeokuta South for sale",1000,House,4,5,Furnished,"Ogun State, Abeokuta South",Abeokuta South,Ogun State,Diamond,120000000.0
4bdrm Duplex in Opebi for sale,225,Duplex,4,4,Semi-Furnished,"Ikeja, Opebi",Opebi,Ikeja,Enterprise,450000000.0
"Furnished 18bdrm Block of Flats in Balofem Properties &, Abeokuta South",700,Block of Flats,18,12,Furnished,"Ogun State, Abeokuta South",Abeokuta South,Ogun State,Diamond,70000000.0
"Furnished 6bdrm Block of Flats in Balofem Properties &, Abeokuta South",200,Block of Flats,6,6,Furnished,"Ogun State, Abeokuta South",Abeokuta South,Ogun State,Diamond,50000000.0
"Furnished 5bdrm Duplex in Balofem Properties &, Abeokuta South for sale",1000,Duplex,5,5,Furnished,"Ogun State, Abeokuta South",Abeokuta South,Ogun State,Diamond,150000000.0
3bdrm Duplex in Gbagada Phase1 for sale,225,Duplex,3,3,Semi-Furnished,"Gbagada, Phase 1 / Gbagada",Phase 1 / Gbagada,Gbagada,Enterprise,400000000.0
3bdrm Apartment in Ikeja Gra for sale,850,Apartment,3,3,Semi-Furnished,"Ikeja, Ikeja GRA",Ikeja GRA,Ikeja,Enterprise,330000000.0
"3bdrm Apartment in Ikeja, Adeniyi Jones for sale",650,Apartment,3,3,Semi-Furnished,"Ikeja, Adeniyi Jones",Adeniyi Jones,Ikeja,Enterprise,300000000.0
3bdrm Block of Flats in Mabushi for sale,350,Block of Flats,3,3,Unfurnished,"Abuja (FCT), Mabushi",Mabushi,Abuja (FCT),Diamond,180000000.0
"4bdrm Duplex in Magodo Phas1, GRA Phase 1 for sale",220,Duplex,4,4,Semi-Furnished,"Magodo, GRA Phase 1",GRA Phase 1,Magodo,Enterprise,280000000.0
4bdrm Duplex in Magodo Gra Phase2 for sale,228,Duplex,4,4,Semi-Furnished,"Magodo, GRA Phase 2 Shangisha",GRA Phase 2 Shangisha,Magodo,Enterprise,550000000.0
3bdrm Bungalow in Shimawa for sale,648,Bungalow,3,3,Unfurnished,"Sagamu, Shimawa",Shimawa,Sagamu,Enterprise,7000000.0
"4bdrm Duplex in Ocean Bay, Lekki Phase 2 for sale",500,Duplex,4,4,Semi-Furnished,"Lekki, Lekki Phase 2",Lekki Phase 2,Lekki,Enterprise,170000000.0
3bdrm Block of Flats in Bariga for sale,600,Block of Flats,3,2,Semi-Furnished,"Shomolu, Bariga / Shomolu",Bariga / Shomolu,Shomolu,Enterprise,170000000.0
5bdrm Duplex in Ikota for sale,320,Duplex,5,5,Semi-Furnished,"Lekki, Ikota",Ikota,Lekki,Enterprise,350000000.0
11bdrm Block of Flats in Ikorodu Garage for sale,648,Block of Flats,11,11,Semi-Furnished,"Ikorodu, Ikorodu Garage",Ikorodu Garage,Ikorodu,Enterprise,170000000.0
4bdrm Duplex in GRA Phase 1 for sale,600,Duplex,4,4,Semi-Furnished,"Magodo, GRA Phase 1",GRA Phase 1,Magodo,Enterprise,450000000.0
Furnished 4bdrm Bungalow in Oluwalogbon Ayobo for sale,350,Bungalow,4,5,Furnished,"Ipaja, Ayobo",Ayobo,Ipaja,False,60000000.0
5bdrm Duplex in Magodo Phase 2 for sale,258,Duplex,5,5,Semi-Furnished,"Magodo, GRA Phase 2 Shangisha",GRA Phase 2 Shangisha,Magodo,Enterprise,450000000.0
5bdrm Duplex in Omole Phase2 for sale,250,Duplex,5,5,Semi-Furnished,"Ikeja, Omole Phase 2",Omole Phase 2,Ikeja,Enterprise,580000000.0
Furnished 2bdrm Duplex in Obio-Akpor for sale,465,Duplex,2,2,Furnished,"Rivers State, Obio-Akpor",Obio-Akpor,Rivers State,Enterprise,85000000.0
Furnished 3bdrm Bungalow in Apex Alagbado Lagos for sale,500,Bungalow,3,4,Furnished,"Ifako-Ijaiye, Alagbado",Alagbado,Ifako-Ijaiye,False,20000000.0
"2bdrm Block of Flats in Abuja Property, Karsana for sale",250,Block of Flats,2,2,Semi-Furnished,"Gwagwa, Karsana",Karsana,Gwagwa,False,49000000.0
"3bdrm Apartment in Crystal Apartments, Kado for sale",2000,Apartment,3,4,Semi-Furnished,"Abuja (FCT), Kado",Kado,Abuja (FCT),Enterprise,140000000.0
"3bdrm Bungalow in Signature Hotel, Festac for sale",486,Bungalow,3,3,Semi-Furnished,"Amuwo-Odofin, Festac",Festac,Amuwo-Odofin,False,60000000.0
5bdrm Duplex in Lekki Phase1 for sale,300,Duplex,5,5,Semi-Furnished,"Lekki, Lekki Phase 1",Lekki Phase 1,Lekki,Enterprise,750000000.0
20bdrm Block of Flats in Baruwa Ipaja for sale,500,Block of Flats,20,20,Semi-Furnished,"Ipaja, Baruwa",Baruwa,Ipaja,False,90000000.0
"5bdrm Duplex in Lenzo Pacific, Pyakasa for sale",300,Duplex,5,4,Unfurnished,"Abuja (FCT), Pyakasa",Pyakasa,Abuja (FCT),Diamond,120000000.0
"4bdrm Duplex in Millennium, Millenuim/UPS for sale",295,Duplex,4,4,Semi-Furnished,"Gbagada, Millenuim/UPS",Millenuim/UPS,Gbagada,Enterprise,320000000.0
3bdrm Block of Flats in Allen for sale,600,Block of Flats,3,3,Unfurnished,"Ikeja, Allen Avenue",Allen Avenue,Ikeja,Enterprise,380000000.0
2bdrm Apartment in Chevron for sale,600,Apartment,2,2,Semi-Furnished,"Lekki, Chevron",Chevron,Lekki,Enterprise,180000000.0
4bdrm Block of Flats in Ilupeju Estate for sale,467,Block of Flats,4,4,Semi-Furnished,"Ilupeju, Ilupeju Industrial Estate",Ilupeju Industrial Estate,Ilupeju,Enterprise,500000000.0
2bdrm Apartment in Lekki Phase 2 for sale,200,Apartment,2,3,Semi-Furnished,"Lekki, Lekki Phase 2",Lekki Phase 2,Lekki,Enterprise,100000000.0
5bdrm Duplex in Ikota for sale,325,Duplex,5,5,Semi-Furnished,"Lekki, Ikota",Ikota,Lekki,Enterprise,500000000.0
2bdrm Block of Flats in Ilupeju for sale,600,Block of Flats,2,2,Semi-Furnished,"Ilupeju, Ilupeju Industrial Estate",Ilupeju Industrial Estate,Ilupeju,Enterprise,850000000.0
3bdrm Duplex in Ikota for sale,220,Duplex,3,3,Semi-Furnished,"Lekki, Ikota",Ikota,Lekki,Enterprise,150000000.0
2bdrm Apartment in Fadeyi for sale,600,Apartment,2,2,Semi-Furnished,"Shomolu, Fadeyi",Fadeyi,Shomolu,Enterprise,90000000.0
"Furnished 4bdrm Duplex in Inside An, Abule Egba for sale",600,Duplex,4,4,Furnished,"Lagos State, Abule Egba",Abule Egba,Lagos State,Enterprise,180000000.0
2bdrm Apartment in Lekki Phase 1 for sale,200,Apartment,2,3,Semi-Furnished,"Lekki, Lekki Phase 1",Lekki Phase 1,Lekki,Enterprise,280000000.0
"3bdrm Block of Flats in Off 69 Road, Gwarinpa for sale",1000,Block of Flats,3,4,Semi-Furnished,"Abuja (FCT), Gwarinpa",Gwarinpa,Abuja (FCT),Enterprise,330000000.0
"5bdrm Duplex in Fairholme Gardens, Karsana for sale",500,Duplex,5,5,Semi-Furnished,"Gwagwa, Karsana",Karsana,Gwagwa,Diamond,270000000.0
5bdrm Duplex in Orchid Lekki Lagos for sale,1000,Duplex,5,5,Unfurnished,"Lekki, Lekki Expressway",Lekki Expressway,Lekki,Enterprise,450000000.0
"2bdrm Block of Flats in Brains And Hammers, Life Camp for sale",1000,Block of Flats,2,2,Unfurnished,"Gwarinpa, Life Camp",Life Camp,Gwarinpa,Enterprise,70000000.0
2bdrm Apartment in Crown Estate for sale,250,Apartment,2,2,Semi-Furnished,"Ajah, Crown Estate",Crown Estate,Ajah,Enterprise,75000000.0
Furnished 3bdrm Mansion in Ado-Odo/Ota for sale,120,Mansion,3,3,Furnished,"Ogun State, Ado-Odo/Ota",Ado-Odo/Ota,Ogun State,False,260000000.0
3bdrm Apartment in Jahi Gmor for sale,1000,Apartment,3,4,Unfurnished,"Abuja (FCT), Jahi",Jahi,Abuja (FCT),Enterprise,500000000.0
"Furnished 3bdrm Block of Flats in Duslam Court, Abule Egba for sale",300,Block of Flats,3,2,Furnished,"Lagos State, Abule Egba",Abule Egba,Lagos State,False,95000000.0
3bdrm Bungalow in Asbestos Area Before for sale,350,Bungalow,3,4,Semi-Furnished,"Ipaja, Ayobo",Ayobo,Ipaja,False,13000000.0
"4bdrm Duplex in Maryland, Mende for sale",220,Duplex,4,4,Semi-Furnished,"Maryland, Mende",Mende,Maryland,Enterprise,370000000.0
4bdrm Duplex in Magodo Gra Phase 1 for sale,240,Duplex,4,4,Semi-Furnished,"Magodo, GRA Phase 1",GRA Phase 1,Magodo,Enterprise,320000000.0
Furnished 4bdrm Duplex in Amadi-Ama for sale,465,Duplex,4,4,Furnished,"Port-Harcourt, Amadi-Ama",Amadi-Ama,Port-Harcourt,Enterprise,380000000.0
"3bdrm Block of Flats in Surulere, Ijesha for sale",612,Block of Flats,3,3,Semi-Furnished,"Surulere, Ijesha",Ijesha,Surulere,Enterprise,580000000.0
4bdrm Duplex in Jahi for sale,500,Duplex,4,5,Unfurnished,"Abuja (FCT), Jahi",Jahi,Abuja (FCT),Enterprise,125000000.0
2bdrm Block of Flats in Dawaki By News for sale,1000,Block of Flats,2,2,Unfurnished,"Gwarinpa, Dawaki",Dawaki,Gwarinpa,Enterprise,220000000.0
2bdrm Maisonette in Lekki Phase 1 for sale,1000,Maisonette,2,2,Unfurnished,"Lekki, Lekki Phase 1",Lekki Phase 1,Lekki,Enterprise,400000000.0
"4bdrm Duplex in Ochacho Estate, Life Camp for sale",250,Duplex,4,4,Unfurnished,"Gwarinpa, Life Camp",Life Camp,Gwarinpa,Diamond,190000000.0
"8bdrm Block of Flats in Frank Obi, Ayobo for sale",668,Block of Flats,8,6,Unfurnished,"Ipaja, Ayobo",Ayobo,Ipaja,False,75000000.0
2bdrm Apartment in Lekki Phase 1 for sale,1000,Apartment,2,2,Unfurnished,"Lekki, Lekki Phase 1",Lekki Phase 1,Lekki,Enterprise,400000000.0
"4bdrm Duplex in Olowora, Magodo Isheri for sale",225,Duplex,4,4,Semi-Furnished,"Ojodu, Magodo Isheri",Magodo Isheri,Ojodu,Enterprise,180000000.0
5bdrm Duplex in Ogudu Gra for sale,225,Duplex,5,5,Semi-Furnished,"Ogudu, Ogudu GRA",Ogudu GRA,Ogudu,Enterprise,600000000.0
3bdrm Apartment in Katampe Extension for sale,2000,Apartment,3,4,Semi-Furnished,"Katampe, Katampe Extension",Katampe Extension,Katampe,Enterprise,120000000.0
3bdrm Apartment in Jahi for sale,1500,Apartment,3,4,Semi-Furnished,"Abuja (FCT), Jahi",Jahi,Abuja (FCT),Enterprise,120000000.0
"4bdrm Bungalow in Ifesowapo Estate,, Alakia for sale",685,Bungalow,4,3,Unfurnished,"Ibadan, Alakia",Alakia,Ibadan,Enterprise,39500000.0
"4bdrm Duplex in Yaba, Tejuosho for sale",220,Duplex,4,4,Semi-Furnished,"Yaba, Tejuosho",Tejuosho,Yaba,Enterprise,220000000.0
4bdrm Duplex in Ilupeju Estate for sale,258,Duplex,4,4,Semi-Furnished,"Ilupeju, Ilupeju Industrial Estate",Ilupeju Industrial Estate,Ilupeju,Enterprise,400000000.0
4bdrm Bungalow in Eleko for sale,300,Bungalow,4,4,Unfurnished,"Ibeju, Eleko",Eleko,Ibeju,Premium,70000000.0
"Furnished 8bdrm Block of Flats in Ikola Lagos State, Ipaja / Ipaja",600,Block of Flats,8,20,Furnished,"Ipaja, Ipaja / Ipaja",Ipaja / Ipaja,Ipaja,False,170000000.0
"Furnished 4bdrm Duplex in Military Estate, Ibadan for sale",808,Duplex,4,5,Furnished,"Oyo State, Ibadan",Ibadan,Oyo State,False,350000000.0
2bdrm Block of Flats in Ilupeju Estate for sale,630,Block of Flats,2,2,Semi-Furnished,"Ilupeju, Ilupeju Industrial Estate",Ilupeju Industrial Estate,Ilupeju,Enterprise,700000000.0
5bdrm Duplex in Secured Estate for sale,300,Duplex,5,6,Semi-Furnished,"Egbe/Idimu, Isheri / Egbe Idimu",Isheri / Egbe Idimu,Egbe/Idimu,Enterprise,180000000.0
4bdrm Duplex in Ilupeju Estate for sale,245,Duplex,4,4,Semi-Furnished,"Ilupeju, Ilupeju Industrial Estate",Ilupeju Industrial Estate,Ilupeju,Enterprise,450000000.0
5bdrm Duplex in Isokan Estate Agric for sale,600,Duplex,5,5,Semi-Furnished,"Ikorodu, Agric",Agric,Ikorodu,Enterprise,160000000.0
5bdrm Duplex in Ogudu Gra for sale,250,Duplex,5,5,Semi-Furnished,"Ogudu, Ogudu GRA",Ogudu GRA,Ogudu,Enterprise,530000000.0
2bdrm Apartment in Ogba Gra for sale,650,Apartment,2,2,Semi-Furnished,"Ogba, Ogba GRA",Ogba GRA,Ogba,Enterprise,160000000.0
"4bdrm Duplex in Orchid Estate, Lekki Phase 1 for sale",600,Duplex,4,4,Unfurnished,"Lekki, Lekki Phase 1",Lekki Phase 1,Lekki,Enterprise,145000000.0
2bdrm Block of Flats in Ikotun for sale,550,Block of Flats,2,2,Semi-Furnished,"Ikotun/Igando, Ikotun / Ikotun/Igando",Ikotun / Ikotun/Igando,Ikotun/Igando,Enterprise,390000000.0
3bdrm Block of Flats in Allen for sale,460,Block of Flats,3,3,Semi-Furnished,"Ikeja, Allen Avenue",Allen Avenue,Ikeja,Enterprise,500000000.0
"3bdrm Apartment in Gbagada, Pedro for sale",600,Apartment,3,3,Semi-Furnished,"Gbagada, Pedro",Pedro,Gbagada,Enterprise,170000000.0
"3bdrm Bungalow in Blue View Garden, Agbado for sale",500,Bungalow,3,3,Unfurnished,"Ifako-Ijaiye, Agbado",Agbado,Ifako-Ijaiye,False,60000000.0
4bdrm Bungalow in Ikorodu for sale,60,Bungalow,4,4,Semi-Furnished,"Lagos State, Ikorodu",Ikorodu,Lagos State,False,48000000.0
4bdrm Maisonette in Ilupeju Estate for sale,680,Maisonette,4,4,Semi-Furnished,"Ilupeju, Ilupeju Industrial Estate",Ilupeju Industrial Estate,Ilupeju,Enterprise,280000000.0
"3bdrm Bungalow in Queens Park Estate, Obafemi-Owode for sale",250,Bungalow,3,3,Unfurnished,"Ogun State, Obafemi-Owode",Obafemi-Owode,Ogun State,False,42500000.0
4bdrm Duplex in Harris Drive By Vgc for sale,1000,Duplex,4,4,Unfurnished,"Ajah, VGC / Ajah",VGC / Ajah,Ajah,Enterprise,200000000.0
"1bdrm House in Freedom Avenue, Dutse-Alhaji for sale",150,House,1,1,Semi-Furnished,"Abuja (FCT), Dutse-Alhaji",Dutse-Alhaji,Abuja (FCT),False,16000000.0
"3bdrm Bungalow in Happy Home Estate, Ayetoro for sale",648,Bungalow,3,3,Unfurnished,"Ogun State, Ayetoro",Ayetoro,Ogun State,False,17000000.0
3bdrm Block of Flats in Ayobo for sale,600,Block of Flats,3,3,Unfurnished,"Ipaja, Ayobo",Ayobo,Ipaja,Enterprise,50000000.0
4bdrm Duplex in Maryland Estate for sale,500,Duplex,4,4,Unfurnished,"Maryland, LSDPC Maryland Estate",LSDPC Maryland Estate,Maryland,Enterprise,550000000.0
4bdrm Duplex in Adeniyi Estate for sale,500,Duplex,4,4,Unfurnished,"Maryland, LSDPC Maryland Estate",LSDPC Maryland Estate,Maryland,Enterprise,450000000.0
4bdrm Duplex in Maryland for sale,500,Duplex,4,4,Semi-Furnished,"Maryland, LSDPC Maryland Estate",LSDPC Maryland Estate,Maryland,Enterprise,380000000.0
3bdrm Apartment in Ikeja GRA for sale,500,Apartment,3,3,Semi-Furnished,"Ikeja, Ikeja GRA",Ikeja GRA,Ikeja,Enterprise,600000000.0
"Furnished 7bdrm Duplex in Gowon Estate,, Egbeda for sale",500,Duplex,7,7,Furnished,"Alimosho, Egbeda",Egbeda,Alimosho,Enterprise,400000000.0
"Furnished 5bdrm Duplex in Gowon Estate Egbeda, for sale",400,Duplex,5,5,Furnished,"Alimosho, Egbeda",Egbeda,Alimosho,Enterprise,260000000.0
3bdrm Bungalow in Isheri / Egbe Idimu for sale,400,Bungalow,3,3,Semi-Furnished,"Egbe/Idimu, Isheri / Egbe Idimu",Isheri / Egbe Idimu,Egbe/Idimu,Enterprise,85000000.0
"Furnished 5bdrm Duplex in Amazing Grace Estate, New Oko Oba for sale",400,Duplex,5,5,Furnished,"Agege, New Oko Oba",New Oko Oba,Agege,False,320000000.0
"Furnished 6bdrm Duplex in Gowon Estate, Egbeda / Egbeda for sale",500,Duplex,6,6,Furnished,"Egbeda, Egbeda / Egbeda",Egbeda / Egbeda,Egbeda,Enterprise,550000000.0
"3bdrm Block of Flats in Unity Estate, Egbeda for sale",660,Block of Flats,3,3,Semi-Furnished,"Alimosho, Egbeda",Egbeda,Alimosho,Enterprise,185000000.0
"4bdrm Duplex in Gowon Estate Egbeda, for sale",300,Duplex,4,4,Unfurnished,"Egbeda, Egbeda / Egbeda",Egbeda / Egbeda,Egbeda,Enterprise,160000000.0
"3bdrm Block of Flats in Governors Road, Egbeda / Egbeda for sale",650,Block of Flats,3,3,Semi-Furnished,"Egbeda, Egbeda / Egbeda",Egbeda / Egbeda,Egbeda,Enterprise,110000000.0
"Furnished 4bdrm Duplex in Kay Farm  Estate, for sale",400,Duplex,4,4,Furnished,"Ogba, Ifako-Ogba",Ifako-Ogba,Ogba,Enterprise,260000000.0
"Furnished 3bdrm Bungalow in Diamond Estate,, Isheri / Egbe Idimu",400,Bungalow,3,3,Furnished,"Egbe/Idimu, Isheri / Egbe Idimu",Isheri / Egbe Idimu,Egbe/Idimu,Enterprise,95000000.0
6bdrm Block of Flats in Baruwa for sale,600,Block of Flats,6,6,Unfurnished,"Ipaja, Baruwa",Baruwa,Ipaja,Enterprise,100000000.0
"6bdrm Block of Flats in Unity Es, Egbeda / Egbeda for sale",900,Block of Flats,6,6,Unfurnished,"Egbeda, Egbeda / Egbeda",Egbeda / Egbeda,Egbeda,Enterprise,250000000.0
6bdrm Duplex in Ipaja / Ipaja for sale,600,Duplex,6,6,Unfurnished,"Ipaja, Ipaja / Ipaja",Ipaja / Ipaja,Ipaja,Enterprise,130000000.0
4bdrm Bungalow in Ado Otta for sale,900,Bungalow,4,4,Unfurnished,"Ogun State, Ado-Odo/Ota",Ado-Odo/Ota,Ogun State,Enterprise,17000000.0
4bdrm Block of Flats in Olorunshola Ayobo for sale,668,Block of Flats,4,4,Unfurnished,"Ipaja, Ayobo",Ayobo,Ipaja,False,30000000.0
5bdrm Duplex in Ikotun / Ikotun/Igando for sale,600,Duplex,5,5,Unfurnished,"Ikotun/Igando, Ikotun / Ikotun/Igando",Ikotun / Ikotun/Igando,Ikotun/Igando,Enterprise,150000000.0
6bdrm Block of Flats in Ipaja / Ipaja for sale,1200,Block of Flats,6,6,Unfurnished,"Ipaja, Ipaja / Ipaja",Ipaja / Ipaja,Ipaja,Enterprise,300000000.0
4bdrm Block of Flats in Ipaja / Ipaja for sale,600,Block of Flats,4,4,Unfurnished,"Ipaja, Ipaja / Ipaja",Ipaja / Ipaja,Ipaja,Enterprise,130000000.0
"2bdrm House in Olopometa, Apata for sale",500,House,2,3,Unfurnished,"Ibadan, Apata",Apata,Ibadan,False,38000000.0
"9bdrm Duplex in Green Land Estate, Iseri Olofin for sale",1220,Duplex,9,9,Semi-Furnished,"Alimosho, Iseri Olofin",Iseri Olofin,Alimosho,Enterprise,220000000.0
"6bdrm Duplex in Unity Estate, Egbeda for sale",600,Duplex,6,6,Semi-Furnished,"Alimosho, Egbeda",Egbeda,Alimosho,Enterprise,200000000.0
Furnished 5bdrm Duplex in Estate Beside for sale,330,Duplex,5,5,Furnished,"Ipaja, Ayobo",Ayobo,Ipaja,Enterprise,165000000.0
"5bdrm Duplex in Pennisula Garden, Sangotedo for sale",500,Duplex,5,6,Semi-Furnished,"Ajah, Sangotedo",Sangotedo,Ajah,False,350000000.0
4bdrm Duplex in Adeniyi Jones Axis for sale,400,Duplex,4,4,Unfurnished,"Ikeja, Adeniyi Jones",Adeniyi Jones,Ikeja,Enterprise,430000000.0
"3bdrm Bungalow in Estate In Mowe Axis, Shimawa for sale",300,Bungalow,3,3,Unfurnished,"Sagamu, Shimawa",Shimawa,Sagamu,Enterprise,65000000.0
12bdrm Block of Flats in Baruwa for sale,600,Block of Flats,12,12,Unfurnished,"Ipaja, Baruwa",Baruwa,Ipaja,Enterprise,150000000.0
"8bdrm Block of Flats in Peace Estate, Baruwa for sale",600,Block of Flats,8,8,Unfurnished,"Ipaja, Baruwa",Baruwa,Ipaja,Enterprise,165000000.0
20bdrm Mansion in Baruwa for sale,900,Mansion,20,20,Unfurnished,"Ipaja, Baruwa",Baruwa,Ipaja,Enterprise,500000000.0
4bdrm Duplex in Abesan Estate for sale,600,Duplex,4,4,Semi-Furnished,"Ipaja, Abesan",Abesan,Ipaja,Enterprise,145000000.0
"4bdrm Duplex in Gowon Estate, Egbeda for sale",500,Duplex,4,4,Semi-Furnished,"Alimosho, Egbeda",Egbeda,Alimosho,Enterprise,250000000.0
"4bdrm Block of Flats in Unity Estate, Egbeda for sale",600,Block of Flats,4,4,Unfurnished,"Alimosho, Egbeda",Egbeda,Alimosho,Enterprise,250000000.0
"12bdrm Block of Flats in Abiola Farm Estate, Ayobo for sale",600,Block of Flats,12,12,Unfurnished,"Ipaja, Ayobo",Ayobo,Ipaja,Enterprise,130000000.0
"4bdrm Duplex in Sparlite Estate, Mangoro for sale",500,Duplex,4,4,Semi-Furnished,"Ikeja, Mangoro",Mangoro,Ikeja,Enterprise,80000000.0
"4bdrm Duplex in Royal Castle Estate, Cement for sale",300,Duplex,4,5,Unfurnished,"Agege, Cement",Cement,Agege,Enterprise,300000000.0
5bdrm Duplex in Warri Delta State for sale,900,Duplex,5,6,Unfurnished,"Delta State, Warri",Warri,Delta State,Enterprise,260000000.0
4bdrm Block of Flats in Ijegun for sale,600,Block of Flats,4,4,Unfurnished,"Ikotun/Igando, Ijegun",Ijegun,Ikotun/Igando,Enterprise,110000000.0
5bdrm Duplex in Ayobo for sale,600,Duplex,5,5,Unfurnished,"Ipaja, Ayobo",Ayobo,Ipaja,Enterprise,130000000.0
5bdrm Duplex in Magodo Gra for sale,500,Duplex,5,5,Unfurnished,"Magodo, GRA Phase 1",GRA Phase 1,Magodo,Enterprise,280000000.0
3bdrm Block of Flats in Baruwa Ipaja for sale,775,Block of Flats,3,3,Unfurnished,"Ipaja, Ipaja Road",Ipaja Road,Ipaja,Enterprise,110000000.0
6bdrm Block of Flats in Silver Estate Idimu for sale,650,Block of Flats,6,3,Semi-Furnished,"Egbe/Idimu, Idimu",Idimu,Egbe/Idimu,Enterprise,180000000.0
5bdrm Duplex in Orchid Lekki Lagos for sale,1000,Duplex,5,5,Unfurnished,"Lekki, Lekki Expressway",Lekki Expressway,Lekki,Enterprise,370000000.0
5bdrm Duplex in Ayobo Ipaja for sale,600,Duplex,5,5,Semi-Furnished,"Ipaja, Ayobo",Ayobo,Ipaja,Enterprise,120000000.0
"4bdrm Block of Flats in Gemade Estate, Egbeda for sale",600,Block of Flats,4,4,Semi-Furnished,"Alimosho, Egbeda",Egbeda,Alimosho,Enterprise,340000000.0
4bdrm Duplex in Guzape By Fha Abuja for sale,400,Duplex,4,5,Semi-Furnished,"Abuja (FCT), Guzape District",Guzape District,Abuja (FCT),Enterprise,500000000.0
4bdrm Block of Flats in Benin City for sale,600,Block of Flats,4,4,Unfurnished,"Edo State, Benin City",Benin City,Edo State,Enterprise,95000000.0
"7bdrm Duplex in Peace Estate, Baruwa for sale",600,Duplex,7,7,Unfurnished,"Ipaja, Baruwa",Baruwa,Ipaja,Enterprise,180000000.0
5bdrm Duplex in Gra Ikeja for sale,500,Duplex,5,5,Unfurnished,"Ikeja, Ikeja GRA",Ikeja GRA,Ikeja,Enterprise,700000000.0
4bdrm Block of Flats in Gowon Estate Egbeda for sale,900,Block of Flats,4,4,Unfurnished,"Alimosho, Egbeda",Egbeda,Alimosho,Enterprise,150000000.0
5bdrm Duplex in Ikotun for sale,300,Duplex,5,5,Unfurnished,"Ikotun/Igando, Ikotun / Ikotun/Igando",Ikotun / Ikotun/Igando,Ikotun/Igando,Enterprise,140000000.0
6bdrm Duplex in Omole Phase 1 for sale,600,Duplex,6,6,Unfurnished,"Ikeja, Omole Phase 1",Omole Phase 1,Ikeja,Enterprise,700000000.0
4bdrm Block of Flats in Idimu for sale,600,Block of Flats,4,4,Unfurnished,"Egbe/Idimu, Idimu",Idimu,Egbe/Idimu,Enterprise,140000000.0
"3bdrm Bungalow in Diamond Estate, Idimu for sale",600,Bungalow,3,3,Unfurnished,"Egbe/Idimu, Idimu",Idimu,Egbe/Idimu,Enterprise,120000000.0
5bdrm Duplex in Ikeja for sale,500,Duplex,5,5,Unfurnished,"Ikeja, Ikeja GRA",Ikeja GRA,Ikeja,Enterprise,350000000.0
5bdrm Duplex in Baruwa for sale,600,Duplex,5,5,Unfurnished,"Ipaja, Baruwa",Baruwa,Ipaja,Enterprise,135000000.0
4bdrm Block of Flats in Progress  Estate for sale,250,Block of Flats,4,4,Semi-Furnished,"Ipaja, Baruwa",Baruwa,Ipaja,Enterprise,70000000.0
4bdrm Block of Flats in Ijegun Ikotun for sale,650,Block of Flats,4,3,Semi-Furnished,"Ikotun/Igando, Ijegun",Ijegun,Ikotun/Igando,Enterprise,150000000.0
"2bdrm Block of Flats in Isolo, Ago Palace for sale",300,Block of Flats,2,2,Unfurnished,"Isolo, Ago Palace",Ago Palace,Isolo,Enterprise,140000000.0
"6bdrm Block of Flats in Liverpool, Estate for sale",650,Block of Flats,6,6,Unfurnished,"Amuwo-Odofin, Satellite Town",Satellite Town,Amuwo-Odofin,Enterprise,150000000.0
"4bdrm Bungalow in Oke-Abata, Ilora for sale",300,Bungalow,4,4,Unfurnished,"Afijio, Ilora",Ilora,Afijio,Enterprise,7500000.0
"Furnished 4bdrm Duplex in Royal Castle, Cement for sale",300,Duplex,4,4,Furnished,"Agege, Cement",Cement,Agege,Enterprise,260000000.0
4bdrm Bungalow in Benin City for sale,650,Bungalow,4,4,Unfurnished,"Edo State, Benin City",Benin City,Edo State,False,45000000.0
6bdrm Bungalow in Agric for sale,648,Bungalow,6,8,Unfurnished,"Ikorodu, Agric",Agric,Ikorodu,False,55000000.0
3bdrm Apartment in Abule-Oja for sale,250,Apartment,3,3,Unfurnished,"Yaba, Abule-Oja",Abule-Oja,Yaba,False,250000000.0
3bdrm Apartment in Allen Avenue for sale,280,Apartment,3,3,Unfurnished,"Ikeja, Allen Avenue",Allen Avenue,Ikeja,False,300000000.0
4bdrm Penthouse in Shonibare Estate for sale,350,Penthouse,4,4,Unfurnished,"Maryland, Shonibare Estate",Shonibare Estate,Maryland,False,850000000.0
2bdrm Duplex in Lekki for sale,300,Duplex,2,3,Unfurnished,"Lagos State, Lekki",Lekki,Lagos State,False,130000000.0
"Furnished 5bdrm Duplex in In Secured 24Hrs, Chevron for sale",300,Duplex,5,5,Furnished,"Lekki, Chevron",Chevron,Lekki,Vip_Gold,550000000.0
Furnished 4bdrm Duplex in Magodo  Phase 1  G.R for sale,300,Duplex,4,4,Furnished,"Magodo, GRA Phase 1",GRA Phase 1,Magodo,Enterprise,350000000.0
5bdrm Duplex in Lekki Palms City for sale,302,Duplex,5,6,Unfurnished,"Ajah, Off Lekki-Epe Expressway",Off Lekki-Epe Expressway,Ajah,False,230000000.0
5bdrm Duplex in Asokoro Main Abuja for sale,700,Duplex,5,6,Semi-Furnished,"Abuja (FCT), Asokoro",Asokoro,Abuja (FCT),Enterprise,950000000.0
5bdrm Duplex in Guzape Main Abuja for sale,450,Duplex,5,6,Semi-Furnished,"Abuja (FCT), Guzape District",Guzape District,Abuja (FCT),Enterprise,550000000.0
5bdrm Duplex in Guzape Main Abuja for sale,500,Duplex,5,6,Semi-Furnished,"Abuja (FCT), Guzape District",Guzape District,Abuja (FCT),Enterprise,807500000.0
"3bdrm Bungalow in Abuja, Ikorodu for sale",300,Bungalow,3,3,Unfurnished,"Lagos State, Ikorodu",Ikorodu,Lagos State,False,30000000.0
5bdrm Duplex in Guzape Main Abuja for sale,500,Duplex,5,6,Semi-Furnished,"Abuja (FCT), Guzape District",Guzape District,Abuja (FCT),Enterprise,760000000.0
"5bdrm Duplex in Idado Estate, Lekki for sale",350,Duplex,5,5,Semi-Furnished,"Lekki, Lekki Phase 1",Lekki Phase 1,Lekki,Enterprise,250000000.0
"Furnished 4bdrm Bungalow in Mbaji Close, Osisioma Ngwa for sale",600,Bungalow,4,1,Furnished,"Abia State, Osisioma Ngwa",Osisioma Ngwa,Abia State,False,60000000.0
5bdrm Duplex in Apo Resettlement for sale,600,Duplex,5,6,Semi-Furnished,"Apo District, Apo Resettlement",Apo Resettlement,Apo District,Enterprise,665000000.0
"3bdrm Block of Flats in Igbe Road, Igbogbo for sale",668,Block of Flats,3,3,Unfurnished,"Ikorodu, Igbogbo",Igbogbo,Ikorodu,False,27000000.0
4bdrm Duplex in Guzape Main Abuja for sale,600,Duplex,4,5,Semi-Furnished,"Abuja (FCT), Guzape District",Guzape District,Abuja (FCT),Enterprise,650000000.0
5bdrm Duplex in Guzape Main Abuja for sale,500,Duplex,5,6,Unfurnished,"Abuja (FCT), Guzape District",Guzape District,Abuja (FCT),Enterprise,350000000.0
Furnished 3bdrm Apartment in Secure Gated for sale,1200,Apartment,3,4,Furnished,"Surulere, Kilo",Kilo,Surulere,False,112000000.0
"3bdrm Bungalow in Ekerin, Ologuneru for sale",500,Bungalow,3,3,Unfurnished,"Ibadan, Ologuneru",Ologuneru,Ibadan,Enterprise,22000000.0
3bdrm Apartment in Wuye Abuja for sale,2500,Apartment,3,3,Unfurnished,"Abuja (FCT), Wuye",Wuye,Abuja (FCT),Enterprise,180000000.0
"2bdrm Block of Flats in Aquamarine Estate, Apo Resettlement for sale",280,Block of Flats,2,2,Semi-Furnished,"Apo District, Apo Resettlement",Apo Resettlement,Apo District,False,95000000.0
2bdrm Bungalow in Kpeyegyi for sale,300,Bungalow,2,3,Unfurnished,"Abuja (FCT), Kpeyegyi",Kpeyegyi,Abuja (FCT),False,22000000.0
"6bdrm House in Cognipato, Agbara-Igbesan for sale",4000,House,6,6,Unfurnished,"Lagos State, Agbara-Igbesan",Agbara-Igbesan,Lagos State,False,48500000.0
"7bdrm Duplex in Efab Metropolis, Karsana for sale",1200,Duplex,7,8,Semi-Furnished,"Gwagwa, Karsana",Karsana,Gwagwa,Enterprise,522500000.0
5bdrm Duplex in Guzape Abuja for sale,500,Duplex,5,5,Unfurnished,"Abuja (FCT), Guzape District",Guzape District,Abuja (FCT),Enterprise,350000000.0
"Furnished 4bdrm Bungalow in Ay Luxury Bungalow, Igando-Oloja for sale",300,Bungalow,4,5,Furnished,"Ibeju, Igando-Oloja",Igando-Oloja,Ibeju,False,70000000.0
"Furnished 2bdrm Maisonette in Luxury, Lekki Phase 1 for sale",1000,Maisonette,2,2,Furnished,"Lekki, Lekki Phase 1",Lekki Phase 1,Lekki,Vip_Gold,230000000.0
5bdrm Duplex in Jahi Gilmore for sale,1200,Duplex,5,5,Unfurnished,"Abuja (FCT), Jahi",Jahi,Abuja (FCT),Vip,750000000.0
5bdrm Duplex in Lekki Expressway for sale,234,Duplex,5,5,Unfurnished,"Lekki, Lekki Expressway",Lekki Expressway,Lekki,Diamond,750000000.0
5bdrm Duplex in Ikate for sale,123,Duplex,5,5,Unfurnished,"Lekki, Ikate",Ikate,Lekki,Diamond,700000000.0
4bdrm Duplex in Lekki Phase 1 for sale,123,Duplex,4,4,Unfurnished,"Lekki, Lekki Phase 1",Lekki Phase 1,Lekki,Diamond,650000000.0
3bdrm Block of Flats in Lekki Phase 1 for sale,260,Block of Flats,3,3,Unfurnished,"Lekki, Lekki Phase 1",Lekki Phase 1,Lekki,Diamond,350000000.0
5bdrm Duplex in Chevron for sale,250,Duplex,5,5,Unfurnished,"Lekki, Chevron",Chevron,Lekki,Diamond,480000000.0
5bdrm Duplex in Lekki Expressway for sale,1250,Duplex,5,5,Unfurnished,"Lekki, Lekki Expressway",Lekki Expressway,Lekki,Diamond,350000000.0
4bdrm Duplex in Vgc Lekki Lagos for sale,150,Duplex,4,5,Semi-Furnished,"Lekki, Lekki Expressway",Lekki Expressway,Lekki,Diamond,550000000.0
"Furnished 1bdrm Apartment in Luxe, Lekki Phase 1 for sale",1000,Apartment,1,1,Furnished,"Lekki, Lekki Phase 1",Lekki Phase 1,Lekki,Vip_Gold,150000000.0
3bdrm House in Apo Global Estate for sale,100,House,3,4,Semi-Furnished,"Apo District, Apo Resettlement",Apo Resettlement,Apo District,False,30000000.0
3bdrm Apartment in Lekki Phase 1 for sale,200,Apartment,3,3,Unfurnished,"Lekki, Lekki Phase 1",Lekki Phase 1,Lekki,Diamond,290000000.0
3bdrm House in Benin City for sale,465,House,3,3,Unfurnished,"Edo State, Benin City",Benin City,Edo State,Diamond,9500000.0
4bdrm Duplex in Gaduwa for sale,350,Duplex,4,4,Semi-Furnished,"Abuja (FCT), Gaduwa",Gaduwa,Abuja (FCT),Diamond,300000000.0
3bdrm Apartment in Ikate for sale,123,Apartment,3,3,Semi-Furnished,"Lekki, Ikate",Ikate,Lekki,Diamond,350000000.0
5bdrm Duplex in Jabi for sale,450,Duplex,5,5,Unfurnished,"Abuja (FCT), Jabi",Jabi,Abuja (FCT),Diamond,900000000.0
5bdrm Duplex in Off Lekki-Epe Expressway for sale,500,Duplex,5,5,Unfurnished,"Ajah, Off Lekki-Epe Expressway",Off Lekki-Epe Expressway,Ajah,Enterprise,350000000.0
5bdrm Duplex in Lekki for sale,350,Duplex,5,5,Unfurnished,"Lagos State, Lekki",Lekki,Lagos State,Enterprise,400000000.0
5bdrm Duplex in Ikota for sale,350,Duplex,5,5,Unfurnished,"Lekki, Ikota",Ikota,Lekki,Enterprise,400000000.0
3bdrm Apartment in Ikeja GRA for sale,600,Apartment,3,3,Unfurnished,"Ikeja, Ikeja GRA",Ikeja GRA,Ikeja,Enterprise,370000000.0
5bdrm Duplex in Lekki Phase 1 for sale,500,Duplex,5,5,Unfurnished,"Lekki, Lekki Phase 1",Lekki Phase 1,Lekki,Enterprise,700000000.0
4bdrm Duplex in Chevron for sale,500,Duplex,4,4,Unfurnished,"Lekki, Chevron",Chevron,Lekki,Enterprise,235000000.0
5bdrm Duplex in VGC / Ajah for sale,350,Duplex,5,5,Unfurnished,"Ajah, VGC / Ajah",VGC / Ajah,Ajah,Enterprise,470000000.0
Furnished 3bdrm Block of Flats in Aguda / Surulere for sale,500,Block of Flats,3,3,Furnished,"Surulere, Aguda / Surulere",Aguda / Surulere,Surulere,Enterprise,160000000.0
5bdrm Duplex in Lekki Phase 2 for sale,500,Duplex,5,5,Unfurnished,"Lekki, Lekki Phase 2",Lekki Phase 2,Lekki,Enterprise,650000000.0
5bdrm Duplex in Chevron for sale,500,Duplex,5,5,Unfurnished,"Lekki, Chevron",Chevron,Lekki,Enterprise,600000000.0
5bdrm Duplex in Chevron for sale,350,Duplex,5,5,Unfurnished,"Lekki, Chevron",Chevron,Lekki,Enterprise,350000000.0
2bdrm Apartment in Lekki Phase 1 for sale,1000,Apartment,2,2,Unfurnished,"Lekki, Lekki Phase 1",Lekki Phase 1,Lekki,Enterprise,270000000.0
4bdrm Duplex in Ajah for sale,350,Duplex,4,4,Unfurnished,"Lagos State, Ajah",Ajah,Lagos State,Enterprise,160000000.0
5bdrm Duplex in Osapa london for sale,500,Duplex,5,5,Unfurnished,"Lekki, Osapa london",Osapa london,Lekki,Enterprise,900000000.0
5bdrm Duplex in Ado / Ajah for sale,350,Duplex,5,5,Unfurnished,"Ajah, Ado / Ajah",Ado / Ajah,Ajah,Enterprise,270000000.0
2bdrm Maisonette in Lekki Phase 1 for sale,500,Maisonette,2,2,Unfurnished,"Lekki, Lekki Phase 1",Lekki Phase 1,Lekki,Enterprise,220000000.0
"4bdrm Duplex in Dantata Estate, Gwarinpa for sale",700,Duplex,4,5,Unfurnished,"Abuja (FCT), Gwarinpa",Gwarinpa,Abuja (FCT),Diamond,250000000.0
"Furnished 3bdrm Bungalow in Ofin Estate, Igbogbo for sale",300,Bungalow,3,3,Furnished,"Ikorodu, Igbogbo",Igbogbo,Ikorodu,Diamond,30000000.0
5bdrm Duplex in Dakwo District for sale,800,Duplex,5,6,Unfurnished,"Abuja (FCT), Dakwo District",Dakwo District,Abuja (FCT),Enterprise,450000000.0
6bdrm Duplex in Chevron for sale,500,Duplex,6,6,Unfurnished,"Lekki, Chevron",Chevron,Lekki,Enterprise,390000000.0
5bdrm Duplex in Ajah for sale,350,Duplex,5,5,Unfurnished,"Lagos State, Ajah",Ajah,Lagos State,Enterprise,260000000.0
4bdrm Duplex in Lekki for sale,350,Duplex,4,4,Unfurnished,"Lagos State, Lekki",Lekki,Lagos State,Enterprise,160000000.0
5bdrm Duplex in Ajah for sale,350,Duplex,5,5,Unfurnished,"Lagos State, Ajah",Ajah,Lagos State,Enterprise,180000000.0
4bdrm Duplex in GRA Phase 2 Shangisha for sale,350,Duplex,4,4,Unfurnished,"Magodo, GRA Phase 2 Shangisha",GRA Phase 2 Shangisha,Magodo,Enterprise,430000000.0
4bdrm Duplex in Lekki for sale,500,Duplex,4,4,Unfurnished,"Lagos State, Lekki",Lekki,Lagos State,Enterprise,110000000.0
2bdrm Apartment in Dawaki for sale,1000,Apartment,2,2,Unfurnished,"Gwarinpa, Dawaki",Dawaki,Gwarinpa,Enterprise,70000000.0
"2bdrm Maisonette in Payment Plans, Lekki for sale",600,Maisonette,2,3,Unfurnished,"Lagos State, Lekki",Lekki,Lagos State,Enterprise,154000000.0
4bdrm Duplex in Off Lekki-Epe Expressway for sale,350,Duplex,4,4,Unfurnished,"Ajah, Off Lekki-Epe Expressway",Off Lekki-Epe Expressway,Ajah,Enterprise,200000000.0
2bdrm Apartment in Ikate for sale,500,Apartment,2,2,Unfurnished,"Lekki, Ikate",Ikate,Lekki,Enterprise,205000000.0
5bdrm Duplex in Ajah for sale,350,Duplex,5,5,Unfurnished,"Lagos State, Ajah",Ajah,Lagos State,Enterprise,215000000.0
6bdrm Duplex in Chevron for sale,500,Duplex,6,6,Unfurnished,"Lekki, Chevron",Chevron,Lekki,Enterprise,750000000.0
5bdrm Duplex in Lekki Phase 1 for sale,500,Duplex,5,5,Unfurnished,"Lekki, Lekki Phase 1",Lekki Phase 1,Lekki,Enterprise,650000000.0
3bdrm House in Magodo for sale,350,House,3,3,Unfurnished,"Lagos State, Magodo",Magodo,Lagos State,Enterprise,250000000.0
5bdrm Duplex in Lekki for sale,350,Duplex,5,5,Unfurnished,"Lagos State, Lekki",Lekki,Lagos State,Enterprise,390000000.0
4bdrm Duplex in Ikeja GRA for sale,400,Duplex,4,5,Unfurnished,"Ikeja, Ikeja GRA",Ikeja GRA,Ikeja,Enterprise,950000000.0
5bdrm Duplex in Igbo-efon for sale,123,Duplex,5,5,Unfurnished,"Lekki, Igbo-efon",Igbo-efon,Lekki,Diamond,500000000.0
2bdrm Block of Flats in Life Camp for sale,500,Block of Flats,2,3,Unfurnished,"Gwarinpa, Life Camp",Life Camp,Gwarinpa,Diamond,27000000.0
Furnished 4bdrm Duplex in Enugu for sale,500,Duplex,4,4,Furnished,"Enugu State, Enugu",Enugu,Enugu State,Diamond,220000000.0
5bdrm Duplex in Chevron for sale,350,Duplex,5,5,Unfurnished,"Lekki, Chevron",Chevron,Lekki,Enterprise,350000000.0
5bdrm Duplex in Chevron for sale,350,Duplex,5,5,Unfurnished,"Lekki, Chevron",Chevron,Lekki,Enterprise,400000000.0
4bdrm Duplex in Ogudu GRA for sale,350,Duplex,4,4,Unfurnished,"Ogudu, Ogudu GRA",Ogudu GRA,Ogudu,Enterprise,300000000.0
"5bdrm Duplex in Price.$ 2.5M, Ikoyi for sale",500,Duplex,5,5,Unfurnished,"Lagos State, Ikoyi",Ikoyi,Lagos State,Enterprise,2500000.0
3bdrm Duplex in Ikota for sale,500,Duplex,3,3,Unfurnished,"Lekki, Ikota",Ikota,Lekki,Enterprise,130000000.0
5bdrm Duplex in Ajah for sale,350,Duplex,5,5,Unfurnished,"Lagos State, Ajah",Ajah,Lagos State,Enterprise,360000000.0
2bdrm Apartment in Lekki Phase 1 for sale,1000,Apartment,2,2,Unfurnished,"Lekki, Lekki Phase 1",Lekki Phase 1,Lekki,Enterprise,280000000.0
2bdrm Maisonette in Ologolo for sale,500,Maisonette,2,2,Unfurnished,"Lekki, Ologolo",Ologolo,Lekki,Enterprise,75000000.0
5bdrm Duplex in Chevron for sale,350,Duplex,5,5,Unfurnished,"Lekki, Chevron",Chevron,Lekki,Enterprise,400000000.0
5bdrm Duplex in Ajah for sale,350,Duplex,5,5,Unfurnished,"Lagos State, Ajah",Ajah,Lagos State,Enterprise,160000000.0
4bdrm Duplex in Lekki Phase 1 for sale,600,Duplex,4,4,Unfurnished,"Lekki, Lekki Phase 1",Lekki Phase 1,Lekki,Enterprise,260000000.0
5bdrm Duplex in Chevron for sale,300,Duplex,5,5,Unfurnished,"Lekki, Chevron",Chevron,Lekki,Enterprise,460000000.0
5bdrm Duplex in Lekki for sale,350,Duplex,5,5,Unfurnished,"Lagos State, Lekki",Lekki,Lagos State,Enterprise,310000000.0
3bdrm Duplex in Lekki Phase 1 for sale,500,Duplex,3,3,Unfurnished,"Lekki, Lekki Phase 1",Lekki Phase 1,Lekki,Enterprise,600000000.0
3bdrm Duplex in Lugbe District for sale,600,Duplex,3,4,Unfurnished,"Abuja (FCT), Lugbe District",Lugbe District,Abuja (FCT),Diamond,100000000.0
3bdrm Bungalow in Gwarinpa for sale,500,Bungalow,3,4,Unfurnished,"Abuja (FCT), Gwarinpa",Gwarinpa,Abuja (FCT),Diamond,210000000.0
Furnished 5bdrm Duplex in Ikota for sale,550,Duplex,5,5,Furnished,"Lekki, Ikota",Ikota,Lekki,Diamond,650000000.0
"4bdrm Duplex in Apex Gardens Estate, Kaura for sale",300,Duplex,4,4,Unfurnished,"Abuja (FCT), Kaura",Kaura,Abuja (FCT),Diamond,300000000.0
3bdrm Duplex in Jabi for sale,180,Duplex,3,3,Semi-Furnished,"Abuja (FCT), Jabi",Jabi,Abuja (FCT),Diamond,275000000.0
4bdrm Duplex in Ajah for sale,500,Duplex,4,4,Unfurnished,"Lagos State, Ajah",Ajah,Lagos State,Enterprise,160000000.0
4bdrm Duplex in Lekki Phase 2 for sale,500,Duplex,4,5,Unfurnished,"Lekki, Lekki Phase 2",Lekki Phase 2,Lekki,Enterprise,180000000.0
4bdrm Duplex in Omole Phase 1 for sale,500,Duplex,4,4,Unfurnished,"Ikeja, Omole Phase 1",Omole Phase 1,Ikeja,Enterprise,550000000.0
5bdrm Duplex in Lekki Phase 2 for sale,500,Duplex,5,5,Unfurnished,"Lekki, Lekki Phase 2",Lekki Phase 2,Lekki,Enterprise,300000000.0
5bdrm Duplex in Omole Phase 2 for sale,500,Duplex,5,5,Unfurnished,"Ikeja, Omole Phase 2",Omole Phase 2,Ikeja,Enterprise,650000000.0
5bdrm Duplex in Ologolo for sale,500,Duplex,5,5,Unfurnished,"Lekki, Ologolo",Ologolo,Lekki,Enterprise,400000000.0
5bdrm Duplex in Ajah for sale,500,Duplex,5,5,Unfurnished,"Lagos State, Ajah",Ajah,Lagos State,Enterprise,185000000.0
5bdrm Duplex in Ikota for sale,350,Duplex,5,5,Unfurnished,"Lekki, Ikota",Ikota,Lekki,Enterprise,500000000.0
2bdrm Apartment in Lekki Phase 1 for sale,1000,Apartment,2,2,Unfurnished,"Lekki, Lekki Phase 1",Lekki Phase 1,Lekki,Enterprise,160000000.0
2bdrm Apartment in Ologolo for sale,500,Apartment,2,2,Unfurnished,"Lekki, Ologolo",Ologolo,Lekki,Enterprise,120000000.0
"2bdrm Block of Flats in Army Estate, Kubwa for sale",500,Block of Flats,2,3,Unfurnished,"Abuja (FCT), Kubwa",Kubwa,Abuja (FCT),Diamond,60000000.0
4bdrm Duplex in Jabi for sale,150,Duplex,4,4,Unfurnished,"Abuja (FCT), Jabi",Jabi,Abuja (FCT),Enterprise,155000000.0
5bdrm Duplex in Ajah for sale,350,Duplex,5,5,Unfurnished,"Lagos State, Ajah",Ajah,Lagos State,Enterprise,280000000.0
5bdrm Duplex in Lekki for sale,500,Duplex,5,5,Unfurnished,"Lagos State, Lekki",Lekki,Lagos State,Enterprise,460000000.0
3bdrm Apartment in Lekki Phase 1 for sale,500,Apartment,3,3,Unfurnished,"Lekki, Lekki Phase 1",Lekki Phase 1,Lekki,Enterprise,350000000.0
4bdrm Duplex in GRA Phase 1 for sale,350,Duplex,4,4,Unfurnished,"Magodo, GRA Phase 1",GRA Phase 1,Magodo,Enterprise,450000000.0
5bdrm Duplex in Ajah for sale,350,Duplex,5,5,Unfurnished,"Lagos State, Ajah",Ajah,Lagos State,Enterprise,280000000.0
4bdrm Duplex in Lekki for sale,350,Duplex,4,4,Unfurnished,"Lagos State, Lekki",Lekki,Lagos State,Enterprise,270000000.0
2bdrm Block of Flats in Victoria Island for sale,600,Block of Flats,2,2,Unfurnished,"Lagos State, Victoria Island",Victoria Island,Lagos State,Enterprise,290000000.0
5bdrm Duplex in Osapa london for sale,350,Duplex,5,5,Unfurnished,"Lekki, Osapa london",Osapa london,Lekki,Enterprise,600000000.0
5bdrm Duplex in Ikate for sale,500,Duplex,5,5,Unfurnished,"Lekki, Ikate",Ikate,Lekki,Enterprise,450000000.0
3bdrm Apartment in Anthony Village for sale,500,Apartment,3,3,Unfurnished,"Maryland, Anthony Village",Anthony Village,Maryland,Enterprise,180000000.0
4bdrm Duplex in Ikota for sale,350,Duplex,4,4,Unfurnished,"Lekki, Ikota",Ikota,Lekki,Enterprise,130000000.0
Furnished 2bdrm Apartment in Lekki Phase 1 for sale,350,Apartment,2,2,Furnished,"Lekki, Lekki Phase 1",Lekki Phase 1,Lekki,Enterprise,500000000.0
4bdrm Bungalow in Lugbe District for sale,600,Bungalow,4,5,Unfurnished,"Abuja (FCT), Lugbe District",Lugbe District,Abuja (FCT),Diamond,45000000.0
4bdrm Duplex in Dantata Estate Fo1 for sale,500,Duplex,4,5,Unfurnished,"Abuja (FCT), Kubwa",Kubwa,Abuja (FCT),Diamond,210000000.0
5bdrm Duplex in Wuse 2 for sale,1000,Duplex,5,6,Unfurnished,"Abuja (FCT), Wuse 2",Wuse 2,Abuja (FCT),Diamond,850000000.0
"4bdrm Bungalow in Daylight Property, Benin City for sale",456,Bungalow,4,4,Unfurnished,"Edo State, Benin City",Benin City,Edo State,Diamond,22000000.0
4bdrm Duplex in Galadimawa for sale,300,Duplex,4,4,Unfurnished,"Abuja (FCT), Galadimawa",Galadimawa,Abuja (FCT),Diamond,200000000.0
5bdrm Duplex in Lekki Phase 1 for sale,350,Duplex,5,5,Unfurnished,"Lekki, Lekki Phase 1",Lekki Phase 1,Lekki,Enterprise,900000000.0
4bdrm Duplex in Anthony Village for sale,350,Duplex,4,4,Unfurnished,"Maryland, Anthony Village",Anthony Village,Maryland,Enterprise,300000000.0
5bdrm Duplex in Ikota for sale,35,Duplex,5,5,Unfurnished,"Lekki, Ikota",Ikota,Lekki,Enterprise,350000000.0
4bdrm Duplex in Off Lekki-Epe Expressway for sale,500,Duplex,4,4,Unfurnished,"Ajah, Off Lekki-Epe Expressway",Off Lekki-Epe Expressway,Ajah,Enterprise,150000000.0
5bdrm Duplex in Chevron for sale,500,Duplex,5,5,Unfurnished,"Lekki, Chevron",Chevron,Lekki,Enterprise,720000000.0
3bdrm Bungalow in Epe for sale,350,Bungalow,3,3,Unfurnished,"Lagos State, Epe",Epe,Lagos State,Enterprise,50000000.0
4bdrm Duplex in Ikoyi for sale,500,Duplex,4,4,Unfurnished,"Lagos State, Ikoyi",Ikoyi,Lagos State,Enterprise,650000000.0
5bdrm Duplex in Ajah for sale,350,Duplex,5,5,Unfurnished,"Lagos State, Ajah",Ajah,Lagos State,Enterprise,290000000.0
2bdrm Apartment in Lekki Phase 1 for sale,500,Apartment,2,2,Unfurnished,"Lekki, Lekki Phase 1",Lekki Phase 1,Lekki,Enterprise,220000000.0
5bdrm Duplex in Ajah for sale,350,Duplex,5,5,Unfurnished,"Lagos State, Ajah",Ajah,Lagos State,Enterprise,250000000.0
3bdrm Duplex in VGC / Ajah for sale,1250,Duplex,3,3,Unfurnished,"Ajah, VGC / Ajah",VGC / Ajah,Ajah,Diamond,135000000.0
Furnished 16bdrm House in Garki Area 2 for sale,800,House,16,18,Furnished,"Garki 1, Area 2",Area 2,Garki 1,Diamond,900000000.0
Furnished 3bdrm Block of Flats in Katampe Main By for sale,1000,Block of Flats,3,4,Furnished,"Abuja (FCT), Katampe",Katampe,Abuja (FCT),Diamond,130000000.0
"3bdrm Duplex in Bridge Peridot, for sale",250,Duplex,3,3,Unfurnished,"Abuja (FCT), Mbora",Mbora,Abuja (FCT),Diamond,180000000.0
4bdrm Duplex in Jahi for sale,200,Duplex,4,4,Semi-Furnished,"Abuja (FCT), Jahi",Jahi,Abuja (FCT),Diamond,250000000.0
"1bdrm Apartment in Nobblesville Estate, Ibadan Polytechnic/University",250,Apartment,1,1,Unfurnished,"Ibadan, Ibadan Polytechnic/University",Ibadan Polytechnic/University,Ibadan,Enterprise,26400000.0
5bdrm Duplex in Chevron for sale,350,Duplex,5,5,Unfurnished,"Lekki, Chevron",Chevron,Lekki,Enterprise,380000000.0
4bdrm Duplex in Osapa london for sale,350,Duplex,4,4,Unfurnished,"Lekki, Osapa london",Osapa london,Lekki,Enterprise,350000000.0
"5bdrm Duplex in Payment Plan, Ajah for sale",500,Duplex,5,5,Unfurnished,"Lagos State, Ajah",Ajah,Lagos State,Enterprise,162000000.0
4bdrm Duplex in Idado for sale,350,Duplex,4,4,Unfurnished,"Lekki, Idado",Idado,Lekki,Enterprise,230000000.0
5bdrm Duplex in Chevron for sale,350,Duplex,5,5,Unfurnished,"Lekki, Chevron",Chevron,Lekki,Enterprise,400000000.0
3bdrm Apartment in Lekki Phase 1 for sale,500,Apartment,3,3,Unfurnished,"Lekki, Lekki Phase 1",Lekki Phase 1,Lekki,Enterprise,450000000.0
5bdrm Duplex in Chevron for sale,350,Duplex,5,5,Unfurnished,"Lekki, Chevron",Chevron,Lekki,Enterprise,650000000.0
2bdrm Apartment in Victoria Island for sale,1000,Apartment,2,2,Unfurnished,"Lagos State, Victoria Island",Victoria Island,Lagos State,Enterprise,350000000.0
3bdrm Block of Flats in Aguda / Surulere for sale,1000,Block of Flats,3,3,Unfurnished,"Surulere, Aguda / Surulere",Aguda / Surulere,Surulere,Enterprise,100000000.0
4bdrm Duplex in Off Lekki-Epe Expressway for sale,500,Duplex,4,4,Unfurnished,"Ajah, Off Lekki-Epe Expressway",Off Lekki-Epe Expressway,Ajah,Enterprise,200000000.0
5bdrm Duplex in Ikota for sale,123,Duplex,5,5,Unfurnished,"Lekki, Ikota",Ikota,Lekki,Diamond,720000000.0
4bdrm Duplex in Life Camp for sale,500,Duplex,4,5,Unfurnished,"Gwarinpa, Life Camp",Life Camp,Gwarinpa,Diamond,120000000.0
2bdrm Duplex in Kubwa for sale,500,Duplex,2,3,Unfurnished,"Abuja (FCT), Kubwa",Kubwa,Abuja (FCT),Diamond,65000000.0
5bdrm Duplex in New Oko Oba for sale,350,Duplex,5,5,Unfurnished,"Agege, New Oko Oba",New Oko Oba,Agege,Enterprise,330000000.0
3bdrm Maisonette in Lekki Phase 1 for sale,1000,Maisonette,3,3,Unfurnished,"Lekki, Lekki Phase 1",Lekki Phase 1,Lekki,Enterprise,400000000.0
5bdrm Duplex in Lekki Phase 2 for sale,350,Duplex,5,5,Unfurnished,"Lekki, Lekki Phase 2",Lekki Phase 2,Lekki,Enterprise,430000000.0
5bdrm Duplex in Ajah for sale,500,Duplex,5,5,Unfurnished,"Lagos State, Ajah",Ajah,Lagos State,Enterprise,260000000.0
5bdrm Duplex in Ajah for sale,350,Duplex,5,5,Unfurnished,"Lagos State, Ajah",Ajah,Lagos State,Enterprise,290000000.0
5bdrm Duplex in Lekki Phase 2 for sale,500,Duplex,5,5,Unfurnished,"Lekki, Lekki Phase 2",Lekki Phase 2,Lekki,Enterprise,395000000.0
5bdrm Duplex in Chevron for sale,420,Duplex,5,5,Unfurnished,"Lekki, Chevron",Chevron,Lekki,Enterprise,849000000.0
4bdrm Duplex in Ajah for sale,350,Duplex,4,4,Unfurnished,"Lagos State, Ajah",Ajah,Lagos State,Enterprise,220000000.0
5bdrm Duplex in Ajah for sale,350,Duplex,5,5,Unfurnished,"Lagos State, Ajah",Ajah,Lagos State,Enterprise,260000000.0
3bdrm Bungalow in Aguda / Surulere for sale,250,Bungalow,3,3,Unfurnished,"Surulere, Aguda / Surulere",Aguda / Surulere,Surulere,Enterprise,180000000.0
3bdrm Apartment in Katampe Extension for sale,500,Apartment,3,3,Unfurnished,"Katampe, Katampe Extension",Katampe Extension,Katampe,Enterprise,300000000.0
5bdrm Duplex in Osapa london for sale,350,Duplex,5,5,Unfurnished,"Lekki, Osapa london",Osapa london,Lekki,Enterprise,390000000.0
5bdrm Duplex in Ikota for sale,350,Duplex,5,5,Unfurnished,"Lekki, Ikota",Ikota,Lekki,Enterprise,420000000.0
5bdrm Duplex in Ajah for sale,350,Duplex,5,5,Unfurnished,"Lagos State, Ajah",Ajah,Lagos State,Enterprise,270000000.0
3bdrm Block of Flats in Katampe (Main) for sale,500,Block of Flats,3,4,Unfurnished,"Katampe, Katampe (Main)",Katampe (Main),Katampe,Diamond,100000000.0
4bdrm Duplex in Ado / Ajah for sale,123,Duplex,4,4,Unfurnished,"Ajah, Ado / Ajah",Ado / Ajah,Ajah,Diamond,160000000.0
5bdrm Duplex in Guzape District for sale,500,Duplex,5,6,Unfurnished,"Abuja (FCT), Guzape District",Guzape District,Abuja (FCT),Diamond,500000000.0
"2bdrm Bungalow in Ire Estate, Igbogbo for sale",600,Bungalow,2,4,Unfurnished,"Ikorodu, Igbogbo",Igbogbo,Ikorodu,Diamond,16000000.0
"4bdrm Block of Flats in Daylight Property, Benin City for sale",546,Block of Flats,4,5,Semi-Furnished,"Edo State, Benin City",Benin City,Edo State,Diamond,75000000.0
5bdrm Duplex in Ajah for sale,350,Duplex,5,5,Unfurnished,"Lagos State, Ajah",Ajah,Lagos State,Enterprise,260000000.0
3bdrm Duplex in Life Camp for sale,500,Duplex,3,3,Unfurnished,"Gwarinpa, Life Camp",Life Camp,Gwarinpa,Enterprise,130000000.0
3bdrm Duplex in Ojodu for sale,350,Duplex,3,3,Unfurnished,"Lagos State, Ojodu",Ojodu,Lagos State,Enterprise,105000000.0
5bdrm Duplex in Off Lekki-Epe Expressway for sale,350,Duplex,5,5,Unfurnished,"Ajah, Off Lekki-Epe Expressway",Off Lekki-Epe Expressway,Ajah,Enterprise,260000000.0
5bdrm Duplex in Lekki for sale,350,Duplex,5,5,Unfurnished,"Lagos State, Lekki",Lekki,Lagos State,Enterprise,185000000.0
5bdrm Duplex in Ajah for sale,500,Duplex,5,5,Unfurnished,"Lagos State, Ajah",Ajah,Lagos State,Enterprise,180000000.0
5bdrm Duplex in Off Lekki-Epe Expressway for sale,500,Duplex,5,5,Unfurnished,"Ajah, Off Lekki-Epe Expressway",Off Lekki-Epe Expressway,Ajah,Enterprise,250000000.0
4bdrm Duplex in Ajah for sale,350,Duplex,4,4,Unfurnished,"Lagos State, Ajah",Ajah,Lagos State,Enterprise,170000000.0
4bdrm Duplex in Lekki Phase 1 for sale,500,Duplex,4,4,Unfurnished,"Lekki, Lekki Phase 1",Lekki Phase 1,Lekki,Enterprise,470000000.0
4bdrm Duplex in Lekki Phase 2 for sale,500,Duplex,4,4,Unfurnished,"Lekki, Lekki Phase 2",Lekki Phase 2,Lekki,Enterprise,260000000.0
5bdrm Duplex in Chevron for sale,350,Duplex,5,5,Unfurnished,"Lekki, Chevron",Chevron,Lekki,Enterprise,400000000.0
4bdrm Duplex in Off Lekki-Epe Expressway for sale,350,Duplex,4,4,Unfurnished,"Ajah, Off Lekki-Epe Expressway",Off Lekki-Epe Expressway,Ajah,Enterprise,230000000.0
4bdrm Duplex in Ikeja for sale,350,Duplex,4,4,Unfurnished,"Lagos State, Ikeja",Ikeja,Lagos State,Enterprise,410000000.0
"2bdrm Block of Flats in Dantata Estate, Gwarinpa for sale",500,Block of Flats,2,3,Unfurnished,"Abuja (FCT), Gwarinpa",Gwarinpa,Abuja (FCT),Diamond,80000000.0
2bdrm Apartment in Ikate for sale,1000,Apartment,2,2,Unfurnished,"Lekki, Ikate",Ikate,Lekki,Enterprise,160000000.0
4bdrm Duplex in Ologolo for sale,500,Duplex,4,4,Unfurnished,"Lekki, Ologolo",Ologolo,Lekki,Enterprise,160000000.0
2bdrm Apartment in Lekki Phase 1 for sale,1000,Apartment,2,2,Unfurnished,"Lekki, Lekki Phase 1",Lekki Phase 1,Lekki,Enterprise,340000000.0
4bdrm Duplex in Mende for sale,500,Duplex,4,4,Unfurnished,"Maryland, Mende",Mende,Maryland,Enterprise,350000000.0
4bdrm Duplex in Lekki for sale,350,Duplex,4,4,Unfurnished,"Lagos State, Lekki",Lekki,Lagos State,Enterprise,240000000.0
2bdrm Apartment in Ikate for sale,500,Apartment,2,2,Unfurnished,"Lekki, Ikate",Ikate,Lekki,Enterprise,135000000.0
3bdrm Apartment in Ikeja GRA for sale,500,Apartment,3,3,Unfurnished,"Ikeja, Ikeja GRA",Ikeja GRA,Ikeja,Enterprise,300000000.0
4bdrm Duplex in Lekki Phase 2 for sale,350,Duplex,4,4,Unfurnished,"Lekki, Lekki Phase 2",Lekki Phase 2,Lekki,Enterprise,110000000.0
5bdrm Duplex in VGC / Ajah for sale,500,Duplex,5,5,Unfurnished,"Ajah, VGC / Ajah",VGC / Ajah,Ajah,Enterprise,450000000.0
5bdrm Duplex in Lekki for sale,350,Duplex,5,5,Unfurnished,"Lagos State, Lekki",Lekki,Lagos State,Enterprise,490000000.0
5bdrm Duplex in Ajah for sale,350,Duplex,5,5,Unfurnished,"Lagos State, Ajah",Ajah,Lagos State,Enterprise,225000000.0
4bdrm Duplex in Sangotedo for sale,500,Duplex,4,4,Unfurnished,"Ajah, Sangotedo",Sangotedo,Ajah,Enterprise,170000000.0
5bdrm Duplex in Osapa london for sale,500,Duplex,5,5,Unfurnished,"Lekki, Osapa london",Osapa london,Lekki,Enterprise,830000000.0
3bdrm Apartment in Victoria Island for sale,1000,Apartment,3,3,Unfurnished,"Lagos State, Victoria Island",Victoria Island,Lagos State,Enterprise,450000000.0
5bdrm Duplex in Ikota for sale,350,Duplex,5,5,Unfurnished,"Lekki, Ikota",Ikota,Lekki,Enterprise,350000000.0
4bdrm Duplex in Ajah for sale,350,Duplex,4,4,Unfurnished,"Lagos State, Ajah",Ajah,Lagos State,Enterprise,210000000.0
2bdrm Block of Flats in Ikorodu for sale,330,Block of Flats,2,2,Unfurnished,"Lagos State, Ikorodu",Ikorodu,Lagos State,Enterprise,25000000.0
2bdrm Block of Flats in Jahi Abuja for sale,500,Block of Flats,2,3,Unfurnished,"Abuja (FCT), Jahi",Jahi,Abuja (FCT),Diamond,130000000.0
4bdrm Duplex in Abraham Adesanya Estate for sale,150,Duplex,4,4,Unfurnished,"Ajah, Abraham Adesanya Estate",Abraham Adesanya Estate,Ajah,Diamond,138000000.0
2bdrm Block of Flats in Kubwa for sale,443,Block of Flats,2,3,Unfurnished,"Abuja (FCT), Kubwa",Kubwa,Abuja (FCT),Diamond,300000000.0
1bdrm Block of Flats in Kubwa for sale,300,Block of Flats,1,2,Unfurnished,"Abuja (FCT), Kubwa",Kubwa,Abuja (FCT),Diamond,40000000.0
2bdrm Bungalow in Kubwa District for sale,500,Bungalow,2,3,Unfurnished,"Abuja (FCT), Kubwa",Kubwa,Abuja (FCT),Diamond,35000000.0
"2bdrm Apartment in Ofin Estate, Igbogbo for sale",300,Apartment,2,2,Unfurnished,"Ikorodu, Igbogbo",Igbogbo,Ikorodu,Diamond,11000000.0
Furnished 5bdrm Duplex in Lekki Phase 2 for sale,500,Duplex,5,5,Furnished,"Lekki, Lekki Phase 2",Lekki Phase 2,Lekki,Diamond,350000000.0
4bdrm Duplex in Jahi for sale,300,Duplex,4,4,Unfurnished,"Abuja (FCT), Jahi",Jahi,Abuja (FCT),Diamond,280000000.0
3bdrm Block of Flats in Ikeja GRA for sale,500,Block of Flats,3,3,Unfurnished,"Ikeja, Ikeja GRA",Ikeja GRA,Ikeja,Enterprise,270000000.0
3bdrm Apartment in Ikate for sale,350,Apartment,3,3,Unfurnished,"Lekki, Ikate",Ikate,Lekki,Enterprise,180000000.0
4bdrm Duplex in Ikota for sale,500,Duplex,4,4,Unfurnished,"Lekki, Ikota",Ikota,Lekki,Enterprise,250000000.0
4bdrm Duplex in Ajah for sale,350,Duplex,4,4,Unfurnished,"Lagos State, Ajah",Ajah,Lagos State,Enterprise,155000000.0
4bdrm Duplex in Chevron for sale,350,Duplex,4,4,Unfurnished,"Lekki, Chevron",Chevron,Lekki,Enterprise,380000000.0
4bdrm Duplex in Ajah for sale,350,Duplex,4,4,Unfurnished,"Lagos State, Ajah",Ajah,Lagos State,Enterprise,260000000.0
4bdrm Duplex in Maryland for sale,350,Duplex,4,4,Unfurnished,"Lagos State, Maryland",Maryland,Lagos State,Enterprise,270000000.0
2bdrm Apartment in Sangotedo for sale,1000,Apartment,2,2,Unfurnished,"Ajah, Sangotedo",Sangotedo,Ajah,Enterprise,75000000.0
5bdrm Duplex in Ikate for sale,350,Duplex,5,5,Unfurnished,"Lekki, Ikate",Ikate,Lekki,Enterprise,450000000.0
5bdrm Duplex in Ikota for sale,350,Duplex,5,5,Unfurnished,"Lekki, Ikota",Ikota,Lekki,Enterprise,350000000.0
4bdrm Duplex in Thomas Estate for sale,600,Duplex,4,4,Unfurnished,"Ajah, Thomas Estate",Thomas Estate,Ajah,Enterprise,165000000.0
4bdrm Duplex in Mende for sale,500,Duplex,4,4,Unfurnished,"Maryland, Mende",Mende,Maryland,Enterprise,360000000.0
4bdrm Duplex in Ikota for sale,500,Duplex,4,4,Unfurnished,"Lekki, Ikota",Ikota,Lekki,Enterprise,170000000.0
4bdrm Duplex in Abraham Adesanya Estate for sale,500,Duplex,4,4,Unfurnished,"Ajah, Abraham Adesanya Estate",Abraham Adesanya Estate,Ajah,Enterprise,150000000.0
3bdrm Apartment in Ikeja GRA for sale,500,Apartment,3,3,Unfurnished,"Ikeja, Ikeja GRA",Ikeja GRA,Ikeja,Enterprise,450000000.0
5bdrm Duplex in Chevron for sale,350,Duplex,5,5,Unfurnished,"Lekki, Chevron",Chevron,Lekki,Enterprise,500000000.0
"4bdrm Duplex in Karasana, Gwarinpa for sale",500,Duplex,4,5,Unfurnished,"Abuja (FCT), Gwarinpa",Gwarinpa,Abuja (FCT),Diamond,130000000.0
"2bdrm Bungalow in Bricks City, Kubwa for sale",500,Bungalow,2,3,Unfurnished,"Abuja (FCT), Kubwa",Kubwa,Abuja (FCT),Diamond,50000000.0
"4bdrm Duplex in Dantata Estate Fo1, for sale",400,Duplex,4,5,Unfurnished,"Abuja (FCT), Kubwa",Kubwa,Abuja (FCT),Diamond,120000000.0
3bdrm Block of Flats in Mabushi for sale,300,Block of Flats,3,4,Unfurnished,"Abuja (FCT), Mabushi",Mabushi,Abuja (FCT),Diamond,150000000.0
3bdrm Duplex in Idu Industrial for sale,200,Duplex,3,3,Unfurnished,"Abuja (FCT), Idu Industrial",Idu Industrial,Abuja (FCT),Diamond,60000000.0
5bdrm Duplex in Osapa london for sale,350,Duplex,5,5,Unfurnished,"Lekki, Osapa london",Osapa london,Lekki,Enterprise,440000000.0
5bdrm Duplex in Ikeja GRA for sale,350,Duplex,5,5,Unfurnished,"Ikeja, Ikeja GRA",Ikeja GRA,Ikeja,Enterprise,850000000.0
"3bdrm Bungalow in Mowe -Ofada, Abeokuta South for sale",300,Bungalow,3,4,Unfurnished,"Ogun State, Abeokuta South",Abeokuta South,Ogun State,Enterprise,40000000.0
5bdrm Duplex in Ajah for sale,350,Duplex,5,5,Unfurnished,"Lagos State, Ajah",Ajah,Lagos State,Enterprise,250000000.0
5bdrm Duplex in Ajah for sale,350,Duplex,5,5,Unfurnished,"Lagos State, Ajah",Ajah,Lagos State,Enterprise,300000000.0
5bdrm Duplex in Lekki for sale,500,Duplex,5,5,Unfurnished,"Lagos State, Lekki",Lekki,Lagos State,Enterprise,630000000.0
3bdrm Bungalow in Igbogbo for sale,300,Bungalow,3,3,Unfurnished,"Ikorodu, Igbogbo",Igbogbo,Ikorodu,Enterprise,25000000.0
5bdrm Duplex in Off Lekki-Epe Expressway for sale,500,Duplex,5,5,Unfurnished,"Ajah, Off Lekki-Epe Expressway",Off Lekki-Epe Expressway,Ajah,Enterprise,400000000.0
4bdrm Duplex in Off Lekki-Epe Expressway for sale,500,Duplex,4,4,Unfurnished,"Ajah, Off Lekki-Epe Expressway",Off Lekki-Epe Expressway,Ajah,Enterprise,140000000.0
5bdrm Duplex in Lekki Phase 1 for sale,500,Duplex,5,5,Unfurnished,"Lekki, Lekki Phase 1",Lekki Phase 1,Lekki,Enterprise,900000000.0
"3bdrm Maisonette in Dora Estate, Lekki Phase 1 for sale",123,Maisonette,3,4,Unfurnished,"Lekki, Lekki Phase 1",Lekki Phase 1,Lekki,Diamond,380000000.0
2bdrm Block of Flats in Life Camp for sale,700,Block of Flats,2,3,Unfurnished,"Gwarinpa, Life Camp",Life Camp,Gwarinpa,Diamond,60000000.0
2bdrm Apartment in Lekki Phase 1 for sale,123,Apartment,2,3,Unfurnished,"Lekki, Lekki Phase 1",Lekki Phase 1,Lekki,Diamond,330000000.0
2bdrm Block of Flats in Idu for sale,500,Block of Flats,2,3,Unfurnished,"Jiwa, Idu",Idu,Jiwa,Diamond,75000000.0
Furnished 5bdrm Duplex in Guzape District for sale,500,Duplex,5,6,Furnished,"Abuja (FCT), Guzape District",Guzape District,Abuja (FCT),Diamond,600000000.0
"Furnished 2bdrm Apartment in Palm City, Lekki Phase 1 for sale",300,Apartment,2,2,Furnished,"Lekki, Lekki Phase 1",Lekki Phase 1,Lekki,Vip_Gold,250000000.0
5bdrm Duplex in Osapa london for sale,250,Duplex,5,5,Unfurnished,"Lekki, Osapa london",Osapa london,Lekki,Enterprise,600000000.0
4bdrm Duplex in Lekki for sale,350,Duplex,4,4,Unfurnished,"Lagos State, Lekki",Lekki,Lagos State,Enterprise,170000000.0
2bdrm Apartment in Victoria Island for sale,500,Apartment,2,2,Unfurnished,"Lagos State, Victoria Island",Victoria Island,Lagos State,Enterprise,185000000.0
"4bdrm Duplex in Payment Plans, Guzape District for sale",350,Duplex,4,5,Unfurnished,"Abuja (FCT), Guzape District",Guzape District,Abuja (FCT),Enterprise,280000000.0
5bdrm Duplex in Lekki for sale,350,Duplex,5,5,Unfurnished,"Lagos State, Lekki",Lekki,Lagos State,Enterprise,400000000.0
2bdrm Apartment in Ikate for sale,1000,Apartment,2,2,Unfurnished,"Lekki, Ikate",Ikate,Lekki,Enterprise,160000000.0
Furnished 4bdrm Maisonette in Ikate for sale,500,Maisonette,4,4,Furnished,"Lekki, Ikate",Ikate,Lekki,Enterprise,320000000.0
4bdrm Duplex in Lekki Phase 1 for sale,500,Duplex,4,4,Unfurnished,"Lekki, Lekki Phase 1",Lekki Phase 1,Lekki,Enterprise,385000000.0
3bdrm Duplex in Off Lekki-Epe Expressway for sale,350,Duplex,3,3,Unfurnished,"Ajah, Off Lekki-Epe Expressway",Off Lekki-Epe Expressway,Ajah,Enterprise,110000000.0
5bdrm Duplex in Idado for sale,350,Duplex,5,5,Unfurnished,"Lekki, Idado",Idado,Lekki,Enterprise,350000000.0
5bdrm Duplex in GRA Phase 2 Shangisha for sale,500,Duplex,5,5,Unfurnished,"Magodo, GRA Phase 2 Shangisha",GRA Phase 2 Shangisha,Magodo,Enterprise,370000000.0
4bdrm Duplex in Off Lekki-Epe Expressway for sale,500,Duplex,4,4,Unfurnished,"Ajah, Off Lekki-Epe Expressway",Off Lekki-Epe Expressway,Ajah,Enterprise,150000000.0
Furnished 4bdrm Duplex in Agungi for sale,350,Duplex,4,4,Furnished,"Lekki, Agungi",Agungi,Lekki,Enterprise,350000000.0
3bdrm Apartment in Life Camp for sale,500,Apartment,3,3,Unfurnished,"Gwarinpa, Life Camp",Life Camp,Gwarinpa,Enterprise,120000000.0
4bdrm Duplex in Durumi for sale,500,Duplex,4,5,Unfurnished,"Abuja (FCT), Durumi",Durumi,Abuja (FCT),Diamond,300000000.0
4bdrm Duplex in Area 1 for sale,500,Duplex,4,5,Unfurnished,"Garki 1, Area 1",Area 1,Garki 1,Diamond,250000000.0
4bdrm Duplex in Lekki Phase 2 for sale,123,Duplex,4,4,Unfurnished,"Lekki, Lekki Phase 2",Lekki Phase 2,Lekki,Diamond,220000000.0
3bdrm Duplex in Kubwa for sale,500,Duplex,3,4,Unfurnished,"Abuja (FCT), Kubwa",Kubwa,Abuja (FCT),Diamond,130000000.0
"3bdrm Apartment in The Den Heights, Lekki Phase 1 for sale",250,Apartment,3,3,Unfurnished,"Lekki, Lekki Phase 1",Lekki Phase 1,Lekki,Enterprise,430000000.0
5bdrm Duplex in Sangotedo for sale,250,Duplex,5,5,Unfurnished,"Ajah, Sangotedo",Sangotedo,Ajah,Enterprise,400000000.0
3bdrm Apartment in Ipaja / Ipaja for sale,250,Apartment,3,3,Unfurnished,"Ipaja, Ipaja / Ipaja",Ipaja / Ipaja,Ipaja,Enterprise,81000000.0
5bdrm Duplex in Ajah for sale,600,Duplex,5,5,Unfurnished,"Lagos State, Ajah",Ajah,Lagos State,Enterprise,280000000.0
4bdrm Duplex in Ajah for sale,350,Duplex,4,4,Unfurnished,"Lagos State, Ajah",Ajah,Lagos State,Enterprise,135000000.0
4bdrm Duplex in Ajah for sale,350,Duplex,4,4,Unfurnished,"Lagos State, Ajah",Ajah,Lagos State,Enterprise,120000000.0
2bdrm Apartment in Lekki Phase 1 for sale,1000,Apartment,2,2,Unfurnished,"Lekki, Lekki Phase 1",Lekki Phase 1,Lekki,Enterprise,170000000.0
5bdrm Duplex in Ajah for sale,350,Duplex,5,5,Unfurnished,"Lagos State, Ajah",Ajah,Lagos State,Enterprise,185000000.0
5bdrm Duplex in Lekki for sale,350,Duplex,5,5,Unfurnished,"Lagos State, Lekki",Lekki,Lagos State,Enterprise,220000000.0
5bdrm Duplex in Chevron for sale,500,Duplex,5,5,Unfurnished,"Lekki, Chevron",Chevron,Lekki,Enterprise,298000000.0
4bdrm Duplex in Ikota for sale,350,Duplex,4,4,Unfurnished,"Lekki, Ikota",Ikota,Lekki,Enterprise,280000000.0
5bdrm Duplex in Chevron for sale,350,Duplex,5,5,Unfurnished,"Lekki, Chevron",Chevron,Lekki,Enterprise,350000000.0
2bdrm Apartment in Ikate for sale,1000,Apartment,2,2,Unfurnished,"Lekki, Ikate",Ikate,Lekki,Enterprise,150000000.0
4bdrm Duplex in Lekki Phase 2 for sale,500,Duplex,4,4,Unfurnished,"Lekki, Lekki Phase 2",Lekki Phase 2,Lekki,Enterprise,280000000.0
3bdrm Apartment in Lekki Phase 1 for sale,250,Apartment,3,3,Unfurnished,"Lekki, Lekki Phase 1",Lekki Phase 1,Lekki,Diamond,400000000.0
5bdrm Apartment in Osapa london for sale,170,Apartment,5,6,Unfurnished,"Lekki, Osapa london",Osapa london,Lekki,Diamond,600000000.0
3bdrm Block of Flats in Wuye for sale,500,Block of Flats,3,4,Unfurnished,"Abuja (FCT), Wuye",Wuye,Abuja (FCT),Diamond,160000000.0
3bdrm Bungalow in Dawaki for sale,700,Bungalow,3,4,Unfurnished,"Gwarinpa, Dawaki",Dawaki,Gwarinpa,Diamond,50000000.0
3bdrm Bungalow in Gwarinpa for sale,700,Bungalow,3,4,Unfurnished,"Abuja (FCT), Gwarinpa",Gwarinpa,Abuja (FCT),Diamond,270000000.0
2bdrm Block of Flats in Durumi for sale,500,Block of Flats,2,3,Unfurnished,"Abuja (FCT), Durumi",Durumi,Abuja (FCT),Diamond,75000000.0
Furnished 10bdrm Block of Flats in Igbogbo Estate for sale,600,Block of Flats,10,10,Furnished,"Ikorodu, Igbogbo",Igbogbo,Ikorodu,Diamond,40000000.0
"2bdrm Apartment in Daylight Property, Benin City for sale",560,Apartment,2,2,Unfurnished,"Edo State, Benin City",Benin City,Edo State,Diamond,25000000.0
"3bdrm Duplex in Civic Residence, Abraham Adesanya for sale",250,Duplex,3,3,Unfurnished,"Surulere, Abraham Adesanya",Abraham Adesanya,Surulere,Enterprise,160000000.0
5bdrm Duplex in Ajah for sale,500,Duplex,5,5,Unfurnished,"Lagos State, Ajah",Ajah,Lagos State,Enterprise,350000000.0
Furnished 2bdrm Apartment in Ikate for sale,500,Apartment,2,2,Furnished,"Lekki, Ikate",Ikate,Lekki,Enterprise,135000000.0
"4bdrm Duplex in Payment Plan, Allen Avenue for sale",1000,Duplex,4,4,Unfurnished,"Ikeja, Allen Avenue",Allen Avenue,Ikeja,Enterprise,425000000.0
5bdrm Duplex in Ajah for sale,350,Duplex,5,5,Unfurnished,"Lagos State, Ajah",Ajah,Lagos State,Enterprise,145000000.0
1bdrm Apartment in Ajah for sale,500,Apartment,1,1,Unfurnished,"Lagos State, Ajah",Ajah,Lagos State,Enterprise,40000000.0
5bdrm Duplex in Osapa london for sale,350,Duplex,5,5,Unfurnished,"Lekki, Osapa london",Osapa london,Lekki,Enterprise,650000000.0
4bdrm Duplex in Durumi for sale,350,Duplex,4,5,Unfurnished,"Abuja (FCT), Durumi",Durumi,Abuja (FCT),Enterprise,250000000.0
4bdrm Duplex in Ikate for sale,500,Duplex,4,4,Unfurnished,"Lekki, Ikate",Ikate,Lekki,Enterprise,300000000.0
4bdrm Duplex in Ajah for sale,350,Duplex,4,4,Unfurnished,"Lagos State, Ajah",Ajah,Lagos State,Enterprise,140000000.0
5bdrm Duplex in Ikota for sale,350,Duplex,5,5,Unfurnished,"Lekki, Ikota",Ikota,Lekki,Enterprise,300000000.0
3bdrm Duplex in Lekki Phase 2 for sale,500,Duplex,3,3,Unfurnished,"Lekki, Lekki Phase 2",Lekki Phase 2,Lekki,Enterprise,190000000.0
5bdrm Duplex in Lekki for sale,500,Duplex,5,5,Unfurnished,"Lagos State, Lekki",Lekki,Lagos State,Enterprise,250000000.0
4bdrm Duplex in Guzape District for sale,1000,Duplex,4,5,Unfurnished,"Abuja (FCT), Guzape District",Guzape District,Abuja (FCT),Diamond,300000000.0
5bdrm House in Kado for sale,500,House,5,6,Unfurnished,"Abuja (FCT), Kado",Kado,Abuja (FCT),Diamond,400000000.0
4bdrm Block of Flats in Jabi for sale,1000,Block of Flats,4,4,Unfurnished,"Abuja (FCT), Jabi",Jabi,Abuja (FCT),False,200000000.0
"4bdrm Duplex in Adozillion Court, Omole Phase 2 for sale",250,Duplex,4,4,Unfurnished,"Ikeja, Omole Phase 2",Omole Phase 2,Ikeja,Enterprise,450000000.0
"3bdrm Duplex in Ambiance 2.0, Sangotedo for sale",250,Duplex,3,3,Unfurnished,"Ajah, Sangotedo",Sangotedo,Ajah,Enterprise,145000000.0
3bdrm Duplex in Ajah for sale,500,Duplex,3,3,Unfurnished,"Lagos State, Ajah",Ajah,Lagos State,Enterprise,95000000.0
5bdrm Duplex in Lekki for sale,350,Duplex,5,5,Unfurnished,"Lagos State, Lekki",Lekki,Lagos State,Enterprise,350000000.0
5bdrm Duplex in Lekki for sale,500,Duplex,5,5,Unfurnished,"Lagos State, Lekki",Lekki,Lagos State,Enterprise,450000000.0
5bdrm Duplex in VGC / Ajah for sale,650,Duplex,5,5,Unfurnished,"Ajah, VGC / Ajah",VGC / Ajah,Ajah,Enterprise,800000000.0
3bdrm Apartment in Lekki Phase 1 for sale,1000,Apartment,3,3,Unfurnished,"Lekki, Lekki Phase 1",Lekki Phase 1,Lekki,Enterprise,500000000.0
4bdrm Duplex in Maryland for sale,350,Duplex,4,4,Unfurnished,"Lagos State, Maryland",Maryland,Lagos State,Enterprise,270000000.0
2bdrm Apartment in Victoria Island for sale,500,Apartment,2,2,Unfurnished,"Lagos State, Victoria Island",Victoria Island,Lagos State,Enterprise,290000000.0
5bdrm Duplex in Ajah for sale,350,Duplex,5,5,Unfurnished,"Lagos State, Ajah",Ajah,Lagos State,Enterprise,260000000.0
5bdrm Duplex in Ikate for sale,350,Duplex,5,5,Unfurnished,"Lekki, Ikate",Ikate,Lekki,Enterprise,550000000.0
5bdrm Duplex in Gudu for sale,1000,Duplex,5,5,Unfurnished,"Abuja (FCT), Gudu",Gudu,Abuja (FCT),Enterprise,165000000.0
4bdrm Duplex in Ajah for sale,500,Duplex,4,4,Unfurnished,"Lagos State, Ajah",Ajah,Lagos State,Enterprise,180000000.0
5bdrm Duplex in Lekki Phase 2 for sale,500,Duplex,5,5,Unfurnished,"Lekki, Lekki Phase 2",Lekki Phase 2,Lekki,Enterprise,530000000.0
2bdrm Apartment in Sangotedo for sale,500,Apartment,2,2,Unfurnished,"Ajah, Sangotedo",Sangotedo,Ajah,Enterprise,75000000.0
5bdrm Duplex in Alaka Estate for sale,500,Duplex,5,5,Unfurnished,"Surulere, Alaka Estate",Alaka Estate,Surulere,Enterprise,450000000.0
5bdrm Duplex in Lekki for sale,350,Duplex,5,5,Unfurnished,"Lagos State, Lekki",Lekki,Lagos State,Enterprise,350000000.0
"3bdrm Bungalow in Fawole Estate, Igbogbo for sale",600,Bungalow,3,3,Unfurnished,"Ikorodu, Igbogbo",Igbogbo,Ikorodu,Diamond,20000000.0
"Furnished 3bdrm Bungalow in Love Estate, Igbogbo for sale",600,Bungalow,3,3,Furnished,"Ikorodu, Igbogbo",Igbogbo,Ikorodu,Diamond,25000000.0
3bdrm Apartment in Katampe (Main) for sale,250,Apartment,3,3,Unfurnished,"Katampe, Katampe (Main)",Katampe (Main),Katampe,Diamond,160000000.0
"2bdrm Duplex in Emerald Duplex, Ogombo for sale",250,Duplex,2,2,Unfurnished,"Ajah, Ogombo",Ogombo,Ajah,Enterprise,150000000.0
5bdrm Duplex in Ikota for sale,350,Duplex,5,5,Unfurnished,"Lekki, Ikota",Ikota,Lekki,Enterprise,460000000.0
5bdrm Duplex in Lekki for sale,350,Duplex,5,5,Unfurnished,"Lagos State, Lekki",Lekki,Lagos State,Enterprise,420000000.0
5bdrm Duplex in Lekki Phase 2 for sale,500,Duplex,5,5,Unfurnished,"Lekki, Lekki Phase 2",Lekki Phase 2,Lekki,Enterprise,400000000.0
4bdrm Duplex in Ikota for sale,355,Duplex,4,4,Unfurnished,"Lekki, Ikota",Ikota,Lekki,Enterprise,155000000.0
5bdrm Duplex in Lekki Phase 1 for sale,350,Duplex,5,5,Unfurnished,"Lekki, Lekki Phase 1",Lekki Phase 1,Lekki,Enterprise,550000000.0
Furnished 4bdrm Duplex in Western Avenue for sale,500,Duplex,4,4,Furnished,"Surulere, Western Avenue",Western Avenue,Surulere,Enterprise,450000000.0
5bdrm Duplex in Ajah for sale,350,Duplex,5,5,Unfurnished,"Lagos State, Ajah",Ajah,Lagos State,Enterprise,250000000.0
6bdrm Duplex in Lekki Phase 2 for sale,350,Duplex,6,6,Unfurnished,"Lekki, Lekki Phase 2",Lekki Phase 2,Lekki,Enterprise,400000000.0
4bdrm Duplex in Ajah for sale,500,Duplex,4,4,Unfurnished,"Lagos State, Ajah",Ajah,Lagos State,Enterprise,250000000.0
4bdrm Duplex in Ajah for sale,350,Duplex,4,4,Unfurnished,"Lagos State, Ajah",Ajah,Lagos State,Enterprise,170000000.0
"3bdrm Block of Flats in Daylight Property, Benin City for sale",465,Block of Flats,3,3,Unfurnished,"Edo State, Benin City",Benin City,Edo State,Diamond,13000000.0
"4bdrm Duplex in Hrc, Ajah for sale",600,Duplex,4,4,Semi-Furnished,"Lagos State, Ajah",Ajah,Lagos State,False,140000000.0
2bdrm Apartment in Katampe (Main) for sale,220,Apartment,2,2,Unfurnished,"Katampe, Katampe (Main)",Katampe (Main),Katampe,Diamond,90000000.0
"3bdrm Duplex in Sherwood Court, Sangotedo for sale",250,Duplex,3,3,Unfurnished,"Ajah, Sangotedo",Sangotedo,Ajah,Enterprise,150000000.0
5bdrm Duplex in Lekki for sale,500,Duplex,5,5,Unfurnished,"Lagos State, Lekki",Lekki,Lagos State,Enterprise,420000000.0
2bdrm Maisonette in Ogudu for sale,1000,Maisonette,2,2,Unfurnished,"Lagos State, Ogudu",Ogudu,Lagos State,Enterprise,100000000.0
2bdrm Apartment in Ikate for sale,500,Apartment,2,2,Unfurnished,"Lekki, Ikate",Ikate,Lekki,Enterprise,220000000.0
4bdrm Duplex in Ikota for sale,500,Duplex,4,4,Unfurnished,"Lekki, Ikota",Ikota,Lekki,Enterprise,220000000.0
3bdrm Duplex in Omole Phase 2 for sale,350,Duplex,3,3,Unfurnished,"Ikeja, Omole Phase 2",Omole Phase 2,Ikeja,Enterprise,300000000.0
4bdrm Duplex in Ologolo for sale,350,Duplex,4,4,Unfurnished,"Lekki, Ologolo",Ologolo,Lekki,Enterprise,250000000.0
3bdrm Apartment in Ikate for sale,500,Apartment,3,3,Unfurnished,"Lekki, Ikate",Ikate,Lekki,Enterprise,190000000.0
5bdrm Duplex in Lekki Phase 1 for sale,350,Duplex,5,5,Unfurnished,"Lekki, Lekki Phase 1",Lekki Phase 1,Lekki,Enterprise,750000000.0
4bdrm Duplex in Ikota for sale,350,Duplex,4,4,Unfurnished,"Lekki, Ikota",Ikota,Lekki,Enterprise,170000000.0
5bdrm Duplex in Adeniyi Jones Ikeja for sale,150,Duplex,5,6,Semi-Furnished,"Ikeja, Adeniyi Jones",Adeniyi Jones,Ikeja,Diamond,650000000.0
4bdrm Duplex in Dawaki for sale,700,Duplex,4,5,Unfurnished,"Gwarinpa, Dawaki",Dawaki,Gwarinpa,Diamond,350000000.0
5bdrm Duplex in Lugbe District for sale,800,Duplex,5,6,Unfurnished,"Abuja (FCT), Lugbe District",Lugbe District,Abuja (FCT),Diamond,170000000.0
4bdrm Duplex in Asokoro Main for sale,1000,Duplex,4,4,Unfurnished,"Abuja (FCT), Asokoro",Asokoro,Abuja (FCT),False,850000000.0
5bdrm Duplex in GRA Phase 1 for sale,500,Duplex,5,5,Unfurnished,"Magodo, GRA Phase 1",GRA Phase 1,Magodo,Enterprise,600000000.0
5bdrm Duplex in Ikota for sale,350,Duplex,5,5,Unfurnished,"Lekki, Ikota",Ikota,Lekki,Enterprise,350000000.0
4bdrm Duplex in Off Lekki-Epe Expressway for sale,350,Duplex,4,4,Unfurnished,"Ajah, Off Lekki-Epe Expressway",Off Lekki-Epe Expressway,Ajah,Enterprise,130000000.0
4bdrm Duplex in Chevron for sale,500,Duplex,4,4,Unfurnished,"Lekki, Chevron",Chevron,Lekki,Enterprise,330000000.0
5bdrm Duplex in Lekki Phase 1 for sale,350,Duplex,5,5,Unfurnished,"Lekki, Lekki Phase 1",Lekki Phase 1,Lekki,Enterprise,750000000.0
4bdrm Duplex in Lekki for sale,350,Duplex,4,4,Unfurnished,"Lagos State, Lekki",Lekki,Lagos State,Enterprise,150000000.0
5bdrm Duplex in Ajah for sale,350,Duplex,5,5,Unfurnished,"Lagos State, Ajah",Ajah,Lagos State,Enterprise,360000000.0
4bdrm Duplex in Ikoyi for sale,350,Duplex,4,4,Unfurnished,"Lagos State, Ikoyi",Ikoyi,Lagos State,Enterprise,650000000.0
4bdrm Duplex in Ajah for sale,350,Duplex,4,4,Unfurnished,"Lagos State, Ajah",Ajah,Lagos State,Enterprise,130000000.0
4bdrm Duplex in Ikate for sale,1000,Duplex,4,4,Unfurnished,"Lekki, Ikate",Ikate,Lekki,Enterprise,300000000.0
5bdrm Duplex in Lekki for sale,350,Duplex,5,5,Unfurnished,"Lagos State, Lekki",Lekki,Lagos State,Enterprise,350000000.0
5bdrm Duplex in Ajah for sale,350,Duplex,5,5,Unfurnished,"Lagos State, Ajah",Ajah,Lagos State,Enterprise,300000000.0
3bdrm Block of Flats in Life Camp for sale,500,Block of Flats,3,3,Unfurnished,"Gwarinpa, Life Camp",Life Camp,Gwarinpa,Diamond,75000000.0
"4bdrm Duplex in Brains And Hammers, Life Camp for sale",900,Duplex,4,4,Unfurnished,"Gwarinpa, Life Camp",Life Camp,Gwarinpa,False,90000000.0
3bdrm Apartment in Jahi for sale,1000,Apartment,3,3,Unfurnished,"Abuja (FCT), Jahi",Jahi,Abuja (FCT),False,220000000.0
1bdrm Apartment in Katampe (Main) for sale,190,Apartment,1,1,Semi-Furnished,"Katampe, Katampe (Main)",Katampe (Main),Katampe,Diamond,90000000.0
"2bdrm Apartment in Echellon Apartment, Awoyaya for sale",250,Apartment,2,2,Unfurnished,"Ibeju, Awoyaya",Awoyaya,Ibeju,Enterprise,87000000.0
4bdrm Duplex in Ikota for sale,350,Duplex,4,4,Unfurnished,"Lekki, Ikota",Ikota,Lekki,Enterprise,260000000.0
5bdrm Duplex in Osapa london for sale,500,Duplex,5,5,Unfurnished,"Lekki, Osapa london",Osapa london,Lekki,Enterprise,600000000.0
4bdrm Duplex in Ajah for sale,500,Duplex,4,4,Unfurnished,"Lagos State, Ajah",Ajah,Lagos State,Enterprise,180000000.0
5bdrm Duplex in Ikota for sale,500,Duplex,5,5,Unfurnished,"Lekki, Ikota",Ikota,Lekki,Enterprise,450000000.0
4bdrm Duplex in Ikota for sale,355,Duplex,4,4,Unfurnished,"Lekki, Ikota",Ikota,Lekki,Enterprise,155000000.0
5bdrm Duplex in Lekki Phase 1 for sale,350,Duplex,5,5,Unfurnished,"Lekki, Lekki Phase 1",Lekki Phase 1,Lekki,Enterprise,550000000.0
Furnished 4bdrm Duplex in Western Avenue for sale,500,Duplex,4,4,Furnished,"Surulere, Western Avenue",Western Avenue,Surulere,Enterprise,450000000.0
5bdrm Duplex in Ajah for sale,350,Duplex,5,5,Unfurnished,"Lagos State, Ajah",Ajah,Lagos State,Enterprise,250000000.0
6bdrm Duplex in Lekki Phase 2 for sale,350,Duplex,6,6,Unfurnished,"Lekki, Lekki Phase 2",Lekki Phase 2,Lekki,Enterprise,400000000.0
4bdrm Duplex in Ajah for sale,500,Duplex,4,4,Unfurnished,"Lagos State, Ajah",Ajah,Lagos State,Enterprise,250000000.0
4bdrm Duplex in Ajah for sale,350,Duplex,4,4,Unfurnished,"Lagos State, Ajah",Ajah,Lagos State,Enterprise,170000000.0
"3bdrm Block of Flats in Daylight Property, Benin City for sale",465,Block of Flats,3,3,Unfurnished,"Edo State, Benin City",Benin City,Edo State,Diamond,13000000.0
"4bdrm Duplex in Hrc, Ajah for sale",600,Duplex,4,4,Semi-Furnished,"Lagos State, Ajah",Ajah,Lagos State,False,140000000.0
2bdrm Apartment in Katampe (Main) for sale,220,Apartment,2,2,Unfurnished,"Katampe, Katampe (Main)",Katampe (Main),Katampe,Diamond,90000000.0
"3bdrm Duplex in Sherwood Court, Sangotedo for sale",250,Duplex,3,3,Unfurnished,"Ajah, Sangotedo",Sangotedo,Ajah,Enterprise,150000000.0
5bdrm Duplex in Lekki for sale,500,Duplex,5,5,Unfurnished,"Lagos State, Lekki",Lekki,Lagos State,Enterprise,420000000.0
2bdrm Maisonette in Ogudu for sale,1000,Maisonette,2,2,Unfurnished,"Lagos State, Ogudu",Ogudu,Lagos State,Enterprise,100000000.0
2bdrm Apartment in Ikate for sale,500,Apartment,2,2,Unfurnished,"Lekki, Ikate",Ikate,Lekki,Enterprise,220000000.0
4bdrm Duplex in Ikota for sale,500,Duplex,4,4,Unfurnished,"Lekki, Ikota",Ikota,Lekki,Enterprise,220000000.0
3bdrm Duplex in Omole Phase 2 for sale,350,Duplex,3,3,Unfurnished,"Ikeja, Omole Phase 2",Omole Phase 2,Ikeja,Enterprise,300000000.0
4bdrm Duplex in Ologolo for sale,350,Duplex,4,4,Unfurnished,"Lekki, Ologolo",Ologolo,Lekki,Enterprise,250000000.0
3bdrm Apartment in Ikate for sale,500,Apartment,3,3,Unfurnished,"Lekki, Ikate",Ikate,Lekki,Enterprise,190000000.0
5bdrm Duplex in Lekki Phase 1 for sale,350,Duplex,5,5,Unfurnished,"Lekki, Lekki Phase 1",Lekki Phase 1,Lekki,Enterprise,750000000.0
4bdrm Duplex in Ikota for sale,350,Duplex,4,4,Unfurnished,"Lekki, Ikota",Ikota,Lekki,Enterprise,170000000.0
5bdrm Duplex in Adeniyi Jones Ikeja for sale,150,Duplex,5,6,Semi-Furnished,"Ikeja, Adeniyi Jones",Adeniyi Jones,Ikeja,Diamond,650000000.0
4bdrm Duplex in Dawaki for sale,700,Duplex,4,5,Unfurnished,"Gwarinpa, Dawaki",Dawaki,Gwarinpa,Diamond,350000000.0
5bdrm Duplex in Lugbe District for sale,800,Duplex,5,6,Unfurnished,"Abuja (FCT), Lugbe District",Lugbe District,Abuja (FCT),Diamond,170000000.0
4bdrm Duplex in Asokoro Main for sale,1000,Duplex,4,4,Unfurnished,"Abuja (FCT), Asokoro",Asokoro,Abuja (FCT),False,850000000.0
5bdrm Duplex in Ajah for sale,350,Duplex,5,5,Unfurnished,"Lagos State, Ajah",Ajah,Lagos State,Enterprise,360000000.0
5bdrm Duplex in GRA Phase 1 for sale,500,Duplex,5,5,Unfurnished,"Magodo, GRA Phase 1",GRA Phase 1,Magodo,Enterprise,600000000.0
5bdrm Duplex in Ikota for sale,350,Duplex,5,5,Unfurnished,"Lekki, Ikota",Ikota,Lekki,Enterprise,350000000.0
4bdrm Duplex in Off Lekki-Epe Expressway for sale,350,Duplex,4,4,Unfurnished,"Ajah, Off Lekki-Epe Expressway",Off Lekki-Epe Expressway,Ajah,Enterprise,130000000.0
4bdrm Duplex in Chevron for sale,500,Duplex,4,4,Unfurnished,"Lekki, Chevron",Chevron,Lekki,Enterprise,330000000.0
5bdrm Duplex in Lekki Phase 1 for sale,350,Duplex,5,5,Unfurnished,"Lekki, Lekki Phase 1",Lekki Phase 1,Lekki,Enterprise,750000000.0
4bdrm Duplex in Lekki for sale,350,Duplex,4,4,Unfurnished,"Lagos State, Lekki",Lekki,Lagos State,Enterprise,150000000.0
4bdrm Duplex in Ikoyi for sale,350,Duplex,4,4,Unfurnished,"Lagos State, Ikoyi",Ikoyi,Lagos State,Enterprise,650000000.0
4bdrm Duplex in Ajah for sale,350,Duplex,4,4,Unfurnished,"Lagos State, Ajah",Ajah,Lagos State,Enterprise,130000000.0
4bdrm Duplex in Ikate for sale,1000,Duplex,4,4,Unfurnished,"Lekki, Ikate",Ikate,Lekki,Enterprise,300000000.0
5bdrm Duplex in Ajah for sale,350,Duplex,5,5,Unfurnished,"Lagos State, Ajah",Ajah,Lagos State,Enterprise,300000000.0
5bdrm Duplex in Lekki for sale,350,Duplex,5,5,Unfurnished,"Lagos State, Lekki",Lekki,Lagos State,Enterprise,350000000.0
3bdrm Block of Flats in Life Camp for sale,500,Block of Flats,3,3,Unfurnished,"Gwarinpa, Life Camp",Life Camp,Gwarinpa,Diamond,75000000.0
"4bdrm Duplex in Brains And Hammers, Life Camp for sale",900,Duplex,4,4,Unfurnished,"Gwarinpa, Life Camp",Life Camp,Gwarinpa,False,90000000.0
3bdrm Apartment in Jahi for sale,1000,Apartment,3,3,Unfurnished,"Abuja (FCT), Jahi",Jahi,Abuja (FCT),False,220000000.0
1bdrm Apartment in Katampe (Main) for sale,190,Apartment,1,1,Semi-Furnished,"Katampe, Katampe (Main)",Katampe (Main),Katampe,Diamond,90000000.0
"2bdrm Apartment in Echellon Apartment, Awoyaya for sale",250,Apartment,2,2,Unfurnished,"Ibeju, Awoyaya",Awoyaya,Ibeju,Enterprise,87000000.0
5bdrm Duplex in Ikota for sale,350,Duplex,5,5,Unfurnished,"Lekki, Ikota",Ikota,Lekki,Enterprise,360000000.0
5bdrm Duplex in Gaduwa for sale,1000,Duplex,5,5,Unfurnished,"Abuja (FCT), Gaduwa",Gaduwa,Abuja (FCT),Enterprise,250000000.0
3bdrm Duplex in Ikate for sale,500,Duplex,3,3,Unfurnished,"Lekki, Ikate",Ikate,Lekki,Enterprise,200000000.0
4bdrm Duplex in Ikota for sale,350,Duplex,4,4,Unfurnished,"Lekki, Ikota",Ikota,Lekki,Enterprise,260000000.0
4bdrm Duplex in Ajah for sale,500,Duplex,4,4,Unfurnished,"Lagos State, Ajah",Ajah,Lagos State,Enterprise,180000000.0
5bdrm Duplex in Osapa london for sale,500,Duplex,5,5,Unfurnished,"Lekki, Osapa london",Osapa london,Lekki,Enterprise,600000000.0
5bdrm Duplex in Ikota for sale,500,Duplex,5,5,Unfurnished,"Lekki, Ikota",Ikota,Lekki,Enterprise,450000000.0
5bdrm Duplex in Ajah for sale,500,Duplex,5,5,Unfurnished,"Lagos State, Ajah",Ajah,Lagos State,Enterprise,650000000.0
3bdrm Duplex in Aguda / Surulere for sale,1000,Duplex,3,3,Unfurnished,"Surulere, Aguda / Surulere",Aguda / Surulere,Surulere,Enterprise,250000000.0
4bdrm Duplex in Ajah for sale,350,Duplex,4,4,Unfurnished,"Lagos State, Ajah",Ajah,Lagos State,Enterprise,160000000.0
4bdrm Duplex in Ikoyi for sale,350,Duplex,4,4,Unfurnished,"Lagos State, Ikoyi",Ikoyi,Lagos State,Enterprise,550000000.0
3bdrm Apartment in Victoria Island for sale,350,Apartment,3,3,Unfurnished,"Lagos State, Victoria Island",Victoria Island,Lagos State,Enterprise,380000000.0
5bdrm Duplex in Lekki for sale,350,Duplex,5,5,Unfurnished,"Lagos State, Lekki",Lekki,Lagos State,Enterprise,140000000.0
5bdrm Duplex in Lekki for sale,350,Duplex,5,5,Unfurnished,"Lagos State, Lekki",Lekki,Lagos State,Enterprise,800000000.0
5bdrm Duplex in Chevron for sale,350,Duplex,5,5,Unfurnished,"Lekki, Chevron",Chevron,Lekki,Enterprise,350000000.0
5bdrm Duplex in Lekki Phase 1 for sale,350,Duplex,5,5,Unfurnished,"Lekki, Lekki Phase 1",Lekki Phase 1,Lekki,Enterprise,850000000.0
"5bdrm Duplex in Greenwood, Ibeju for sale",600,Duplex,5,5,Semi-Furnished,"Lagos State, Ibeju",Ibeju,Lagos State,Diamond,170000000.0
"4bdrm Duplex in Brain Nd Hammer City, Life Camp for sale",500,Duplex,4,5,Unfurnished,"Gwarinpa, Life Camp",Life Camp,Gwarinpa,Diamond,120000000.0
4bdrm Duplex in Ogudu for sale,350,Duplex,4,4,Unfurnished,"Lagos State, Ogudu",Ogudu,Lagos State,Enterprise,270000000.0
4bdrm Duplex in Ajah for sale,500,Duplex,4,4,Unfurnished,"Lagos State, Ajah",Ajah,Lagos State,Enterprise,290000000.0
3bdrm Duplex in Surulere for sale,500,Duplex,3,3,Unfurnished,"Lagos State, Surulere",Surulere,Lagos State,Enterprise,250000000.0
2bdrm Apartment in Lekki Phase 1 for sale,600,Apartment,2,2,Unfurnished,"Lekki, Lekki Phase 1",Lekki Phase 1,Lekki,Enterprise,160000000.0
5bdrm Duplex in Ajah for sale,350,Duplex,5,5,Unfurnished,"Lagos State, Ajah",Ajah,Lagos State,Enterprise,200000000.0
4bdrm Duplex in Ikate for sale,1000,Duplex,4,4,Unfurnished,"Lekki, Ikate",Ikate,Lekki,Enterprise,250000000.0
4bdrm Duplex in Chevron for sale,500,Duplex,4,4,Unfurnished,"Lekki, Chevron",Chevron,Lekki,Enterprise,460000000.0
3bdrm Duplex in Lekki for sale,350,Duplex,3,3,Unfurnished,"Lagos State, Lekki",Lekki,Lagos State,Enterprise,180000000.0
4bdrm Duplex in Ikota for sale,350,Duplex,4,4,Unfurnished,"Lekki, Ikota",Ikota,Lekki,Enterprise,150000000.0
5bdrm Duplex in Lekki Phase 1 for sale,350,Duplex,5,5,Unfurnished,"Lekki, Lekki Phase 1",Lekki Phase 1,Lekki,Enterprise,950000000.0
3bdrm Block of Flats in GRA Phase 2 Shangisha for sale,500,Block of Flats,3,3,Unfurnished,"Magodo, GRA Phase 2 Shangisha",GRA Phase 2 Shangisha,Magodo,Enterprise,220000000.0
2bdrm Apartment in Ikate for sale,1000,Apartment,2,2,Unfurnished,"Lekki, Ikate",Ikate,Lekki,Enterprise,200000000.0
4bdrm Duplex in Life Camp for sale,700,Duplex,4,4,Unfurnished,"Gwarinpa, Life Camp",Life Camp,Gwarinpa,Diamond,150000000.0
4bdrm Duplex in Gwarinpa for sale,700,Duplex,4,5,Unfurnished,"Abuja (FCT), Gwarinpa",Gwarinpa,Abuja (FCT),Diamond,300000000.0
4bdrm Duplex in Guzape Main for sale,1000,Duplex,4,4,Unfurnished,"Abuja (FCT), Guzape District",Guzape District,Abuja (FCT),False,450000000.0
4bdrm Duplex in Guzape for sale,1000,Duplex,4,4,Unfurnished,"Abuja (FCT), Guzape District",Guzape District,Abuja (FCT),False,420000000.0
4bdrm Duplex in Asokoro for sale,1000,Duplex,4,4,Unfurnished,"Abuja (FCT), Asokoro",Asokoro,Abuja (FCT),False,500000000.0
3bdrm Apartment in Jakande for sale,1000,Apartment,3,3,Unfurnished,"Lekki, Jakande",Jakande,Lekki,Enterprise,150000000.0
6bdrm Duplex in Ajah for sale,500,Duplex,6,6,Unfurnished,"Lagos State, Ajah",Ajah,Lagos State,Enterprise,850000000.0
5bdrm Duplex in Ikota for sale,450,Duplex,5,5,Unfurnished,"Lekki, Ikota",Ikota,Lekki,Enterprise,470000000.0
"2bdrm Maisonette in & 3Bedroom, FHA for sale",1000,Maisonette,2,2,Unfurnished,"Lugbe District, FHA",FHA,Lugbe District,Enterprise,69000000.0
5bdrm Duplex in Ikota for sale,350,Duplex,5,5,Unfurnished,"Lekki, Ikota",Ikota,Lekki,Enterprise,450000000.0
5bdrm Duplex in Chevron for sale,300,Duplex,5,5,Unfurnished,"Lekki, Chevron",Chevron,Lekki,Enterprise,520000000.0
5bdrm Duplex in Off Lekki-Epe Expressway for sale,310,Duplex,5,5,Unfurnished,"Ajah, Off Lekki-Epe Expressway",Off Lekki-Epe Expressway,Ajah,Enterprise,310000000.0
4bdrm Duplex in Lekki Phase 2 for sale,350,Duplex,4,4,Unfurnished,"Lekki, Lekki Phase 2",Lekki Phase 2,Lekki,Enterprise,180000000.0
4bdrm Duplex in Lekki for sale,350,Duplex,4,4,Unfurnished,"Lagos State, Lekki",Lekki,Lagos State,Enterprise,300000000.0
5bdrm Duplex in Ajah for sale,350,Duplex,5,5,Unfurnished,"Lagos State, Ajah",Ajah,Lagos State,Enterprise,300000000.0
5bdrm Duplex in Ikate for sale,350,Duplex,5,5,Unfurnished,"Lekki, Ikate",Ikate,Lekki,Enterprise,750000000.0
4bdrm Duplex in Ikota for sale,350,Duplex,4,4,Unfurnished,"Lekki, Ikota",Ikota,Lekki,Enterprise,280000000.0
4bdrm Duplex in Ajah for sale,350,Duplex,4,4,Unfurnished,"Lagos State, Ajah",Ajah,Lagos State,Enterprise,180000000.0
"4bdrm Duplex in Army Estate, Kubwa for sale",500,Duplex,4,5,Unfurnished,"Abuja (FCT), Kubwa",Kubwa,Abuja (FCT),Diamond,160000000.0
Furnished 2bdrm Block of Flats in Katampe (Main) for sale,500,Block of Flats,2,3,Furnished,"Katampe, Katampe (Main)",Katampe (Main),Katampe,Diamond,150000000.0
"4bdrm Bungalow in Daylight Property, Benin City for sale",456,Bungalow,4,4,Unfurnished,"Edo State, Benin City",Benin City,Edo State,Diamond,16000000.0
5bdrm Duplex in Jahi for sale,400,Duplex,5,5,Semi-Furnished,"Abuja (FCT), Jahi",Jahi,Abuja (FCT),Diamond,600000000.0
5bdrm Duplex in Ajah for sale,350,Duplex,5,5,Unfurnished,"Lagos State, Ajah",Ajah,Lagos State,Enterprise,150000000.0
5bdrm Duplex in Ikota for sale,500,Duplex,5,5,Unfurnished,"Lekki, Ikota",Ikota,Lekki,Enterprise,420000000.0
5bdrm Duplex in Chevron for sale,350,Duplex,5,5,Unfurnished,"Lekki, Chevron",Chevron,Lekki,Enterprise,680000000.0
1bdrm Apartment in Lekki Phase 1 for sale,1000,Apartment,1,1,Unfurnished,"Lekki, Lekki Phase 1",Lekki Phase 1,Lekki,Enterprise,170000000.0
4bdrm Maisonette in Lekki Phase 1 for sale,1000,Maisonette,4,4,Unfurnished,"Lekki, Lekki Phase 1",Lekki Phase 1,Lekki,Enterprise,300000000.0
4bdrm Duplex in Ikate for sale,500,Duplex,4,4,Unfurnished,"Lekki, Ikate",Ikate,Lekki,Enterprise,185000000.0
4bdrm Duplex in Ikota for sale,350,Duplex,4,4,Unfurnished,"Lekki, Ikota",Ikota,Lekki,Enterprise,170000000.0
4bdrm Duplex in Lekki for sale,500,Duplex,4,4,Unfurnished,"Lagos State, Lekki",Lekki,Lagos State,Enterprise,250000000.0
3bdrm Block of Flats in Surulere for sale,600,Block of Flats,3,3,Unfurnished,"Lagos State, Surulere",Surulere,Lagos State,Enterprise,110000000.0
5bdrm Duplex in Kiami for sale,1000,Duplex,5,5,Unfurnished,"Lugbe District, Kiami",Kiami,Lugbe District,Enterprise,120000000.0
3bdrm Bungalow in Kubwa for sale,700,Bungalow,3,4,Unfurnished,"Abuja (FCT), Kubwa",Kubwa,Abuja (FCT),Diamond,75000000.0
"3bdrm Block of Flats in Daylight Property, Benin City for sale",624,Block of Flats,3,3,Unfurnished,"Edo State, Benin City",Benin City,Edo State,Diamond,50000000.0
4bdrm Duplex in Guzape for sale,1000,Duplex,4,4,Unfurnished,"Abuja (FCT), Guzape District",Guzape District,Abuja (FCT),False,400000000.0
4bdrm Duplex in Ajah for sale,350,Duplex,4,4,Unfurnished,"Lagos State, Ajah",Ajah,Lagos State,Enterprise,220000000.0
4bdrm Maisonette in Banana Island for sale,350,Maisonette,4,4,Unfurnished,"Ikoyi, Banana Island",Banana Island,Ikoyi,Enterprise,800000000.0
4bdrm Duplex in Ikota for sale,350,Duplex,4,4,Unfurnished,"Lekki, Ikota",Ikota,Lekki,Enterprise,250000000.0
4bdrm Duplex in Ajah for sale,350,Duplex,4,4,Unfurnished,"Lagos State, Ajah",Ajah,Lagos State,Enterprise,95000000.0
5bdrm Duplex in Ajah for sale,500,Duplex,5,5,Unfurnished,"Lagos State, Ajah",Ajah,Lagos State,Enterprise,250000000.0
4bdrm Duplex in GRA Phase 1 for sale,500,Duplex,4,4,Unfurnished,"Magodo, GRA Phase 1",GRA Phase 1,Magodo,Enterprise,280000000.0
5bdrm Duplex in Ajah for sale,500,Duplex,5,5,Unfurnished,"Lagos State, Ajah",Ajah,Lagos State,Enterprise,250000000.0
12bdrm Room & Parlour in Benin City for sale,500,Room & Parlour,12,12,Unfurnished,"Edo State, Benin City",Benin City,Edo State,Enterprise,25000000.0
5bdrm Duplex in Lekki for sale,350,Duplex,5,5,Unfurnished,"Lagos State, Lekki",Lekki,Lagos State,Enterprise,300000000.0
2bdrm Apartment in Lekki Phase 1 for sale,500,Apartment,2,2,Unfurnished,"Lekki, Lekki Phase 1",Lekki Phase 1,Lekki,Enterprise,280000000.0
4bdrm Duplex in Lekki for sale,350,Duplex,4,4,Unfurnished,"Lagos State, Lekki",Lekki,Lagos State,Enterprise,170000000.0
4bdrm Duplex in Life Camp for sale,700,Duplex,4,5,Unfurnished,"Gwarinpa, Life Camp",Life Camp,Gwarinpa,Diamond,100000000.0
4bdrm Duplex in Life Camp for sale,500,Duplex,4,5,Unfurnished,"Gwarinpa, Life Camp",Life Camp,Gwarinpa,Diamond,65000000.0
"Furnished 5bdrm Duplex in 5 Bedroom Duplex, Owerri for sale",300,Duplex,5,5,Furnished,"Imo State, Owerri",Owerri,Imo State,Diamond,180000000.0
"Furnished 3bdrm Duplex in Belham Estate, Karsana for sale",200,Duplex,3,3,Furnished,"Gwagwa, Karsana",Karsana,Gwagwa,Diamond,220000000.0
5bdrm Duplex in Lekki Phase 1 for sale,350,Duplex,5,5,Unfurnished,"Lekki, Lekki Phase 1",Lekki Phase 1,Lekki,Enterprise,850000000.0
5bdrm Duplex in Off Lekki-Epe Expressway for sale,350,Duplex,5,5,Unfurnished,"Ajah, Off Lekki-Epe Expressway",Off Lekki-Epe Expressway,Ajah,Enterprise,250000000.0
5bdrm Duplex in Lekki for sale,350,Duplex,5,5,Unfurnished,"Lagos State, Lekki",Lekki,Lagos State,Enterprise,400000000.0
5bdrm Duplex in Ikota for sale,350,Duplex,5,5,Unfurnished,"Lekki, Ikota",Ikota,Lekki,Enterprise,300000000.0
5bdrm Duplex in Lekki for sale,350,Duplex,5,5,Unfurnished,"Lagos State, Lekki",Lekki,Lagos State,Enterprise,550000000.0
5bdrm Apartment in Adamo for sale,600,Apartment,5,5,Unfurnished,"Ikorodu, Adamo",Adamo,Ikorodu,Enterprise,28000000.0
4bdrm Penthouse in Ikate for sale,1000,Penthouse,4,4,Unfurnished,"Lekki, Ikate",Ikate,Lekki,Enterprise,450000000.0
4bdrm Duplex in Lekki Phase 2 for sale,500,Duplex,4,4,Unfurnished,"Lekki, Lekki Phase 2",Lekki Phase 2,Lekki,Enterprise,200000000.0
3bdrm Bungalow in Kubwa for sale,450,Bungalow,3,4,Unfurnished,"Abuja (FCT), Kubwa",Kubwa,Abuja (FCT),Diamond,55000000.0
"2bdrm Apartment in Autograph Lagos, Ikate for sale",250,Apartment,2,2,Unfurnished,"Lekki, Ikate",Ikate,Lekki,Enterprise,200000000.0
"3bdrm Bungalow in Urban Signature, Eleko for sale",250,Bungalow,3,3,Unfurnished,"Ibeju, Eleko",Eleko,Ibeju,Enterprise,95000000.0
5bdrm Block of Flats in Agric for sale,600,Block of Flats,5,5,Unfurnished,"Ikorodu, Agric",Agric,Ikorodu,Enterprise,100000000.0
5bdrm Duplex in Agungi for sale,350,Duplex,5,5,Unfurnished,"Lekki, Agungi",Agungi,Lekki,Enterprise,230000000.0
4bdrm Duplex in Ajah for sale,500,Duplex,4,4,Unfurnished,"Lagos State, Ajah",Ajah,Lagos State,Enterprise,120000000.0
2bdrm Apartment in Ikate for sale,1000,Apartment,2,2,Unfurnished,"Lekki, Ikate",Ikate,Lekki,Enterprise,145000000.0
4bdrm Duplex in Ajah for sale,350,Duplex,4,4,Unfurnished,"Lagos State, Ajah",Ajah,Lagos State,Enterprise,170000000.0
5bdrm Duplex in Chevron for sale,500,Duplex,5,5,Unfurnished,"Lekki, Chevron",Chevron,Lekki,Enterprise,480000000.0
4bdrm Duplex in Lekki Phase 2 for sale,350,Duplex,4,4,Unfurnished,"Lekki, Lekki Phase 2",Lekki Phase 2,Lekki,Enterprise,95000000.0
2bdrm Apartment in Ikate for sale,600,Apartment,2,2,Unfurnished,"Lekki, Ikate",Ikate,Lekki,Enterprise,125000000.0
2bdrm Apartment in Victoria Island for sale,1000,Apartment,2,2,Unfurnished,"Lagos State, Victoria Island",Victoria Island,Lagos State,Enterprise,290000000.0
4bdrm Duplex in Ajah for sale,500,Duplex,4,4,Unfurnished,"Lagos State, Ajah",Ajah,Lagos State,Enterprise,180000000.0
4bdrm Duplex in Ikota for sale,350,Duplex,4,4,Unfurnished,"Lekki, Ikota",Ikota,Lekki,Enterprise,180000000.0
4bdrm Duplex in Dawaki for sale,700,Duplex,4,5,Unfurnished,"Gwarinpa, Dawaki",Dawaki,Gwarinpa,Diamond,220000000.0
4bdrm Duplex in Ikota for sale,350,Duplex,4,4,Unfurnished,"Lekki, Ikota",Ikota,Lekki,Enterprise,170000000.0
5bdrm Duplex in Ikota for sale,350,Duplex,5,5,Unfurnished,"Lekki, Ikota",Ikota,Lekki,Enterprise,250000000.0
5bdrm Duplex in Off Lekki-Epe Expressway for sale,350,Duplex,5,5,Unfurnished,"Ajah, Off Lekki-Epe Expressway",Off Lekki-Epe Expressway,Ajah,Enterprise,300000000.0
4bdrm Duplex in Ikate for sale,600,Duplex,4,4,Unfurnished,"Lekki, Ikate",Ikate,Lekki,Enterprise,250000000.0
5bdrm Duplex in Lekki Phase 2 for sale,500,Duplex,5,5,Unfurnished,"Lekki, Lekki Phase 2",Lekki Phase 2,Lekki,Enterprise,550000000.0
5bdrm Duplex in Lekki for sale,350,Duplex,5,5,Unfurnished,"Lagos State, Lekki",Lekki,Lagos State,Enterprise,500000000.0
5bdrm Duplex in Lekki Phase 1 for sale,500,Duplex,5,5,Unfurnished,"Lekki, Lekki Phase 1",Lekki Phase 1,Lekki,Enterprise,550000000.0
5bdrm Duplex in Chevron for sale,350,Duplex,5,5,Unfurnished,"Lekki, Chevron",Chevron,Lekki,Enterprise,420000000.0
5bdrm Duplex in Ajah for sale,500,Duplex,5,5,Unfurnished,"Lagos State, Ajah",Ajah,Lagos State,Enterprise,285000000.0
5bdrm Duplex in Lekki for sale,350,Duplex,5,5,Unfurnished,"Lagos State, Lekki",Lekki,Lagos State,Enterprise,250000000.0
5bdrm Duplex in Lekki for sale,350,Duplex,5,5,Unfurnished,"Lagos State, Lekki",Lekki,Lagos State,Enterprise,350000000.0
4bdrm Duplex in Ikota for sale,350,Duplex,4,4,Unfurnished,"Lekki, Ikota",Ikota,Lekki,Enterprise,220000000.0
5bdrm Duplex in Lekki for sale,350,Duplex,5,5,Unfurnished,"Lagos State, Lekki",Lekki,Lagos State,Enterprise,450000000.0
4bdrm Duplex in Ikota for sale,500,Duplex,4,4,Unfurnished,"Lekki, Ikota",Ikota,Lekki,Enterprise,130000000.0
Furnished 4bdrm Duplex in Chevron for sale,278,Duplex,4,4,Furnished,"Lekki, Chevron",Chevron,Lekki,Diamond,280000000.0
"3bdrm Block of Flats in Berger Clinic, Life Camp for sale",700,Block of Flats,3,4,Unfurnished,"Gwarinpa, Life Camp",Life Camp,Gwarinpa,Diamond,130000000.0
5bdrm Duplex in Katampe (Main) for sale,400,Duplex,5,5,Unfurnished,"Katampe, Katampe (Main)",Katampe (Main),Katampe,Diamond,550000000.0
3bdrm Apartment in Ikeja GRA for sale,250,Apartment,3,3,Unfurnished,"Ikeja, Ikeja GRA",Ikeja GRA,Ikeja,Enterprise,440000000.0
4bdrm Duplex in Ajah for sale,350,Duplex,4,4,Unfurnished,"Lagos State, Ajah",Ajah,Lagos State,Enterprise,250000000.0
5bdrm Duplex in GRA Phase 2 Shangisha for sale,500,Duplex,5,5,Unfurnished,"Magodo, GRA Phase 2 Shangisha",GRA Phase 2 Shangisha,Magodo,Enterprise,750000000.0
5bdrm Duplex in Lekki for sale,350,Duplex,5,5,Unfurnished,"Lagos State, Lekki",Lekki,Lagos State,Enterprise,380000000.0
4bdrm Duplex in Ikate for sale,350,Duplex,4,4,Unfurnished,"Lekki, Ikate",Ikate,Lekki,Enterprise,450000000.0
5bdrm Duplex in Osapa london for sale,350,Duplex,5,5,Unfurnished,"Lekki, Osapa london",Osapa london,Lekki,Enterprise,550000000.0
4bdrm Duplex in Lekki Phase 2 for sale,350,Duplex,4,4,Unfurnished,"Lekki, Lekki Phase 2",Lekki Phase 2,Lekki,Enterprise,200000000.0
Furnished 4bdrm Duplex in Chevron for sale,350,Duplex,4,4,Furnished,"Lekki, Chevron",Chevron,Lekki,Enterprise,260000000.0
4bdrm Duplex in Yaba for sale,1000,Duplex,4,4,Unfurnished,"Lagos State, Yaba",Yaba,Lagos State,Enterprise,200000000.0
4bdrm Duplex in Lekki Phase 2 for sale,500,Duplex,4,4,Unfurnished,"Lekki, Lekki Phase 2",Lekki Phase 2,Lekki,Enterprise,150000000.0
5bdrm Duplex in Ajah for sale,350,Duplex,5,5,Unfurnished,"Lagos State, Ajah",Ajah,Lagos State,Enterprise,300000000.0
5bdrm Duplex in Lekki for sale,350,Duplex,5,5,Unfurnished,"Lagos State, Lekki",Lekki,Lagos State,Enterprise,220000000.0
4bdrm Duplex in Ajah for sale,500,Duplex,4,4,Unfurnished,"Lagos State, Ajah",Ajah,Lagos State,Enterprise,500000000.0
5bdrm Duplex in Ikota for sale,350,Duplex,5,5,Unfurnished,"Lekki, Ikota",Ikota,Lekki,Enterprise,350000000.0
4bdrm Duplex in Ajah for sale,350,Duplex,4,4,Unfurnished,"Lagos State, Ajah",Ajah,Lagos State,Enterprise,180000000.0
5bdrm Duplex in Ikota for sale,350,Duplex,5,5,Unfurnished,"Lekki, Ikota",Ikota,Lekki,Enterprise,490000000.0
4bdrm Duplex in Ikota for sale,350,Duplex,4,4,Unfurnished,"Lekki, Ikota",Ikota,Lekki,Enterprise,250000000.0
Furnished 5bdrm House in Makurdi for sale,939,House,5,4,Furnished,"Benue State, Makurdi",Makurdi,Benue State,False,85000000.0
2bdrm Duplex in Katampe (Main) for sale,500,Duplex,2,3,Unfurnished,"Katampe, Katampe (Main)",Katampe (Main),Katampe,Diamond,90000000.0
3bdrm Block of Flats in Kubwa for sale,700,Block of Flats,3,4,Unfurnished,"Abuja (FCT), Kubwa",Kubwa,Abuja (FCT),Diamond,50000000.0
3bdrm Bungalow in Dutse-Alhaji for sale,700,Bungalow,3,4,Unfurnished,"Abuja (FCT), Dutse-Alhaji",Dutse-Alhaji,Abuja (FCT),Diamond,30000000.0
"4bdrm House in Ire Estate, Igbogbo for sale",600,House,4,4,Unfurnished,"Ikorodu, Igbogbo",Igbogbo,Ikorodu,Diamond,20000000.0
"4bdrm Duplex in Guza Main, Guzape District for sale",1000,Duplex,4,4,Unfurnished,"Abuja (FCT), Guzape District",Guzape District,Abuja (FCT),False,800000000.0
3bdrm Duplex in Galadimawa for sale,180,Duplex,3,3,Semi-Furnished,"Abuja (FCT), Galadimawa",Galadimawa,Abuja (FCT),Diamond,160000000.0
5bdrm Duplex in Chevron for sale,500,Duplex,5,5,Unfurnished,"Lekki, Chevron",Chevron,Lekki,Enterprise,900000000.0
5bdrm Duplex in Chevron for sale,500,Duplex,5,5,Unfurnished,"Lekki, Chevron",Chevron,Lekki,Enterprise,400000000.0
2bdrm Apartment in Lekki Phase 1 for sale,500,Apartment,2,2,Unfurnished,"Lekki, Lekki Phase 1",Lekki Phase 1,Lekki,Enterprise,300000000.0
"4bdrm Duplex in $900, 000, Old Ikoyi for sale",1000,Duplex,4,4,Unfurnished,"Ikoyi, Old Ikoyi",Old Ikoyi,Ikoyi,Enterprise,900000000.0
3bdrm Duplex in Lekki for sale,500,Duplex,3,5,Unfurnished,"Lagos State, Lekki",Lekki,Lagos State,Enterprise,560000000.0
5bdrm Duplex in Lekki for sale,350,Duplex,5,5,Unfurnished,"Lagos State, Lekki",Lekki,Lagos State,Enterprise,600000000.0
5bdrm Duplex in Osapa london for sale,500,Duplex,5,5,Unfurnished,"Lekki, Osapa london",Osapa london,Lekki,Enterprise,390000000.0
4bdrm Duplex in Off Lekki-Epe Expressway for sale,500,Duplex,4,4,Unfurnished,"Ajah, Off Lekki-Epe Expressway",Off Lekki-Epe Expressway,Ajah,Enterprise,150000000.0
5bdrm Duplex in Lekki Phase 2 for sale,350,Duplex,5,5,Unfurnished,"Lekki, Lekki Phase 2",Lekki Phase 2,Lekki,Enterprise,385000000.0
5bdrm Duplex in Ikota for sale,500,Duplex,5,5,Unfurnished,"Lekki, Ikota",Ikota,Lekki,Enterprise,380000000.0
2bdrm Apartment in Osapa london for sale,500,Apartment,2,2,Unfurnished,"Lekki, Osapa london",Osapa london,Lekki,Enterprise,180000000.0
2bdrm Apartment in Ilasan for sale,1000,Apartment,2,2,Unfurnished,"Lekki, Ilasan",Ilasan,Lekki,Enterprise,125000000.0
4bdrm Duplex in Oregun for sale,500,Duplex,4,4,Unfurnished,"Ikeja, Oregun",Oregun,Ikeja,Enterprise,300000000.0
4bdrm Duplex in Ikota for sale,350,Duplex,4,4,Unfurnished,"Lekki, Ikota",Ikota,Lekki,Enterprise,220000000.0
"5bdrm Duplex in Lekki, Osapa london for sale",350,Duplex,5,5,Unfurnished,"Lekki, Osapa london",Osapa london,Lekki,Enterprise,300000000.0
2bdrm Apartment in Guzape District for sale,180,Apartment,2,2,Semi-Furnished,"Abuja (FCT), Guzape District",Guzape District,Abuja (FCT),Diamond,120000000.0
5bdrm Duplex in Ajah for sale,350,Duplex,5,5,Unfurnished,"Lagos State, Ajah",Ajah,Lagos State,Enterprise,230000000.0
5bdrm Duplex in Sangotedo for sale,500,Duplex,5,5,Unfurnished,"Ajah, Sangotedo",Sangotedo,Ajah,Enterprise,400000000.0
5bdrm Duplex in Lekki for sale,350,Duplex,5,5,Unfurnished,"Lagos State, Lekki",Lekki,Lagos State,Enterprise,300000000.0
2bdrm Apartment in Lekki Phase 1 for sale,600,Apartment,2,2,Unfurnished,"Lekki, Lekki Phase 1",Lekki Phase 1,Lekki,Enterprise,250000000.0
4bdrm Duplex in Ajah for sale,350,Duplex,4,4,Unfurnished,"Lagos State, Ajah",Ajah,Lagos State,Enterprise,140000000.0
5bdrm Duplex in Ajah for sale,350,Duplex,5,5,Unfurnished,"Lagos State, Ajah",Ajah,Lagos State,Enterprise,250000000.0
5bdrm Duplex in Lekki Phase 1 for sale,500,Duplex,5,5,Unfurnished,"Lekki, Lekki Phase 1",Lekki Phase 1,Lekki,Enterprise,700000000.0
3bdrm Duplex in Kiami for sale,1000,Duplex,3,3,Unfurnished,"Lugbe District, Kiami",Kiami,Lugbe District,Enterprise,70000000.0
5bdrm Duplex in Idado for sale,350,Duplex,5,5,Unfurnished,"Lekki, Idado",Idado,Lekki,Enterprise,450000000.0
3bdrm Duplex in Agungi for sale,500,Duplex,3,3,Unfurnished,"Lekki, Agungi",Agungi,Lekki,Enterprise,170000000.0
5bdrm Duplex in Magodo for sale,350,Duplex,5,5,Unfurnished,"Lagos State, Magodo",Magodo,Lagos State,Enterprise,400000000.0
2bdrm Apartment in Lekki for sale,500,Apartment,2,2,Unfurnished,"Lagos State, Lekki",Lekki,Lagos State,Enterprise,120000000.0
5bdrm Duplex in Ajah for sale,350,Duplex,5,5,Unfurnished,"Lagos State, Ajah",Ajah,Lagos State,Enterprise,230000000.0
4bdrm Duplex in Ajah for sale,350,Duplex,4,4,Unfurnished,"Lagos State, Ajah",Ajah,Lagos State,Enterprise,250000000.0
"4bdrm Duplex in Akwaka Estate, Port-Harcourt for sale",289,Duplex,4,5,Unfurnished,"Rivers State, Port-Harcourt",Port-Harcourt,Rivers State,Enterprise,190000000.0
5bdrm Duplex in Lekki Phase 1 for sale,200,Duplex,5,5,Unfurnished,"Lekki, Lekki Phase 1",Lekki Phase 1,Lekki,Diamond,350000000.0
1bdrm Block of Flats in Life Camp for sale,700,Block of Flats,1,2,Unfurnished,"Gwarinpa, Life Camp",Life Camp,Gwarinpa,Diamond,18000000.0
4bdrm Duplex in Life Camp for sale,700,Duplex,4,4,Unfurnished,"Gwarinpa, Life Camp",Life Camp,Gwarinpa,Diamond,65000000.0
4bdrm Duplex in Guzape Main for sale,1000,Duplex,4,4,Unfurnished,"Abuja (FCT), Guzape District",Guzape District,Abuja (FCT),False,450000000.0
"2bdrm Apartment in Ambiance Apartments, Lekki Phase 1 for sale",250,Apartment,2,2,Unfurnished,"Lekki, Lekki Phase 1",Lekki Phase 1,Lekki,Enterprise,250000000.0
3bdrm Duplex in Ajah for sale,500,Duplex,3,3,Unfurnished,"Lagos State, Ajah",Ajah,Lagos State,Enterprise,80000000.0
5bdrm Duplex in Chevron for sale,500,Duplex,5,5,Unfurnished,"Lekki, Chevron",Chevron,Lekki,Enterprise,450000000.0
8bdrm Block of Flats in Jumofak for sale,600,Block of Flats,8,8,Unfurnished,"Ikorodu, Jumofak",Jumofak,Ikorodu,Enterprise,75000000.0
5bdrm Duplex in Ajah for sale,320,Duplex,5,5,Unfurnished,"Lagos State, Ajah",Ajah,Lagos State,Enterprise,250000000.0
4bdrm Duplex in Ajah for sale,500,Duplex,4,4,Unfurnished,"Lagos State, Ajah",Ajah,Lagos State,Enterprise,200000000.0
4bdrm Duplex in Ajah for sale,350,Duplex,4,4,Unfurnished,"Lagos State, Ajah",Ajah,Lagos State,Enterprise,260000000.0
5bdrm Duplex in Chevron for sale,500,Duplex,5,5,Unfurnished,"Lekki, Chevron",Chevron,Lekki,Enterprise,550000000.0
4bdrm Duplex in Ajah for sale,350,Duplex,4,4,Unfurnished,"Lagos State, Ajah",Ajah,Lagos State,Enterprise,140000000.0
5bdrm Duplex in Ajah for sale,350,Duplex,5,5,Unfurnished,"Lagos State, Ajah",Ajah,Lagos State,Enterprise,300000000.0
4bdrm Duplex in Ikota for sale,350,Duplex,4,4,Unfurnished,"Lekki, Ikota",Ikota,Lekki,Enterprise,230000000.0
3bdrm Duplex in Ajah for sale,350,Duplex,3,3,Unfurnished,"Lagos State, Ajah",Ajah,Lagos State,Enterprise,90000000.0
4bdrm Bungalow in Lugbe District for sale,700,Bungalow,4,5,Unfurnished,"Abuja (FCT), Lugbe District",Lugbe District,Abuja (FCT),Diamond,160000000.0
4bdrm Duplex in Ikota for sale,350,Duplex,4,4,Unfurnished,"Lekki, Ikota",Ikota,Lekki,Enterprise,180000000.0
3bdrm Duplex in Ajah for sale,500,Duplex,3,3,Unfurnished,"Lagos State, Ajah",Ajah,Lagos State,Enterprise,105000000.0
2bdrm Apartment in Lekki Phase 2 for sale,500,Apartment,2,2,Unfurnished,"Lekki, Lekki Phase 2",Lekki Phase 2,Lekki,Enterprise,125000000.0
5bdrm Duplex in Lekki Phase 2 for sale,350,Duplex,5,5,Unfurnished,"Lekki, Lekki Phase 2",Lekki Phase 2,Lekki,Enterprise,270000000.0
2bdrm Apartment in Lekki for sale,500,Apartment,2,2,Unfurnished,"Lagos State, Lekki",Lekki,Lagos State,Enterprise,150000000.0
5bdrm Duplex in Ajah for sale,350,Duplex,5,5,Unfurnished,"Lagos State, Ajah",Ajah,Lagos State,Enterprise,250000000.0
2bdrm Apartment in Lekki Phase 1 for sale,1000,Apartment,2,2,Unfurnished,"Lekki, Lekki Phase 1",Lekki Phase 1,Lekki,Enterprise,250000000.0
4bdrm Duplex in Lekki Phase 1 for sale,500,Duplex,4,4,Unfurnished,"Lekki, Lekki Phase 1",Lekki Phase 1,Lekki,Enterprise,450000000.0
5bdrm Duplex in Lekki for sale,350,Duplex,5,5,Unfurnished,"Lagos State, Lekki",Lekki,Lagos State,Enterprise,380000000.0
"5bdrm Bungalow in Oluana, Ibadan for sale",532,Bungalow,5,7,Unfurnished,"Oyo State, Ibadan",Ibadan,Oyo State,Diamond,75000000.0
"Furnished 4bdrm Duplex in Gbalajam, Port-Harcourt for sale",330,Duplex,4,5,Furnished,"Rivers State, Port-Harcourt",Port-Harcourt,Rivers State,Enterprise,330000000.0
4bdrm Duplex in Lekki Phase 2 for sale,123,Duplex,4,4,Unfurnished,"Lekki, Lekki Phase 2",Lekki Phase 2,Lekki,Diamond,260000000.0
3bdrm Block of Flats in Durumi for sale,500,Block of Flats,3,4,Unfurnished,"Abuja (FCT), Durumi",Durumi,Abuja (FCT),Diamond,120000000.0
3bdrm Block of Flats in Katampe (Main) for sale,500,Block of Flats,3,4,Unfurnished,"Katampe, Katampe (Main)",Katampe (Main),Katampe,Diamond,200000000.0
"Furnished 4bdrm Duplex in Ajah, Thomas Estate for sale",400,Duplex,4,5,Furnished,"Ajah, Thomas Estate",Thomas Estate,Ajah,False,280000000.0
"4bdrm Duplex in Citadel Oasis, Abraham Adesanya for sale",300,Duplex,4,4,Unfurnished,"Surulere, Abraham Adesanya",Abraham Adesanya,Surulere,Enterprise,240000000.0
4bdrm Duplex in Igbo-efon for sale,600,Duplex,4,4,Unfurnished,"Lekki, Igbo-efon",Igbo-efon,Lekki,Enterprise,140000000.0
4bdrm Duplex in Off Lekki-Epe Expressway for sale,350,Duplex,4,4,Unfurnished,"Ajah, Off Lekki-Epe Expressway",Off Lekki-Epe Expressway,Ajah,Enterprise,170000000.0
5bdrm Duplex in Ajah for sale,350,Duplex,5,5,Unfurnished,"Lagos State, Ajah",Ajah,Lagos State,Enterprise,280000000.0
5bdrm Duplex in Ologolo for sale,350,Duplex,5,5,Unfurnished,"Lekki, Ologolo",Ologolo,Lekki,Enterprise,340000000.0
4bdrm Duplex in Ajah for sale,500,Duplex,4,4,Unfurnished,"Lagos State, Ajah",Ajah,Lagos State,Enterprise,130000000.0
Furnished 4bdrm Duplex in Lekki for sale,1000,Duplex,4,4,Furnished,"Lagos State, Lekki",Lekki,Lagos State,Enterprise,120000000.0
4bdrm Duplex in Ajah for sale,350,Duplex,4,4,Unfurnished,"Lagos State, Ajah",Ajah,Lagos State,Enterprise,145000000.0
3bdrm Duplex in Ado / Ajah for sale,500,Duplex,3,4,Unfurnished,"Ajah, Ado / Ajah",Ado / Ajah,Ajah,Enterprise,75000000.0
4bdrm Duplex in Osapa london for sale,350,Duplex,4,4,Unfurnished,"Lekki, Osapa london",Osapa london,Lekki,Enterprise,180000000.0
5bdrm Duplex in Chevron for sale,500,Duplex,5,5,Unfurnished,"Lekki, Chevron",Chevron,Lekki,Enterprise,500000000.0
4bdrm Duplex in Ajah for sale,350,Duplex,4,4,Unfurnished,"Lagos State, Ajah",Ajah,Lagos State,Enterprise,190000000.0
2bdrm Apartment in Victoria Island Extension for sale,1000,Apartment,2,2,Unfurnished,"Victoria Island, Victoria Island Extension",Victoria Island Extension,Victoria Island,Enterprise,290000000.0
5bdrm Duplex in VGC / Ajah for sale,800,Duplex,5,5,Unfurnished,"Ajah, VGC / Ajah",VGC / Ajah,Ajah,Enterprise,900000000.0
4bdrm Duplex in Lekki for sale,500,Duplex,4,4,Unfurnished,"Lagos State, Lekki",Lekki,Lagos State,Enterprise,145000000.0
5bdrm Duplex in Lekki Phase 2 for sale,350,Duplex,5,5,Unfurnished,"Lekki, Lekki Phase 2",Lekki Phase 2,Lekki,Enterprise,450000000.0
5bdrm Duplex in Lekki Phase 2 for sale,500,Duplex,5,5,Unfurnished,"Lekki, Lekki Phase 2",Lekki Phase 2,Lekki,Enterprise,430000000.0
3bdrm Duplex in Chevron for sale,500,Duplex,3,3,Unfurnished,"Lekki, Chevron",Chevron,Lekki,Enterprise,110000000.0
4bdrm Duplex in Life Camp for sale,500,Duplex,4,5,Unfurnished,"Gwarinpa, Life Camp",Life Camp,Gwarinpa,Diamond,240000000.0
3bdrm Block of Flats in Life Camp for sale,700,Block of Flats,3,4,Unfurnished,"Gwarinpa, Life Camp",Life Camp,Gwarinpa,Diamond,80000000.0
"3bdrm Duplex in Ambiance Iii, Peninsula Estate for sale",250,Duplex,3,3,Unfurnished,"Ajah, Peninsula Estate",Peninsula Estate,Ajah,Enterprise,160000000.0
3bdrm Duplex in Off Lekki-Epe Expressway for sale,500,Duplex,3,3,Unfurnished,"Ajah, Off Lekki-Epe Expressway",Off Lekki-Epe Expressway,Ajah,Enterprise,110000000.0
2bdrm Apartment in Lekki Phase 2 for sale,500,Apartment,2,2,Unfurnished,"Lekki, Lekki Phase 2",Lekki Phase 2,Lekki,Enterprise,85000000.0
3bdrm Apartment in Ikeja GRA for sale,1000,Apartment,3,3,Unfurnished,"Ikeja, Ikeja GRA",Ikeja GRA,Ikeja,Enterprise,450000000.0
5bdrm Duplex in Chevron for sale,500,Duplex,5,5,Unfurnished,"Lekki, Chevron",Chevron,Lekki,Enterprise,350000000.0
5bdrm Duplex in Ikota for sale,3500,Duplex,5,5,Unfurnished,"Lekki, Ikota",Ikota,Lekki,Enterprise,370000000.0
4bdrm Duplex in Maryland for sale,350,Duplex,4,4,Unfurnished,"Lagos State, Maryland",Maryland,Lagos State,Enterprise,280000000.0
5bdrm Duplex in Ajah for sale,350,Duplex,5,5,Unfurnished,"Lagos State, Ajah",Ajah,Lagos State,Enterprise,250000000.0
5bdrm Duplex in Ajah for sale,350,Duplex,5,5,Unfurnished,"Lagos State, Ajah",Ajah,Lagos State,Enterprise,280000000.0
3bdrm Duplex in Sangotedo for sale,350,Duplex,3,3,Unfurnished,"Ajah, Sangotedo",Sangotedo,Ajah,Enterprise,120000000.0
5bdrm Duplex in VGC / Ajah for sale,350,Duplex,5,5,Unfurnished,"Ajah, VGC / Ajah",VGC / Ajah,Ajah,Enterprise,370000000.0
4bdrm Duplex in Ikorodu for sale,500,Duplex,4,4,Unfurnished,"Lagos State, Ikorodu",Ikorodu,Lagos State,Enterprise,100000000.0
4bdrm Duplex in Ikota for sale,500,Duplex,4,4,Unfurnished,"Lekki, Ikota",Ikota,Lekki,Enterprise,230000000.0
4bdrm Duplex in Ikota for sale,350,Duplex,4,4,Unfurnished,"Lekki, Ikota",Ikota,Lekki,Enterprise,160000000.0
5bdrm Duplex in Ajah for sale,350,Duplex,5,5,Unfurnished,"Lagos State, Ajah",Ajah,Lagos State,Enterprise,245000000.0
5bdrm Duplex in Lekki for sale,350,Duplex,5,5,Unfurnished,"Lagos State, Lekki",Lekki,Lagos State,Enterprise,400000000.0
4bdrm Duplex in Ajah for sale,350,Duplex,4,4,Unfurnished,"Lagos State, Ajah",Ajah,Lagos State,Enterprise,125000000.0
5bdrm Duplex in Ikota for sale,350,Duplex,5,5,Unfurnished,"Lekki, Ikota",Ikota,Lekki,Enterprise,280000000.0
4bdrm Duplex in Lekki Phase 2 for sale,500,Duplex,4,4,Unfurnished,"Lekki, Lekki Phase 2",Lekki Phase 2,Lekki,Enterprise,130000000.0
4bdrm Duplex in Chevron for sale,500,Duplex,4,4,Unfurnished,"Lekki, Chevron",Chevron,Lekki,Enterprise,450000000.0
2bdrm Duplex in Kubwa for sale,500,Duplex,2,3,Unfurnished,"Abuja (FCT), Kubwa",Kubwa,Abuja (FCT),Diamond,70000000.0
4bdrm Duplex in Life Camp for sale,500,Duplex,4,4,Unfurnished,"Gwarinpa, Life Camp",Life Camp,Gwarinpa,Diamond,120000000.0
4bdrm Duplex in Life Camp for sale,1000,Duplex,4,5,Unfurnished,"Gwarinpa, Life Camp",Life Camp,Gwarinpa,Diamond,100000000.0
Furnished 5bdrm Duplex in Owerri for sale,500,Duplex,5,5,Furnished,"Imo State, Owerri",Owerri,Imo State,Diamond,180000000.0
Furnished 2bdrm Apartment in Jahi for sale,300,Apartment,2,2,Furnished,"Abuja (FCT), Jahi",Jahi,Abuja (FCT),Diamond,190000000.0
5bdrm Duplex in Ajah for sale,500,Duplex,5,5,Unfurnished,"Lagos State, Ajah",Ajah,Lagos State,Enterprise,280000000.0
4bdrm Duplex in Ajah for sale,350,Duplex,4,4,Unfurnished,"Lagos State, Ajah",Ajah,Lagos State,Enterprise,240000000.0
5bdrm Duplex in Ajah for sale,350,Duplex,5,5,Unfurnished,"Lagos State, Ajah",Ajah,Lagos State,Enterprise,280000000.0
4bdrm Duplex in Chevron for sale,350,Duplex,4,4,Unfurnished,"Lekki, Chevron",Chevron,Lekki,Enterprise,280000000.0
4bdrm Duplex in Mende for sale,350,Duplex,4,4,Unfurnished,"Maryland, Mende",Mende,Maryland,Enterprise,320000000.0
5bdrm Duplex in Ikota for sale,500,Duplex,5,5,Unfurnished,"Lekki, Ikota",Ikota,Lekki,Enterprise,580000000.0
5bdrm Duplex in Ajah for sale,350,Duplex,5,5,Unfurnished,"Lagos State, Ajah",Ajah,Lagos State,Enterprise,260000000.0
"Furnished 3bdrm Maisonette in Gwarinpa, Life Camp for sale",500,Maisonette,3,3,Furnished,"Gwarinpa, Life Camp",Life Camp,Gwarinpa,Enterprise,300000000.0
4bdrm Duplex in Chevron for sale,350,Duplex,4,4,Unfurnished,"Lekki, Chevron",Chevron,Lekki,Enterprise,200000000.0
5bdrm Duplex in Lekki Phase 1 for sale,350,Duplex,5,5,Unfurnished,"Lekki, Lekki Phase 1",Lekki Phase 1,Lekki,Enterprise,820000000.0
2bdrm Apartment in Lekki Phase 1 for sale,500,Apartment,2,2,Unfurnished,"Lekki, Lekki Phase 1",Lekki Phase 1,Lekki,Enterprise,300000000.0
"5bdrm Duplex in Alhaji Estate, Port-Harcourt for sale",930,Duplex,5,6,Unfurnished,"Rivers State, Port-Harcourt",Port-Harcourt,Rivers State,Enterprise,300000000.0
3bdrm Bungalow in Hajj Camp Gwagwalada for sale,800,Bungalow,3,4,Unfurnished,"Abuja (FCT), Gwagwalada",Gwagwalada,Abuja (FCT),Diamond,55000000.0
"Furnished 3bdrm Bungalow in Oreta Estate, Igbogbo for sale",300,Bungalow,3,4,Furnished,"Ikorodu, Igbogbo",Igbogbo,Ikorodu,Diamond,14000000.0
"Furnished 2bdrm Bungalow in Ofin Estate, Igbogbo for sale",300,Bungalow,2,3,Furnished,"Ikorodu, Igbogbo",Igbogbo,Ikorodu,Diamond,13000000.0
3bdrm Duplex in Karmo for sale,200,Duplex,3,3,Semi-Furnished,"Abuja (FCT), Karmo",Karmo,Abuja (FCT),Diamond,140000000.0
"3bdrm Bungalow in Bluestone 2.0, Iseri for sale",600,Bungalow,3,3,Unfurnished,"Ogun State, Iseri",Iseri,Ogun State,Enterprise,47500000.0
4bdrm Duplex in Lugbe District for sale,500,Duplex,4,4,Unfurnished,"Abuja (FCT), Lugbe District",Lugbe District,Abuja (FCT),Enterprise,230000000.0
2bdrm Apartment in Ikate for sale,1000,Apartment,2,2,Unfurnished,"Lekki, Ikate",Ikate,Lekki,Enterprise,220000000.0
5bdrm Duplex in Magodo for sale,350,Duplex,5,5,Unfurnished,"Lagos State, Magodo",Magodo,Lagos State,Enterprise,380000000.0
4bdrm Duplex in Ajah for sale,350,Duplex,4,4,Unfurnished,"Lagos State, Ajah",Ajah,Lagos State,Enterprise,120000000.0
4bdrm Penthouse in Lekki Phase 1 for sale,500,Penthouse,4,4,Unfurnished,"Lekki, Lekki Phase 1",Lekki Phase 1,Lekki,Enterprise,350000000.0
5bdrm Duplex in Lekki Phase 1 for sale,1000,Duplex,5,5,Unfurnished,"Lekki, Lekki Phase 1",Lekki Phase 1,Lekki,Enterprise,600000000.0
5bdrm Duplex in Ajah for sale,350,Duplex,5,5,Unfurnished,"Lagos State, Ajah",Ajah,Lagos State,Enterprise,250000000.0
4bdrm Duplex in Ajah for sale,350,Duplex,4,4,Unfurnished,"Lagos State, Ajah",Ajah,Lagos State,Enterprise,150000000.0
4bdrm Duplex in Ajah for sale,500,Duplex,4,4,Unfurnished,"Lagos State, Ajah",Ajah,Lagos State,Enterprise,220000000.0
5bdrm Duplex in Lekki for sale,350,Duplex,5,5,Unfurnished,"Lagos State, Lekki",Lekki,Lagos State,Enterprise,230000000.0
4bdrm Duplex in Ikota for sale,350,Duplex,4,4,Unfurnished,"Lekki, Ikota",Ikota,Lekki,Enterprise,170000000.0
"4bdrm Bungalow in Biala Estate, Iwo Road for sale",1250,Bungalow,4,2,Unfurnished,"Ibadan, Iwo Road",Iwo Road,Ibadan,False,18000000.0
3bdrm Duplex in Kubwa for sale,500,Duplex,3,4,Unfurnished,"Abuja (FCT), Kubwa",Kubwa,Abuja (FCT),Diamond,150000000.0
2bdrm Block of Flats in Kubwa for sale,500,Block of Flats,2,3,Unfurnished,"Abuja (FCT), Kubwa",Kubwa,Abuja (FCT),Diamond,39000000.0
5bdrm Duplex in Lekki Phase 2 for sale,500,Duplex,5,5,Unfurnished,"Lekki, Lekki Phase 2",Lekki Phase 2,Lekki,Enterprise,390000000.0
4bdrm Duplex in Chevron for sale,350,Duplex,4,4,Unfurnished,"Lekki, Chevron",Chevron,Lekki,Enterprise,320000000.0
Furnished 2bdrm Duplex in Ajah for sale,500,Duplex,2,2,Furnished,"Lagos State, Ajah",Ajah,Lagos State,Enterprise,120000000.0
5bdrm Duplex in Ajah for sale,350,Duplex,5,5,Unfurnished,"Lagos State, Ajah",Ajah,Lagos State,Enterprise,260000000.0
2bdrm Block of Flats in Kiami for sale,1000,Block of Flats,2,2,Unfurnished,"Lugbe District, Kiami",Kiami,Lugbe District,Enterprise,55000000.0
5bdrm Duplex in Lekki Phase 2 for sale,500,Duplex,5,5,Unfurnished,"Lekki, Lekki Phase 2",Lekki Phase 2,Lekki,Enterprise,650000000.0
5bdrm Duplex in Lekki Phase 1 for sale,350,Duplex,5,5,Unfurnished,"Lekki, Lekki Phase 1",Lekki Phase 1,Lekki,Enterprise,900000000.0
5bdrm Duplex in Chevron for sale,350,Duplex,5,5,Unfurnished,"Lekki, Chevron",Chevron,Lekki,Enterprise,400000000.0
5bdrm Duplex in Lekki for sale,350,Duplex,5,5,Unfurnished,"Lagos State, Lekki",Lekki,Lagos State,Enterprise,390000000.0
5bdrm Duplex in Lekki for sale,500,Duplex,5,5,Unfurnished,"Lagos State, Lekki",Lekki,Lagos State,Enterprise,950000000.0
"4bdrm Duplex in Otunla, Bogije for sale",600,Duplex,4,4,Semi-Furnished,"Ibeju, Bogije",Bogije,Ibeju,Diamond,120000000.0
"3bdrm Block of Flats in 2 Flats, Benin City for sale",466,Block of Flats,3,3,Unfurnished,"Edo State, Benin City",Benin City,Edo State,Diamond,25000000.0
"5bdrm Bungalow in Daylight Property, Benin City for sale",456,Bungalow,5,5,Semi-Furnished,"Edo State, Benin City",Benin City,Edo State,Diamond,17000000.0
5bdrm Duplex in Apo Resettlement for sale,700,Duplex,5,5,Semi-Furnished,"Apo District, Apo Resettlement",Apo Resettlement,Apo District,Diamond,550000000.0
"4bdrm Penthouse in Emerald Signature, Sangotedo for sale",250,Penthouse,4,4,Unfurnished,"Ajah, Sangotedo",Sangotedo,Ajah,Enterprise,300000000.0
2bdrm Apartment in Lekki for sale,1000,Apartment,2,2,Unfurnished,"Lagos State, Lekki",Lekki,Lagos State,Enterprise,88000000.0
5bdrm Duplex in Ologolo for sale,500,Duplex,5,5,Unfurnished,"Lekki, Ologolo",Ologolo,Lekki,Enterprise,290000000.0
5bdrm Duplex in Ajah for sale,500,Duplex,5,5,Unfurnished,"Lagos State, Ajah",Ajah,Lagos State,Enterprise,320000000.0
5bdrm Duplex in Omole Phase 2 for sale,350,Duplex,5,5,Unfurnished,"Ikeja, Omole Phase 2",Omole Phase 2,Ikeja,Enterprise,470000000.0
3bdrm Apartment in Lekki for sale,600,Apartment,3,3,Unfurnished,"Lagos State, Lekki",Lekki,Lagos State,Enterprise,65000000.0
3bdrm Apartment in Lekki Phase 1 for sale,1000,Apartment,3,3,Unfurnished,"Lekki, Lekki Phase 1",Lekki Phase 1,Lekki,Enterprise,380000000.0
3bdrm Block of Flats in Life Camp for sale,500,Block of Flats,3,4,Unfurnished,"Gwarinpa, Life Camp",Life Camp,Gwarinpa,Diamond,95000000.0
4bdrm Duplex in Lekki Phase 2 for sale,123,Duplex,4,4,Unfurnished,"Lekki, Lekki Phase 2",Lekki Phase 2,Lekki,Diamond,280000000.0
3bdrm Block of Flats in Katampe (Main) for sale,700,Block of Flats,3,4,Unfurnished,"Katampe, Katampe (Main)",Katampe (Main),Katampe,Diamond,110000000.0
Furnished 4bdrm Bungalow in Igbogbo Estate for sale,600,Bungalow,4,3,Furnished,"Ikorodu, Igbogbo",Igbogbo,Ikorodu,Diamond,30000000.0
4bdrm Duplex in Ajah for sale,350,Duplex,4,4,Unfurnished,"Lagos State, Ajah",Ajah,Lagos State,Enterprise,130000000.0
4bdrm Duplex in Ajah for sale,350,Duplex,4,4,Unfurnished,"Lagos State, Ajah",Ajah,Lagos State,Enterprise,220000000.0
4bdrm Duplex in Ikota for sale,350,Duplex,4,4,Unfurnished,"Lekki, Ikota",Ikota,Lekki,Enterprise,230000000.0
5bdrm Duplex in Lekki Phase 2 for sale,350,Duplex,5,5,Unfurnished,"Lekki, Lekki Phase 2",Lekki Phase 2,Lekki,Enterprise,650000000.0
5bdrm Duplex in Lekki Phase 1 for sale,350,Duplex,5,5,Unfurnished,"Lekki, Lekki Phase 1",Lekki Phase 1,Lekki,Enterprise,850000000.0
2bdrm Apartment in Ajah for sale,1000,Apartment,2,2,Unfurnished,"Lagos State, Ajah",Ajah,Lagos State,Enterprise,75000000.0
5bdrm Duplex in Ikate for sale,350,Duplex,5,5,Unfurnished,"Lekki, Ikate",Ikate,Lekki,Enterprise,450000000.0
3bdrm Apartment in Victoria Island for sale,1000,Apartment,3,3,Unfurnished,"Lagos State, Victoria Island",Victoria Island,Lagos State,Enterprise,450000000.0
Furnished 2bdrm Apartment in Lekki Phase 1 for sale,500,Apartment,2,2,Furnished,"Lekki, Lekki Phase 1",Lekki Phase 1,Lekki,Enterprise,230000000.0
5bdrm Duplex in Chevron for sale,350,Duplex,5,5,Unfurnished,"Lekki, Chevron",Chevron,Lekki,Enterprise,350000000.0
3bdrm Apartment in Ikeja for sale,500,Apartment,3,3,Unfurnished,"Lagos State, Ikeja",Ikeja,Lagos State,Enterprise,190000000.0
5bdrm Duplex in Ologolo for sale,350,Duplex,5,5,Unfurnished,"Lekki, Ologolo",Ologolo,Lekki,Enterprise,390000000.0
4bdrm Duplex in Ajah for sale,350,Duplex,4,4,Unfurnished,"Lagos State, Ajah",Ajah,Lagos State,Enterprise,250000000.0
3bdrm Duplex in Kubwa for sale,500,Duplex,3,4,Unfurnished,"Abuja (FCT), Kubwa",Kubwa,Abuja (FCT),Diamond,96000000.0
3bdrm Duplex in Kubwa for sale,500,Duplex,3,4,Unfurnished,"Abuja (FCT), Kubwa",Kubwa,Abuja (FCT),Diamond,120000000.0
"Furnished 4bdrm Bungalow in Akindana Estate, Igbogbo for sale",600,Bungalow,4,5,Furnished,"Ikorodu, Igbogbo",Igbogbo,Ikorodu,Diamond,22000000.0
"3bdrm Block of Flats in Mini Eatate, Wuye for sale",1000,Block of Flats,3,4,Unfurnished,"Abuja (FCT), Wuye",Wuye,Abuja (FCT),Enterprise,150000000.0
5bdrm Duplex in Jahi for sale,500,Duplex,5,5,Unfurnished,"Abuja (FCT), Jahi",Jahi,Abuja (FCT),Enterprise,550000000.0
4bdrm Duplex in Ologolo for sale,350,Duplex,4,4,Unfurnished,"Lekki, Ologolo",Ologolo,Lekki,Enterprise,200000000.0
5bdrm Duplex in Ajah for sale,350,Duplex,5,5,Unfurnished,"Lagos State, Ajah",Ajah,Lagos State,Enterprise,220000000.0
5bdrm Duplex in Lekki Phase 2 for sale,500,Duplex,5,5,Unfurnished,"Lekki, Lekki Phase 2",Lekki Phase 2,Lekki,Enterprise,480000000.0
5bdrm Duplex in Lekki for sale,350,Duplex,5,5,Unfurnished,"Lagos State, Lekki",Lekki,Lagos State,Enterprise,230000000.0
4bdrm Duplex in Agungi for sale,500,Duplex,4,4,Unfurnished,"Lekki, Agungi",Agungi,Lekki,Enterprise,190000000.0
4bdrm Duplex in Ajah for sale,350,Duplex,4,4,Unfurnished,"Lagos State, Ajah",Ajah,Lagos State,Enterprise,150000000.0
3bdrm Apartment in Ipaja Road for sale,1000,Apartment,3,3,Unfurnished,"Ipaja, Ipaja Road",Ipaja Road,Ipaja,Enterprise,81000000.0
5bdrm Duplex in Chevron for sale,350,Duplex,5,5,Unfurnished,"Lekki, Chevron",Chevron,Lekki,Enterprise,380000000.0
5bdrm Duplex in Chevron for sale,500,Duplex,5,5,Unfurnished,"Lekki, Chevron",Chevron,Lekki,Enterprise,450000000.0
5bdrm Duplex in Lekki Phase 2 for sale,350,Duplex,5,5,Unfurnished,"Lekki, Lekki Phase 2",Lekki Phase 2,Lekki,Enterprise,330000000.0
5bdrm Duplex in Lekki Phase 1 for sale,350,Duplex,5,5,Unfurnished,"Lekki, Lekki Phase 1",Lekki Phase 1,Lekki,Enterprise,600000000.0
4bdrm Duplex in Kaura for sale,500,Duplex,4,5,Unfurnished,"Abuja (FCT), Kaura",Kaura,Abuja (FCT),Diamond,200000000.0
"Furnished 4bdrm Bungalow in Fashola Estate, Igbogbo for sale",600,Bungalow,4,4,Furnished,"Ikorodu, Igbogbo",Igbogbo,Ikorodu,Diamond,50000000.0
4bdrm Duplex in Guzape Main for sale,1000,Duplex,4,4,Unfurnished,"Abuja (FCT), Guzape District",Guzape District,Abuja (FCT),False,350000000.0
4bdrm Duplex in Utako for sale,300,Duplex,4,4,Unfurnished,"Abuja (FCT), Utako",Utako,Abuja (FCT),Diamond,450000000.0
3bdrm Apartment in Lekki Phase 1 for sale,1000,Apartment,3,3,Unfurnished,"Lekki, Lekki Phase 1",Lekki Phase 1,Lekki,Enterprise,260000000.0
5bdrm Duplex in Ikota for sale,350,Duplex,5,5,Unfurnished,"Lekki, Ikota",Ikota,Lekki,Enterprise,430000000.0
4bdrm House in Lekki Phase 1 for sale,450,House,4,4,Unfurnished,"Lekki, Lekki Phase 1",Lekki Phase 1,Lekki,Enterprise,450000000.0
5bdrm Duplex in Magodo for sale,350,Duplex,5,5,Unfurnished,"Lagos State, Magodo",Magodo,Lagos State,Enterprise,550000000.0
5bdrm Duplex in Osapa london for sale,500,Duplex,5,5,Unfurnished,"Lekki, Osapa london",Osapa london,Lekki,Enterprise,300000000.0
5bdrm Duplex in Ikate for sale,350,Duplex,5,5,Unfurnished,"Lekki, Ikate",Ikate,Lekki,Enterprise,460000000.0
Furnished 2bdrm Apartment in Jakande for sale,500,Apartment,2,2,Furnished,"Lekki, Jakande",Jakande,Lekki,Enterprise,120000000.0
4bdrm Duplex in Ajah for sale,350,Duplex,4,4,Unfurnished,"Lagos State, Ajah",Ajah,Lagos State,Enterprise,180000000.0
5bdrm Duplex in Chevron for sale,350,Duplex,5,5,Unfurnished,"Lekki, Chevron",Chevron,Lekki,Enterprise,390000000.0
5bdrm Duplex in Ikate for sale,500,Duplex,5,5,Unfurnished,"Lekki, Ikate",Ikate,Lekki,Enterprise,850000000.0
4bdrm Duplex in Durumi Abuja for sale,500,Duplex,4,5,Unfurnished,"Abuja (FCT), Durumi",Durumi,Abuja (FCT),Diamond,400000000.0
3bdrm Block of Flats in Life Camp for sale,500,Block of Flats,3,4,Unfurnished,"Gwarinpa, Life Camp",Life Camp,Gwarinpa,Diamond,100000000.0
"4bdrm Duplex in Brains And Hammers, Life Camp for sale",500,Duplex,4,4,Unfurnished,"Gwarinpa, Life Camp",Life Camp,Gwarinpa,False,95000000.0
5bdrm Duplex in Ikota for sale,350,Duplex,5,5,Unfurnished,"Lekki, Ikota",Ikota,Lekki,Enterprise,300000000.0
5bdrm Duplex in Osapa london for sale,500,Duplex,5,5,Unfurnished,"Lekki, Osapa london",Osapa london,Lekki,Enterprise,430000000.0
2bdrm Apartment in Ikate for sale,1000,Apartment,2,2,Unfurnished,"Lekki, Ikate",Ikate,Lekki,Enterprise,110000000.0
4bdrm Duplex in Ikota for sale,350,Duplex,4,4,Unfurnished,"Lekki, Ikota",Ikota,Lekki,Enterprise,115000000.0
5bdrm Duplex in Ikate for sale,350,Duplex,5,5,Unfurnished,"Lekki, Ikate",Ikate,Lekki,Enterprise,500000000.0
5bdrm Duplex in Idado for sale,500,Duplex,5,5,Unfurnished,"Lekki, Idado",Idado,Lekki,Enterprise,480000000.0
5bdrm Duplex in Lekki for sale,350,Duplex,5,5,Unfurnished,"Lagos State, Lekki",Lekki,Lagos State,Enterprise,280000000.0
2bdrm Apartment in Victoria Island Extension for sale,1000,Apartment,2,2,Unfurnished,"Victoria Island, Victoria Island Extension",Victoria Island Extension,Victoria Island,Enterprise,500000000.0
4bdrm Duplex in Ikota for sale,350,Duplex,4,4,Unfurnished,"Lekki, Ikota",Ikota,Lekki,Enterprise,125000000.0
5bdrm Duplex in Chevron for sale,300,Duplex,5,5,Unfurnished,"Lekki, Chevron",Chevron,Lekki,Enterprise,450000000.0
4bdrm Duplex in Off Lekki-Epe Expressway for sale,500,Duplex,4,4,Unfurnished,"Ajah, Off Lekki-Epe Expressway",Off Lekki-Epe Expressway,Ajah,Enterprise,140000000.0
5bdrm Duplex in Ajao Estate for sale,500,Duplex,5,5,Unfurnished,"Isolo, Ajao Estate",Ajao Estate,Isolo,Enterprise,260000000.0
1bdrm Block of Flats in Life Camp for sale,500,Block of Flats,1,2,Unfurnished,"Gwarinpa, Life Camp",Life Camp,Gwarinpa,Diamond,18000000.0
2bdrm Block of Flats in Life Camp for sale,500,Block of Flats,2,3,Unfurnished,"Gwarinpa, Life Camp",Life Camp,Gwarinpa,Diamond,80000000.0
"2bdrm Bungalow in Yotomi Estate, Ifo for Sale",300,Bungalow,2,2,Semi-Furnished,"Ogun State, Ifo",Ifo,Ogun State,False,5999999.0
5bdrm Duplex in Osapa london for sale,500,Duplex,5,5,Unfurnished,"Lekki, Osapa london",Osapa london,Lekki,Enterprise,700000000.0
5bdrm Duplex in Ikate for sale,350,Duplex,5,5,Unfurnished,"Lekki, Ikate",Ikate,Lekki,Enterprise,300000000.0
5bdrm Duplex in Ajah for sale,350,Duplex,5,5,Unfurnished,"Lagos State, Ajah",Ajah,Lagos State,Enterprise,230000000.0
5bdrm Duplex in Chevron for sale,350,Duplex,5,5,Unfurnished,"Lekki, Chevron",Chevron,Lekki,Enterprise,550000000.0
5bdrm Duplex in Ado / Ajah for sale,350,Duplex,5,5,Unfurnished,"Ajah, Ado / Ajah",Ado / Ajah,Ajah,Enterprise,190000000.0
4bdrm Duplex in Chevron for sale,300,Duplex,4,4,Unfurnished,"Lekki, Chevron",Chevron,Lekki,Enterprise,450000000.0
3bdrm Duplex in Off Lekki-Epe Expressway for sale,500,Duplex,3,3,Unfurnished,"Ajah, Off Lekki-Epe Expressway",Off Lekki-Epe Expressway,Ajah,Enterprise,125000000.0
4bdrm Duplex in Lekki for sale,500,Duplex,4,4,Unfurnished,"Lagos State, Lekki",Lekki,Lagos State,Enterprise,170000000.0
5bdrm Duplex in Ajah for sale,320,Duplex,5,5,Unfurnished,"Lagos State, Ajah",Ajah,Lagos State,Enterprise,350000000.0
5bdrm Duplex in Ikota for sale,350,Duplex,5,5,Unfurnished,"Lekki, Ikota",Ikota,Lekki,Enterprise,350000000.0
5bdrm House in Ikeja for sale,500,House,5,5,Unfurnished,"Lagos State, Ikeja",Ikeja,Lagos State,Enterprise,500000000.0
5bdrm Duplex in Lekki for sale,500,Duplex,5,5,Unfurnished,"Lagos State, Lekki",Lekki,Lagos State,Enterprise,650000000.0
5bdrm Duplex in Osapa london for sale,500,Duplex,5,5,Unfurnished,"Lekki, Osapa london",Osapa london,Lekki,Enterprise,450000000.0
5bdrm Duplex in Festac for sale,350,Duplex,5,5,Unfurnished,"Amuwo-Odofin, Festac",Festac,Amuwo-Odofin,Enterprise,270000000.0
5bdrm Duplex in Lekki Phase 1 for sale,350,Duplex,5,5,Unfurnished,"Lekki, Lekki Phase 1",Lekki Phase 1,Lekki,Enterprise,600000000.0
3bdrm Block of Flats in Life Camp for sale,700,Block of Flats,3,3,Unfurnished,"Gwarinpa, Life Camp",Life Camp,Gwarinpa,Diamond,80000000.0
4bdrm Duplex in Life Camp for sale,500,Duplex,4,4,Unfurnished,"Gwarinpa, Life Camp",Life Camp,Gwarinpa,Diamond,120000000.0
4bdrm Bungalow in Apo District for sale,700,Bungalow,4,5,Unfurnished,"Abuja (FCT), Apo District",Apo District,Abuja (FCT),Diamond,110000000.0
7bdrm Duplex in Apple Junction for sale,800,Duplex,7,8,Semi-Furnished,"Amuwo-Odofin, Apple Junction",Apple Junction,Amuwo-Odofin,False,570000000.0
"3bdrm Bungalow in Queens Homes, Ogun Waterside for sale",250,Bungalow,3,3,Unfurnished,"Ogun State, Ogun Waterside",Ogun Waterside,Ogun State,Enterprise,60000000.0
"4bdrm Bungalow in Eri Bungalows, Elerangbe for sale",250,Bungalow,4,4,Unfurnished,"Ibeju, Elerangbe",Elerangbe,Ibeju,Enterprise,85000000.0
4bdrm Duplex in Ajah for sale,350,Duplex,4,4,Unfurnished,"Lagos State, Ajah",Ajah,Lagos State,Enterprise,160000000.0
5bdrm Duplex in Lekki for sale,350,Duplex,5,5,Unfurnished,"Lagos State, Lekki",Lekki,Lagos State,Enterprise,480000000.0
5bdrm Duplex in Chevron for sale,350,Duplex,5,5,Unfurnished,"Lekki, Chevron",Chevron,Lekki,Enterprise,450000000.0
5bdrm Duplex in Lekki Phase 2 for sale,350,Duplex,5,5,Unfurnished,"Lekki, Lekki Phase 2",Lekki Phase 2,Lekki,Enterprise,250000000.0
5bdrm Duplex in Chevron for sale,350,Duplex,5,5,Unfurnished,"Lekki, Chevron",Chevron,Lekki,Enterprise,350000000.0
5bdrm Duplex in Lekki for sale,350,Duplex,5,5,Unfurnished,"Lagos State, Lekki",Lekki,Lagos State,Enterprise,420000000.0
5bdrm Duplex in Chevron for sale,350,Duplex,5,5,Unfurnished,"Lekki, Chevron",Chevron,Lekki,Enterprise,690000000.0
5bdrm Duplex in Ikota for sale,350,Duplex,5,5,Unfurnished,"Lekki, Ikota",Ikota,Lekki,Enterprise,250000000.0
2bdrm Apartment in Agungi for sale,500,Apartment,2,2,Unfurnished,"Lekki, Agungi",Agungi,Lekki,Enterprise,100000000.0
3bdrm Apartment in Ikate for sale,500,Apartment,3,3,Unfurnished,"Lekki, Ikate",Ikate,Lekki,Enterprise,170000000.0
5bdrm Duplex in Lekki for sale,500,Duplex,5,5,Unfurnished,"Lagos State, Lekki",Lekki,Lagos State,Enterprise,420000000.0
5bdrm Duplex in Durumi for sale,1000,Duplex,5,6,Unfurnished,"Abuja (FCT), Durumi",Durumi,Abuja (FCT),Diamond,300000000.0
3bdrm Bungalow in Galadimawa for sale,450,Bungalow,3,3,Semi-Furnished,"Abuja (FCT), Galadimawa",Galadimawa,Abuja (FCT),Diamond,160000000.0
4bdrm Duplex in Jabi for sale,200,Duplex,4,4,Unfurnished,"Abuja (FCT), Jabi",Jabi,Abuja (FCT),Diamond,190000000.0
4bdrm Duplex in Lekki for sale,350,Duplex,4,4,Unfurnished,"Lagos State, Lekki",Lekki,Lagos State,Enterprise,240000000.0
4bdrm Duplex in Jahi for sale,350,Duplex,4,4,Unfurnished,"Abuja (FCT), Jahi",Jahi,Abuja (FCT),Enterprise,220000000.0
8bdrm Duplex in Ibeju for sale,5000,Duplex,8,8,Unfurnished,"Lagos State, Ibeju",Ibeju,Lagos State,Enterprise,750000000.0
4bdrm Bungalow in Ibeshe / Ikorodu for sale,600,Bungalow,4,4,Unfurnished,"Ikorodu, Ibeshe / Ikorodu",Ibeshe / Ikorodu,Ikorodu,Enterprise,55000000.0
4bdrm Duplex in Chevron for sale,350,Duplex,4,4,Unfurnished,"Lekki, Chevron",Chevron,Lekki,Enterprise,220000000.0
4bdrm Duplex in Lekki for sale,500,Duplex,4,4,Unfurnished,"Lagos State, Lekki",Lekki,Lagos State,Enterprise,280000000.0
4bdrm Duplex in Ajah for sale,350,Duplex,4,4,Unfurnished,"Lagos State, Ajah",Ajah,Lagos State,Enterprise,140000000.0
4bdrm Duplex in Lekki for sale,350,Duplex,4,4,Unfurnished,"Lagos State, Lekki",Lekki,Lagos State,Enterprise,210000000.0
5bdrm Duplex in Chevron for sale,350,Duplex,5,5,Unfurnished,"Lekki, Chevron",Chevron,Lekki,Enterprise,350000000.0
4bdrm Duplex in Chevron for sale,500,Duplex,4,4,Unfurnished,"Lekki, Chevron",Chevron,Lekki,Enterprise,200000000.0
5bdrm Duplex in Ologolo for sale,350,Duplex,5,5,Unfurnished,"Lekki, Ologolo",Ologolo,Lekki,Enterprise,600000000.0
"3bdrm Block of Flats in Army Estate, Kubwa for sale",500,Block of Flats,3,4,Unfurnished,"Abuja (FCT), Kubwa",Kubwa,Abuja (FCT),Diamond,85000000.0
"2bdrm Block of Flats in Nigeria Ghana School, Life Camp for sale",700,Block of Flats,2,3,Unfurnished,"Gwarinpa, Life Camp",Life Camp,Gwarinpa,Diamond,90000000.0
4bdrm Duplex in Life Camp for sale,300,Duplex,4,5,Unfurnished,"Gwarinpa, Life Camp",Life Camp,Gwarinpa,Diamond,110000000.0
5bdrm Duplex in Lekki Phase 1 for sale,1250,Duplex,5,5,Unfurnished,"Lekki, Lekki Phase 1",Lekki Phase 1,Lekki,Diamond,550000000.0
3bdrm Duplex in Kubwa for sale,500,Duplex,3,4,Unfurnished,"Abuja (FCT), Kubwa",Kubwa,Abuja (FCT),Diamond,100000000.0
4bdrm Duplex in Guzape Main for sale,1000,Duplex,4,4,Unfurnished,"Abuja (FCT), Guzape District",Guzape District,Abuja (FCT),False,650000000.0
"Furnished 3bdrm Duplex in Paradise 2 Estate, Katampe (Main) for sale",180,Duplex,3,3,Furnished,"Katampe, Katampe (Main)",Katampe (Main),Katampe,Diamond,270000000.0
"3bdrm Duplex in Capital Loft, Eleko for sale",300,Duplex,3,3,Unfurnished,"Ibeju, Eleko",Eleko,Ibeju,Enterprise,109440000.0
3bdrm Bungalow in Ijede / Ikorodu for sale,600,Bungalow,3,3,Unfurnished,"Ikorodu, Ijede / Ikorodu",Ijede / Ikorodu,Ikorodu,Enterprise,45000000.0
Furnished 1bdrm Apartment in Thomas Estate for sale,500,Apartment,1,1,Furnished,"Ajah, Thomas Estate",Thomas Estate,Ajah,Enterprise,35000000.0
4bdrm Duplex in Ajah for sale,350,Duplex,4,4,Unfurnished,"Lagos State, Ajah",Ajah,Lagos State,Enterprise,145000000.0
4bdrm Duplex in Surulere for sale,500,Duplex,4,4,Unfurnished,"Lagos State, Surulere",Surulere,Lagos State,Enterprise,300000000.0
4bdrm Duplex in Ikota for sale,500,Duplex,4,4,Unfurnished,"Lekki, Ikota",Ikota,Lekki,Enterprise,165000000.0
2bdrm Apartment in Lekki Phase 1 for sale,500,Apartment,2,2,Unfurnished,"Lekki, Lekki Phase 1",Lekki Phase 1,Lekki,Enterprise,270000000.0
5bdrm Duplex in Ikota for sale,350,Duplex,5,5,Unfurnished,"Lekki, Ikota",Ikota,Lekki,Enterprise,250000000.0
4bdrm Duplex in Ikota for sale,350,Duplex,4,4,Unfurnished,"Lekki, Ikota",Ikota,Lekki,Enterprise,170000000.0
5bdrm Duplex in Lekki Phase 1 for sale,350,Duplex,5,5,Unfurnished,"Lekki, Lekki Phase 1",Lekki Phase 1,Lekki,Enterprise,850000000.0
5bdrm Duplex in Ajah for sale,350,Duplex,5,5,Unfurnished,"Lagos State, Ajah",Ajah,Lagos State,Enterprise,180000000.0
4bdrm Duplex in Ikoyi for sale,350,Duplex,4,4,Unfurnished,"Lagos State, Ikoyi",Ikoyi,Lagos State,Enterprise,850000000.0
Furnished 3bdrm Duplex in Ajah for sale,500,Duplex,3,3,Furnished,"Lagos State, Ajah",Ajah,Lagos State,Enterprise,110000000.0
5bdrm Duplex in Lekki for sale,350,Duplex,5,5,Unfurnished,"Lagos State, Lekki",Lekki,Lagos State,Enterprise,300000000.0
2bdrm Duplex in Lekki Phase 2 for sale,100,Duplex,2,2,Unfurnished,"Lekki, Lekki Phase 2",Lekki Phase 2,Lekki,Enterprise,120000000.0
5bdrm Duplex in Ajah for sale,350,Duplex,5,5,Unfurnished,"Lagos State, Ajah",Ajah,Lagos State,Enterprise,260000000.0
2bdrm Apartment in Ikate for sale,1000,Apartment,2,2,Unfurnished,"Lekki, Ikate",Ikate,Lekki,Enterprise,160000000.0
3bdrm Block of Flats in Surulere for sale,500,Block of Flats,3,3,Unfurnished,"Lagos State, Surulere",Surulere,Lagos State,Enterprise,350000000.0
2bdrm Apartment in Ikate for sale,500,Apartment,2,2,Unfurnished,"Lekki, Ikate",Ikate,Lekki,Enterprise,100000000.0
3bdrm Duplex in Lekki Phase 2 for sale,500,Duplex,3,3,Unfurnished,"Lekki, Lekki Phase 2",Lekki Phase 2,Lekki,Enterprise,95000000.0
4bdrm Duplex in GRA Phase 2 Shangisha for sale,500,Duplex,4,4,Unfurnished,"Magodo, GRA Phase 2 Shangisha",GRA Phase 2 Shangisha,Magodo,Enterprise,450000000.0
2bdrm Apartment in Lugbe District for sale,350,Apartment,2,2,Unfurnished,"Abuja (FCT), Lugbe District",Lugbe District,Abuja (FCT),Enterprise,47500000.0
5bdrm Duplex in Dawaki for sale,400,Duplex,5,6,Unfurnished,"Gwarinpa, Dawaki",Dawaki,Gwarinpa,Diamond,70000000.0
5bdrm Duplex in Durumi for sale,700,Duplex,5,6,Unfurnished,"Abuja (FCT), Durumi",Durumi,Abuja (FCT),Diamond,200000000.0
1bdrm Block of Flats in Kubwa for sale,700,Block of Flats,1,2,Unfurnished,"Abuja (FCT), Kubwa",Kubwa,Abuja (FCT),Diamond,23500000.0
3bdrm Apartment in Victoria Island Extension for sale,1500,Apartment,3,3,Unfurnished,"Victoria Island, Victoria Island Extension",Victoria Island Extension,Victoria Island,Diamond,750000000.0
"5bdrm Duplex in Emerald, Galadimawa for sale",800,Duplex,5,6,Unfurnished,"Abuja (FCT), Galadimawa",Galadimawa,Abuja (FCT),Enterprise,500000000.0
4bdrm Duplex in Guzape Main for sale,1000,Duplex,4,5,Unfurnished,"Abuja (FCT), Guzape District",Guzape District,Abuja (FCT),False,250000000.0
4bdrm Duplex in Gaduwa for sale,250,Duplex,4,4,Semi-Furnished,"Abuja (FCT), Gaduwa",Gaduwa,Abuja (FCT),Diamond,200000000.0
4bdrm Duplex in Ajah for sale,350,Duplex,4,4,Unfurnished,"Lagos State, Ajah",Ajah,Lagos State,Enterprise,220000000.0
2bdrm Apartment in Chevron for sale,1000,Apartment,2,2,Unfurnished,"Lekki, Chevron",Chevron,Lekki,Enterprise,140000000.0
4bdrm Duplex in Off Lekki-Epe Expressway for sale,350,Duplex,4,4,Unfurnished,"Ajah, Off Lekki-Epe Expressway",Off Lekki-Epe Expressway,Ajah,Enterprise,170000000.0
3bdrm Duplex in Lekki for sale,500,Duplex,3,3,Unfurnished,"Lagos State, Lekki",Lekki,Lagos State,Enterprise,95000000.0
5bdrm Duplex in Ikota for sale,500,Duplex,5,5,Unfurnished,"Lekki, Ikota",Ikota,Lekki,Enterprise,480000000.0
5bdrm Duplex in Lekki Phase 2 for sale,500,Duplex,5,5,Unfurnished,"Lekki, Lekki Phase 2",Lekki Phase 2,Lekki,Enterprise,420000000.0
3bdrm Apartment in Victoria Island for sale,100,Apartment,3,3,Unfurnished,"Lagos State, Victoria Island",Victoria Island,Lagos State,Enterprise,500000000.0
"3bdrm Maisonette in Congress Park, Lekki Phase 1 for sale",4596,Maisonette,3,3,Unfurnished,"Lekki, Lekki Phase 1",Lekki Phase 1,Lekki,Diamond,250000000.0
"3bdrm Bungalow in Brains And Hammer, Kubwa for sale",450,Bungalow,3,4,Unfurnished,"Abuja (FCT), Kubwa",Kubwa,Abuja (FCT),Diamond,35000000.0
7bdrm Duplex in Kaura for sale,700,Duplex,7,8,Unfurnished,"Abuja (FCT), Kaura",Kaura,Abuja (FCT),Diamond,750000000.0
"5bdrm Duplex in Kafe District, Gwarinpa for sale",800,Duplex,5,6,Unfurnished,"Abuja (FCT), Gwarinpa",Gwarinpa,Abuja (FCT),Diamond,260000000.0
4bdrm Duplex in Guzape Main for sale,200,Duplex,4,4,Unfurnished,"Abuja (FCT), Guzape District",Guzape District,Abuja (FCT),False,350000000.0
4bdrm Duplex in Guzape Main for sale,1000,Duplex,4,4,Unfurnished,"Abuja (FCT), Guzape District",Guzape District,Abuja (FCT),False,650000000.0
"2bdrm Block of Flats in Mufasa Prime, Ikate for sale",300,Block of Flats,2,2,Unfurnished,"Lekki, Ikate",Ikate,Lekki,Enterprise,230000000.0
3bdrm Apartment in Ikeja GRA for sale,1000,Apartment,3,3,Unfurnished,"Ikeja, Ikeja GRA",Ikeja GRA,Ikeja,Enterprise,440000000.0
5bdrm Duplex in Ikota for sale,350,Duplex,5,5,Unfurnished,"Lekki, Ikota",Ikota,Lekki,Enterprise,380000000.0
2bdrm Apartment in Alagomeji for sale,500,Apartment,2,2,Unfurnished,"Yaba, Alagomeji",Alagomeji,Yaba,Enterprise,90000000.0
5bdrm Duplex in Lekki for sale,350,Duplex,5,5,Unfurnished,"Lagos State, Lekki",Lekki,Lagos State,Enterprise,300000000.0
5bdrm Duplex in Ogunlana for sale,350,Duplex,5,5,Unfurnished,"Surulere, Ogunlana",Ogunlana,Surulere,Enterprise,270000000.0
5bdrm Duplex in Lekki Phase 1 for sale,350,Duplex,5,5,Unfurnished,"Lekki, Lekki Phase 1",Lekki Phase 1,Lekki,Enterprise,900000000.0
2bdrm Apartment in Lekki Phase 1 for sale,1000,Apartment,2,2,Unfurnished,"Lekki, Lekki Phase 1",Lekki Phase 1,Lekki,Enterprise,200000000.0
"4bdrm Duplex in Akwaka Estate, Port-Harcourt for sale",300,Duplex,4,5,Unfurnished,"Rivers State, Port-Harcourt",Port-Harcourt,Rivers State,Enterprise,190000000.0
5bdrm Duplex in Kado for sale,700,Duplex,5,6,Unfurnished,"Abuja (FCT), Kado",Kado,Abuja (FCT),Diamond,750000000.0
2bdrm Apartment in Lekki Phase 1 for sale,600,Apartment,2,2,Unfurnished,"Lekki, Lekki Phase 1",Lekki Phase 1,Lekki,Enterprise,145000000.0
5bdrm Duplex in Chevron for sale,350,Duplex,5,5,Unfurnished,"Lekki, Chevron",Chevron,Lekki,Enterprise,400000000.0
4bdrm Duplex in Osapa london for sale,500,Duplex,4,4,Unfurnished,"Lekki, Osapa london",Osapa london,Lekki,Enterprise,330000000.0
3bdrm Duplex in Ilupeju for sale,500,Duplex,3,3,Unfurnished,"Lagos State, Ilupeju",Ilupeju,Lagos State,Enterprise,190000000.0
4bdrm Duplex in Ajah for sale,350,Duplex,4,4,Unfurnished,"Lagos State, Ajah",Ajah,Lagos State,Enterprise,160000000.0
5bdrm Duplex in Lekki Phase 1 for sale,350,Duplex,5,5,Unfurnished,"Lekki, Lekki Phase 1",Lekki Phase 1,Lekki,Enterprise,800000000.0
4bdrm Duplex in Lekki Phase 1 for sale,500,Duplex,4,4,Unfurnished,"Lekki, Lekki Phase 1",Lekki Phase 1,Lekki,Enterprise,650000000.0
2bdrm Apartment in Ologolo for sale,500,Apartment,2,2,Unfurnished,"Lekki, Ologolo",Ologolo,Lekki,Enterprise,140000000.0
3bdrm Duplex in Osapa london for sale,1000,Duplex,3,3,Unfurnished,"Lekki, Osapa london",Osapa london,Lekki,Enterprise,185000000.0
5bdrm Duplex in Osapa london for sale,500,Duplex,5,5,Unfurnished,"Lekki, Osapa london",Osapa london,Lekki,Enterprise,650000000.0
4bdrm Duplex in GRA Phase 1 for sale,350,Duplex,4,4,Unfurnished,"Magodo, GRA Phase 1",GRA Phase 1,Magodo,Enterprise,320000000.0
5bdrm Duplex in Lekki for sale,350,Duplex,5,5,Unfurnished,"Lagos State, Lekki",Lekki,Lagos State,Enterprise,300000000.0
5bdrm Duplex in Lekki Phase 2 for sale,350,Duplex,5,5,Unfurnished,"Lekki, Lekki Phase 2",Lekki Phase 2,Lekki,Enterprise,650000000.0
4bdrm Duplex in Ajah for sale,350,Duplex,4,4,Unfurnished,"Lagos State, Ajah",Ajah,Lagos State,Enterprise,145000000.0
"2bdrm Bungalow in Fcda, Kubwa for sale",500,Bungalow,2,2,Unfurnished,"Abuja (FCT), Kubwa",Kubwa,Abuja (FCT),Diamond,40000000.0
2bdrm Block of Flats in Life Camp for sale,500,Block of Flats,2,3,Unfurnished,"Gwarinpa, Life Camp",Life Camp,Gwarinpa,Diamond,65000000.0
"Furnished 3bdrm Bungalow in Ofin Estate, Ikorodu for sale",600,Bungalow,3,3,Furnished,"Lagos State, Ikorodu",Ikorodu,Lagos State,Diamond,23000000.0
"Furnished 5bdrm Duplex in Sunnyvale Axis, Galadimawa for sale",1000,Duplex,5,5,Furnished,"Abuja (FCT), Galadimawa",Galadimawa,Abuja (FCT),Enterprise,150000000.0
2bdrm Apartment in Ikate Lekki for sale,500,Apartment,2,2,Unfurnished,"Lekki, Ikate",Ikate,Lekki,Vip_Gold,230000000.0
5bdrm Duplex in Chevron for sale,350,Duplex,5,5,Unfurnished,"Lekki, Chevron",Chevron,Lekki,Enterprise,400000000.0
5bdrm Duplex in Chevron for sale,350,Duplex,5,5,Unfurnished,"Lekki, Chevron",Chevron,Lekki,Enterprise,420000000.0
4bdrm Duplex in Chevron for sale,400,Duplex,4,4,Unfurnished,"Lekki, Chevron",Chevron,Lekki,Enterprise,230000000.0
5bdrm Duplex in Lekki for sale,350,Duplex,5,5,Unfurnished,"Lagos State, Lekki",Lekki,Lagos State,Enterprise,190000000.0
3bdrm Apartment in Ikate for sale,1000,Apartment,3,3,Unfurnished,"Lekki, Ikate",Ikate,Lekki,Enterprise,200000000.0
"3bdrm Duplex in Payment Plan, Off Lekki-Epe Expressway for sale",1000,Duplex,3,3,Unfurnished,"Ajah, Off Lekki-Epe Expressway",Off Lekki-Epe Expressway,Ajah,Enterprise,110000000.0
5bdrm Duplex in Ajah for sale,350,Duplex,5,5,Unfurnished,"Lagos State, Ajah",Ajah,Lagos State,Enterprise,320000000.0
2bdrm Apartment in Ikate for sale,500,Apartment,2,2,Unfurnished,"Lekki, Ikate",Ikate,Lekki,Enterprise,280000000.0
4bdrm Duplex in Lekki Phase 1 for sale,1000,Duplex,4,4,Unfurnished,"Lekki, Lekki Phase 1",Lekki Phase 1,Lekki,Enterprise,350000000.0
4bdrm Duplex in Ikate for sale,350,Duplex,4,4,Unfurnished,"Lekki, Ikate",Ikate,Lekki,Enterprise,250000000.0
Furnished 1bdrm Block of Flats in Katampe for sale,500,Block of Flats,1,2,Furnished,"Abuja (FCT), Katampe",Katampe,Abuja (FCT),Diamond,100000000.0
4bdrm Duplex in Mabushi for sale,700,Duplex,4,5,Unfurnished,"Abuja (FCT), Mabushi",Mabushi,Abuja (FCT),Diamond,400000000.0
5bdrm Duplex in Chevron for sale,350,Duplex,5,5,Unfurnished,"Lekki, Chevron",Chevron,Lekki,Enterprise,390000000.0
Furnished 4bdrm Duplex in Lekki for sale,500,Duplex,4,4,Furnished,"Lagos State, Lekki",Lekki,Lagos State,Enterprise,450000000.0
5bdrm Duplex in Chevron for sale,500,Duplex,5,5,Unfurnished,"Lekki, Chevron",Chevron,Lekki,Enterprise,600000000.0
4bdrm Duplex in Off Lekki-Epe Expressway for sale,500,Duplex,4,4,Unfurnished,"Ajah, Off Lekki-Epe Expressway",Off Lekki-Epe Expressway,Ajah,Enterprise,150000000.0
5bdrm Duplex in Ajah for sale,500,Duplex,5,5,Unfurnished,"Lagos State, Ajah",Ajah,Lagos State,Enterprise,280000000.0
5bdrm Duplex in Chevron for sale,500,Duplex,5,5,Unfurnished,"Lekki, Chevron",Chevron,Lekki,Enterprise,330000000.0
4bdrm Duplex in Ajah for sale,350,Duplex,4,4,Unfurnished,"Lagos State, Ajah",Ajah,Lagos State,Enterprise,170000000.0
5bdrm Duplex in Ikate for sale,500,Duplex,5,5,Unfurnished,"Lekki, Ikate",Ikate,Lekki,Enterprise,850000000.0
4bdrm Duplex in Ajah for sale,500,Duplex,4,4,Unfurnished,"Lagos State, Ajah",Ajah,Lagos State,Enterprise,160000000.0
4bdrm Duplex in Osborne Foreshore Estate for sale,500,Duplex,4,4,Unfurnished,"Ikoyi, Osborne Foreshore Estate",Osborne Foreshore Estate,Ikoyi,Enterprise,350000000.0
Furnished 2bdrm Duplex in Mende for sale,500,Duplex,2,2,Furnished,"Maryland, Mende",Mende,Maryland,Enterprise,150000000.0
5bdrm Duplex in Ikota for sale,350,Duplex,5,5,Unfurnished,"Lekki, Ikota",Ikota,Lekki,Enterprise,230000000.0
6bdrm House in Ibadan for sale,1500,House,6,4,Unfurnished,"Oyo State, Ibadan",Ibadan,Oyo State,False,50000000.0
1bdrm Block of Flats in Life Camp for sale,500,Block of Flats,1,2,Unfurnished,"Gwarinpa, Life Camp",Life Camp,Gwarinpa,Diamond,40000000.0
4bdrm House in Gwarinpa for sale,500,House,4,5,Unfurnished,"Abuja (FCT), Gwarinpa",Gwarinpa,Abuja (FCT),Diamond,350000000.0
4bdrm Duplex in Guzape District for sale,500,Duplex,4,5,Unfurnished,"Abuja (FCT), Guzape District",Guzape District,Abuja (FCT),Diamond,350000000.0
4bdrm Duplex in Asokoro Main for sale,1000,Duplex,4,4,Unfurnished,"Abuja (FCT), Asokoro",Asokoro,Abuja (FCT),False,900000000.0
4bdrm Duplex in Surulere for sale,350,Duplex,4,4,Unfurnished,"Lagos State, Surulere",Surulere,Lagos State,Enterprise,300000000.0
5bdrm Duplex in Chevron for sale,350,Duplex,5,5,Unfurnished,"Lekki, Chevron",Chevron,Lekki,Enterprise,350000000.0
5bdrm Duplex in Chevron for sale,500,Duplex,5,5,Unfurnished,"Lekki, Chevron",Chevron,Lekki,Enterprise,500000000.0
5bdrm Duplex in Lekki Phase 2 for sale,350,Duplex,5,5,Unfurnished,"Lekki, Lekki Phase 2",Lekki Phase 2,Lekki,Enterprise,400000000.0
5bdrm Duplex in Ikota for sale,500,Duplex,5,5,Unfurnished,"Lekki, Ikota",Ikota,Lekki,Enterprise,660000000.0
5bdrm Duplex in Ajah for sale,350,Duplex,5,5,Unfurnished,"Lagos State, Ajah",Ajah,Lagos State,Enterprise,260000000.0
5bdrm Duplex in Chevron for sale,500,Duplex,5,5,Unfurnished,"Lekki, Chevron",Chevron,Lekki,Enterprise,500000000.0
2bdrm Block of Flats in Kiami for sale,500,Block of Flats,2,2,Unfurnished,"Lugbe District, Kiami",Kiami,Lugbe District,Enterprise,40000000.0
5bdrm Duplex in Ajah for sale,500,Duplex,5,5,Unfurnished,"Lagos State, Ajah",Ajah,Lagos State,Enterprise,290000000.0
5bdrm Duplex in Chevron for sale,500,Duplex,5,5,Unfurnished,"Lekki, Chevron",Chevron,Lekki,Enterprise,380000000.0
5bdrm Duplex in Lekki Phase 2 for sale,500,Duplex,5,5,Unfurnished,"Lekki, Lekki Phase 2",Lekki Phase 2,Lekki,Enterprise,370000000.0
3bdrm Duplex in Akure for sale,300,Duplex,3,3,Unfurnished,"Ondo State, Akure",Akure,Ondo State,Enterprise,98000000.0
5bdrm Duplex in Chevron for sale,350,Duplex,5,5,Unfurnished,"Lekki, Chevron",Chevron,Lekki,Enterprise,390000000.0
5bdrm Duplex in Lekki Phase 1 for sale,350,Duplex,5,5,Unfurnished,"Lekki, Lekki Phase 1",Lekki Phase 1,Lekki,Enterprise,350000000.0
5bdrm Duplex in Ikota for sale,500,Duplex,5,5,Unfurnished,"Lekki, Ikota",Ikota,Lekki,Enterprise,320000000.0
2bdrm Block of Flats in Kubwa for sale,800,Block of Flats,2,3,Unfurnished,"Abuja (FCT), Kubwa",Kubwa,Abuja (FCT),Diamond,45000000.0
4bdrm Duplex in Jahi for sale,150,Duplex,4,4,Unfurnished,"Abuja (FCT), Jahi",Jahi,Abuja (FCT),Enterprise,230000000.0
3bdrm Duplex in Sangotedo for sale,250,Duplex,3,3,Unfurnished,"Ajah, Sangotedo",Sangotedo,Ajah,Enterprise,150000000.0
5bdrm Duplex in Alaka Estate for sale,350,Duplex,5,5,Unfurnished,"Surulere, Alaka Estate",Alaka Estate,Surulere,Enterprise,450000000.0
5bdrm Duplex in Chevron for sale,500,Duplex,5,5,Unfurnished,"Lekki, Chevron",Chevron,Lekki,Enterprise,680000000.0
4bdrm Duplex in Ikota for sale,350,Duplex,4,4,Unfurnished,"Lekki, Ikota",Ikota,Lekki,Enterprise,150000000.0
4bdrm Duplex in Off Lekki-Epe Expressway for sale,500,Duplex,4,4,Unfurnished,"Ajah, Off Lekki-Epe Expressway",Off Lekki-Epe Expressway,Ajah,Enterprise,230000000.0
5bdrm Duplex in Ikota for sale,350,Duplex,5,5,Unfurnished,"Lekki, Ikota",Ikota,Lekki,Enterprise,330000000.0
4bdrm Duplex in Ikota for sale,350,Duplex,4,4,Unfurnished,"Lekki, Ikota",Ikota,Lekki,Enterprise,180000000.0
5bdrm Duplex in Ajah for sale,350,Duplex,5,5,Unfurnished,"Lagos State, Ajah",Ajah,Lagos State,Enterprise,300000000.0
3bdrm Apartment in Lekki Phase 1 for sale,500,Apartment,3,3,Unfurnished,"Lekki, Lekki Phase 1",Lekki Phase 1,Lekki,Enterprise,350000000.0
5bdrm Duplex in Lekki Phase 1 for sale,350,Duplex,5,5,Unfurnished,"Lekki, Lekki Phase 1",Lekki Phase 1,Lekki,Enterprise,300000000.0
4bdrm Duplex in Ikota for sale,350,Duplex,4,4,Unfurnished,"Lekki, Ikota",Ikota,Lekki,Enterprise,200000000.0
2bdrm Apartment in Ikate for sale,500,Apartment,2,2,Unfurnished,"Lekki, Ikate",Ikate,Lekki,Enterprise,195000000.0
4bdrm Duplex in Ajah for sale,350,Duplex,4,4,Unfurnished,"Lagos State, Ajah",Ajah,Lagos State,Enterprise,120000000.0
1bdrm Block of Flats in Maitama Ii Katampe for sale,500,Block of Flats,1,2,Unfurnished,"Abuja (FCT), Katampe",Katampe,Abuja (FCT),Diamond,85000000.0
4bdrm Duplex in Life Camp for sale,500,Duplex,4,5,Unfurnished,"Gwarinpa, Life Camp",Life Camp,Gwarinpa,Diamond,210000000.0
3bdrm Apartment in Yaba for sale,500,Apartment,3,3,Unfurnished,"Lagos State, Yaba",Yaba,Lagos State,Enterprise,150000000.0
1bdrm Apartment in Lekki Phase 1 for sale,1000,Apartment,1,1,Unfurnished,"Lekki, Lekki Phase 1",Lekki Phase 1,Lekki,Enterprise,160000000.0
5bdrm Duplex in Agungi for sale,350,Duplex,5,5,Unfurnished,"Lekki, Agungi",Agungi,Lekki,Enterprise,350000000.0
4bdrm Duplex in Lekki Phase 1 for sale,500,Duplex,4,4,Unfurnished,"Lekki, Lekki Phase 1",Lekki Phase 1,Lekki,Enterprise,800000000.0
5bdrm Duplex in Lekki for sale,500,Duplex,5,5,Unfurnished,"Lagos State, Lekki",Lekki,Lagos State,Enterprise,430000000.0
5bdrm Duplex in Lekki Phase 2 for sale,350,Duplex,5,5,Unfurnished,"Lekki, Lekki Phase 2",Lekki Phase 2,Lekki,Enterprise,650000000.0
5bdrm Duplex in Ikate for sale,500,Duplex,5,5,Unfurnished,"Lekki, Ikate",Ikate,Lekki,Enterprise,829000000.0
5bdrm Duplex in Lekki for sale,350,Duplex,5,5,Unfurnished,"Lagos State, Lekki",Lekki,Lagos State,Enterprise,650000000.0
5bdrm Duplex in Ikate for sale,350,Duplex,5,5,Unfurnished,"Lekki, Ikate",Ikate,Lekki,Enterprise,290000000.0
4bdrm Duplex in Lekki Phase 2 for sale,500,Duplex,4,4,Unfurnished,"Lekki, Lekki Phase 2",Lekki Phase 2,Lekki,Enterprise,140000000.0
4bdrm Duplex in Ajah for sale,350,Duplex,4,4,Unfurnished,"Lagos State, Ajah",Ajah,Lagos State,Enterprise,180000000.0
Furnished 3bdrm Apartment in Osapa london for sale,500,Apartment,3,3,Furnished,"Lekki, Osapa london",Osapa london,Lekki,Enterprise,280000000.0
2bdrm Apartment in Lekki Phase 1 for sale,1000,Apartment,2,2,Unfurnished,"Lekki, Lekki Phase 1",Lekki Phase 1,Lekki,Enterprise,275000000.0
2bdrm Apartment in Ikate for sale,500,Apartment,2,2,Unfurnished,"Lekki, Ikate",Ikate,Lekki,Enterprise,190000000.0
4bdrm Block of Flats in Katampe Main for sale,1000,Block of Flats,4,5,Unfurnished,"Katampe, Katampe (Main)",Katampe (Main),Katampe,Diamond,220000000.0
4bdrm Duplex in Life Camp for sale,1000,Duplex,4,4,Unfurnished,"Gwarinpa, Life Camp",Life Camp,Gwarinpa,Diamond,120000000.0
5bdrm House in Ikoyi for sale,500,House,5,5,Unfurnished,"Lagos State, Ikoyi",Ikoyi,Lagos State,Enterprise,950000000.0
4bdrm Duplex in Ajah for sale,350,Duplex,4,4,Unfurnished,"Lagos State, Ajah",Ajah,Lagos State,Enterprise,220000000.0
4bdrm Duplex in Ikota for sale,350,Duplex,4,4,Unfurnished,"Lekki, Ikota",Ikota,Lekki,Enterprise,190000000.0
5bdrm Duplex in Lekki for sale,500,Duplex,5,5,Unfurnished,"Lagos State, Lekki",Lekki,Lagos State,Enterprise,550000000.0
5bdrm Duplex in Ogunlana for sale,900,Duplex,5,5,Unfurnished,"Surulere, Ogunlana",Ogunlana,Surulere,Enterprise,700000000.0
4bdrm Duplex in Ajah for sale,350,Duplex,4,4,Unfurnished,"Lagos State, Ajah",Ajah,Lagos State,Enterprise,160000000.0
5bdrm Duplex in Lekki for sale,350,Duplex,5,5,Unfurnished,"Lagos State, Lekki",Lekki,Lagos State,Enterprise,150000000.0
2bdrm Duplex in Kubwa for sale,700,Duplex,2,3,Unfurnished,"Abuja (FCT), Kubwa",Kubwa,Abuja (FCT),Diamond,65000000.0
2bdrm Block of Flats in Guzape Main for sale,800,Block of Flats,2,2,Unfurnished,"Abuja (FCT), Guzape District",Guzape District,Abuja (FCT),False,140000000.0
4bdrm Duplex in Lekki Phase 2 for sale,500,Duplex,4,4,Unfurnished,"Lekki, Lekki Phase 2",Lekki Phase 2,Lekki,Enterprise,180000000.0
4bdrm Duplex in Lekki for sale,350,Duplex,4,4,Unfurnished,"Lagos State, Lekki",Lekki,Lagos State,Enterprise,195000000.0
6bdrm Duplex in Ikate for sale,500,Duplex,6,6,Unfurnished,"Lekki, Ikate",Ikate,Lekki,Enterprise,600000000.0
5bdrm Duplex in Ikate for sale,350,Duplex,5,5,Unfurnished,"Lekki, Ikate",Ikate,Lekki,Enterprise,650000000.0
5bdrm Duplex in Lekki Phase 1 for sale,500,Duplex,5,5,Unfurnished,"Lekki, Lekki Phase 1",Lekki Phase 1,Lekki,Enterprise,850000000.0
5bdrm Duplex in Ikota for sale,350,Duplex,5,5,Unfurnished,"Lekki, Ikota",Ikota,Lekki,Enterprise,430000000.0
5bdrm Duplex in Lekki Phase 2 for sale,500,Duplex,5,5,Unfurnished,"Lekki, Lekki Phase 2",Lekki Phase 2,Lekki,Enterprise,500000000.0
5bdrm Duplex in Lekki for sale,350,Duplex,5,5,Unfurnished,"Lagos State, Lekki",Lekki,Lagos State,Enterprise,350000000.0
5bdrm Duplex in Lekki Phase 2 for sale,500,Duplex,5,5,Unfurnished,"Lekki, Lekki Phase 2",Lekki Phase 2,Lekki,Enterprise,600000000.0
4bdrm Duplex in Ikota for sale,500,Duplex,4,4,Unfurnished,"Lekki, Ikota",Ikota,Lekki,Enterprise,140000000.0
5bdrm Duplex in Chevron for sale,350,Duplex,5,5,Unfurnished,"Lekki, Chevron",Chevron,Lekki,Enterprise,450000000.0
3bdrm Bungalow in Dutse-Alhaji for sale,500,Bungalow,3,3,Unfurnished,"Abuja (FCT), Dutse-Alhaji",Dutse-Alhaji,Abuja (FCT),Diamond,30000000.0
5bdrm Duplex in Katampe (Main) for sale,800,Duplex,5,6,Unfurnished,"Katampe, Katampe (Main)",Katampe (Main),Katampe,Diamond,450000000.0
5bdrm Duplex in Lekki for sale,350,Duplex,5,5,Unfurnished,"Lagos State, Lekki",Lekki,Lagos State,Enterprise,380000000.0
5bdrm Duplex in Ikota for sale,350,Duplex,5,5,Unfurnished,"Lekki, Ikota",Ikota,Lekki,Enterprise,280000000.0
5bdrm Duplex in Ajah for sale,350,Duplex,5,5,Unfurnished,"Lagos State, Ajah",Ajah,Lagos State,Enterprise,180000000.0
4bdrm Duplex in Lekki Phase 2 for sale,350,Duplex,4,4,Unfurnished,"Lekki, Lekki Phase 2",Lekki Phase 2,Lekki,Enterprise,140000000.0
5bdrm Duplex in Lekki Phase 2 for sale,350,Duplex,5,5,Unfurnished,"Lekki, Lekki Phase 2",Lekki Phase 2,Lekki,Enterprise,330000000.0
4bdrm Duplex in Ikate for sale,350,Duplex,4,4,Unfurnished,"Lekki, Ikate",Ikate,Lekki,Enterprise,270000000.0
4bdrm Duplex in Ajah for sale,350,Duplex,4,4,Unfurnished,"Lagos State, Ajah",Ajah,Lagos State,Enterprise,150000000.0
4bdrm Duplex in Off Lekki-Epe Expressway for sale,500,Duplex,4,4,Unfurnished,"Ajah, Off Lekki-Epe Expressway",Off Lekki-Epe Expressway,Ajah,Enterprise,165000000.0
4bdrm Duplex in Lekki for sale,500,Duplex,4,4,Unfurnished,"Lagos State, Lekki",Lekki,Lagos State,Enterprise,200000000.0
4bdrm Duplex in Ado / Ajah for sale,500,Duplex,4,4,Unfurnished,"Ajah, Ado / Ajah",Ado / Ajah,Ajah,Enterprise,160000000.0
5bdrm Duplex in Ajah for sale,500,Duplex,5,5,Unfurnished,"Lagos State, Ajah",Ajah,Lagos State,Enterprise,220000000.0
5bdrm Duplex in Ajah for sale,350,Duplex,5,5,Unfurnished,"Lagos State, Ajah",Ajah,Lagos State,Enterprise,160000000.0
4bdrm Duplex in Ikate for sale,350,Duplex,4,4,Unfurnished,"Lekki, Ikate",Ikate,Lekki,Enterprise,285000000.0
5bdrm Duplex in Ikate for sale,350,Duplex,5,5,Unfurnished,"Lekki, Ikate",Ikate,Lekki,Enterprise,930000000.0
4bdrm Duplex in Lekki for sale,350,Duplex,4,4,Unfurnished,"Lagos State, Lekki",Lekki,Lagos State,Enterprise,250000000.0
Furnished 9bdrm Duplex in Port-Harcourt for sale,465,Duplex,9,10,Furnished,"Rivers State, Port-Harcourt",Port-Harcourt,Rivers State,Enterprise,300000000.0
5bdrm Duplex in Ajah for sale,350,Duplex,5,5,Unfurnished,"Lagos State, Ajah",Ajah,Lagos State,Enterprise,300000000.0
4bdrm Duplex in Agungi for sale,350,Duplex,4,4,Unfurnished,"Lekki, Agungi",Agungi,Lekki,Enterprise,180000000.0
"4bdrm Duplex in Payment Plan, Gudu for sale",350,Duplex,4,4,Unfurnished,"Abuja (FCT), Gudu",Gudu,Abuja (FCT),Enterprise,150000000.0
2bdrm Apartment in Lekki Phase 1 for sale,1000,Apartment,2,2,Unfurnished,"Lekki, Lekki Phase 1",Lekki Phase 1,Lekki,Enterprise,300000000.0
2bdrm Apartment in Lekki Phase 1 for sale,1000,Apartment,2,2,Unfurnished,"Lekki, Lekki Phase 1",Lekki Phase 1,Lekki,Enterprise,155000000.0
3bdrm Apartment in Osapa london for sale,350,Apartment,3,3,Unfurnished,"Lekki, Osapa london",Osapa london,Lekki,Enterprise,140000000.0
3bdrm Duplex in Lekki Phase 2 for sale,500,Duplex,3,3,Unfurnished,"Lekki, Lekki Phase 2",Lekki Phase 2,Lekki,Enterprise,140000000.0
2bdrm Apartment in Lekki Phase 1 for sale,500,Apartment,2,2,Unfurnished,"Lekki, Lekki Phase 1",Lekki Phase 1,Lekki,Enterprise,280000000.0
4bdrm Duplex in Ifako-Ijaiye for sale,350,Duplex,4,4,Unfurnished,"Lagos State, Ifako-Ijaiye",Ifako-Ijaiye,Lagos State,Enterprise,120000000.0
2bdrm Apartment in Lekki Phase 1 for sale,350,Apartment,2,2,Unfurnished,"Lekki, Lekki Phase 1",Lekki Phase 1,Lekki,Enterprise,250000000.0
5bdrm Mansion in Osapa london for sale,500,Mansion,5,5,Unfurnished,"Lekki, Osapa london",Osapa london,Lekki,Enterprise,650000000.0
4bdrm Duplex in Lekki Phase 2 for sale,350,Duplex,4,4,Unfurnished,"Lekki, Lekki Phase 2",Lekki Phase 2,Lekki,Enterprise,180000000.0
2bdrm Apartment in Lekki Phase 1 for sale,1000,Apartment,2,2,Unfurnished,"Lekki, Lekki Phase 1",Lekki Phase 1,Lekki,Enterprise,330000000.0
4bdrm Duplex in Ajah for sale,350,Duplex,4,4,Unfurnished,"Lagos State, Ajah",Ajah,Lagos State,Enterprise,180000000.0
5bdrm Duplex in Ikate for sale,500,Duplex,5,5,Unfurnished,"Lekki, Ikate",Ikate,Lekki,Enterprise,450000000.0
4bdrm Duplex in Lifecamp for sale,300,Duplex,4,4,Unfurnished,"Gwarinpa, Life Camp",Life Camp,Gwarinpa,False,180000000.0
4bdrm Duplex in Ikate for sale,500,Duplex,4,4,Unfurnished,"Lekki, Ikate",Ikate,Lekki,Enterprise,260000000.0
Furnished 3bdrm Apartment in Old Ikoyi for sale,500,Apartment,3,3,Furnished,"Ikoyi, Old Ikoyi",Old Ikoyi,Ikoyi,Enterprise,700000000.0
2bdrm Apartment in Lekki Phase 1 for sale,500,Apartment,2,2,Unfurnished,"Lekki, Lekki Phase 1",Lekki Phase 1,Lekki,Enterprise,280000000.0
4bdrm Duplex in Ikate for sale,350,Duplex,4,4,Unfurnished,"Lekki, Ikate",Ikate,Lekki,Enterprise,150000000.0
4bdrm Duplex in Ajah for sale,350,Duplex,4,4,Unfurnished,"Lagos State, Ajah",Ajah,Lagos State,Enterprise,180000000.0
4bdrm Duplex in Lekki Phase 2 for sale,500,Duplex,4,4,Unfurnished,"Lekki, Lekki Phase 2",Lekki Phase 2,Lekki,Enterprise,240000000.0
5bdrm Duplex in Lekki Phase 2 for sale,500,Duplex,5,5,Unfurnished,"Lekki, Lekki Phase 2",Lekki Phase 2,Lekki,Enterprise,380000000.0
6bdrm Duplex in Surulere for sale,350,Duplex,6,6,Unfurnished,"Lagos State, Surulere",Surulere,Lagos State,Enterprise,220000000.0
4bdrm Duplex in Ajah for sale,500,Duplex,4,4,Unfurnished,"Lagos State, Ajah",Ajah,Lagos State,Enterprise,198000000.0
4bdrm Duplex in Ado / Ajah for sale,500,Duplex,4,4,Unfurnished,"Ajah, Ado / Ajah",Ado / Ajah,Ajah,Enterprise,135000000.0
5bdrm Duplex in Ikota for sale,500,Duplex,5,5,Unfurnished,"Lekki, Ikota",Ikota,Lekki,Enterprise,300000000.0
4bdrm Duplex in Ologolo for sale,500,Duplex,4,4,Unfurnished,"Lekki, Ologolo",Ologolo,Lekki,Enterprise,210000000.0
4bdrm Duplex in Off Lekki-Epe Expressway for sale,350,Duplex,4,4,Unfurnished,"Ajah, Off Lekki-Epe Expressway",Off Lekki-Epe Expressway,Ajah,Enterprise,290000000.0
5bdrm Duplex in GRA Phase 2 Shangisha for sale,350,Duplex,5,5,Unfurnished,"Magodo, GRA Phase 2 Shangisha",GRA Phase 2 Shangisha,Magodo,Enterprise,300000000.0
2bdrm Apartment in Shonibare Estate for sale,1000,Apartment,2,2,Unfurnished,"Maryland, Shonibare Estate",Shonibare Estate,Maryland,Enterprise,350000000.0
"3bdrm Block of Flats in For Lease (6 Units, Ikeja GRA for sale",600,Block of Flats,3,4,Unfurnished,"Ikeja, Ikeja GRA",Ikeja GRA,Ikeja,Enterprise,90000000.0
3bdrm Apartment in Ikate for sale,500,Apartment,3,3,Unfurnished,"Lekki, Ikate",Ikate,Lekki,Enterprise,125000000.0
5bdrm Duplex in Lekki for sale,500,Duplex,5,5,Unfurnished,"Lagos State, Lekki",Lekki,Lagos State,Enterprise,350000000.0
4bdrm Duplex in Mende for sale,500,Duplex,4,4,Unfurnished,"Maryland, Mende",Mende,Maryland,Enterprise,280000000.0
Furnished 2bdrm Apartment in Lekki for sale,500,Apartment,2,2,Furnished,"Lagos State, Lekki",Lekki,Lagos State,Enterprise,120000000.0
2bdrm Apartment in Agungi for sale,1000,Apartment,2,2,Unfurnished,"Lekki, Agungi",Agungi,Lekki,Enterprise,100000000.0
"4bdrm Duplex in Ivory Height Estate, Port-Harcourt for sale",1000,Duplex,4,5,Unfurnished,"Rivers State, Port-Harcourt",Port-Harcourt,Rivers State,Enterprise,400000000.0
"4bdrm Duplex in Hilltop Estate, Owerri for sale",450,Duplex,4,5,Unfurnished,"Imo State, Owerri",Owerri,Imo State,Enterprise,250000000.0
4bdrm Duplex in Guzape Main for sale,1000,Duplex,4,4,Unfurnished,"Abuja (FCT), Guzape District",Guzape District,Abuja (FCT),False,750000000.0
"4bdrm Duplex in Brains And Hammers, Life Camp for sale",500,Duplex,4,4,Unfurnished,"Gwarinpa, Life Camp",Life Camp,Gwarinpa,False,150000000.0
"4bdrm Duplex in Brains And Hammers, Life Camp for sale",500,Duplex,4,4,Unfurnished,"Gwarinpa, Life Camp",Life Camp,Gwarinpa,False,110000000.0
Furnished 5bdrm Duplex in Guzape Main for sale,1500,Duplex,5,6,Furnished,"Abuja (FCT), Guzape District",Guzape District,Abuja (FCT),False,750000000.0
"4bdrm Duplex in 1000, Guzape District for sale",1000,Duplex,4,4,Unfurnished,"Abuja (FCT), Guzape District",Guzape District,Abuja (FCT),False,350000000.0
"4bdrm Duplex in Brains And Hammers, Life Camp for sale",800,Duplex,4,4,Unfurnished,"Gwarinpa, Life Camp",Life Camp,Gwarinpa,False,68000000.0
4bdrm Duplex in Oko Oba for sale,400,Duplex,4,4,Unfurnished,"Agege, Oko-Oba",Oko-Oba,Agege,Vip_Gold,250000000.0
"3bdrm House in Harji, Ibadan for sale",500,House,3,3,Unfurnished,"Oyo State, Ibadan",Ibadan,Oyo State,False,85000000.0
4bdrm Duplex in Guzape for sale,1000,Duplex,4,4,Unfurnished,"Abuja (FCT), Guzape District",Guzape District,Abuja (FCT),False,550000000.0
"4bdrm Duplex in Adewale Estate, Sangotedo for sale",446,Duplex,4,4,Unfurnished,"Ajah, Sangotedo",Sangotedo,Ajah,False,90000000.0
4bdrm Duplex in Magodo Gra Phase 1 for sale,150,Duplex,4,5,Semi-Furnished,"Magodo, GRA Phase 1",GRA Phase 1,Magodo,Diamond,350000000.0
5bdrm Duplex in Saibu-Gomina Estate for sale,1300,Duplex,5,5,Semi-Furnished,"Osun State, Osogbo",Osogbo,Osun State,False,120000000.0
"3bdrm Bungalow in Country Home, Osogbo for sale",500,Bungalow,3,3,Semi-Furnished,"Osun State, Osogbo",Osogbo,Osun State,Diamond,33000000.0
3bdrm House in Ijebu Ode for sale,650,House,3,3,Unfurnished,"Ogun State, Ijebu Ode",Ijebu Ode,Ogun State,False,35000000.0
"4bdrm Duplex in Agege Lagos, Oko-Oba for sale",3003,Duplex,4,4,Unfurnished,"Agege, Oko-Oba",Oko-Oba,Agege,Vip_Gold,230000000.0
Furnished 3bdrm Apartment in Ijebu Ode for sale,400,Apartment,3,2,Furnished,"Ogun State, Ijebu Ode",Ijebu Ode,Ogun State,False,50000000.0
2bdrm House in Eleko for sale,150,House,2,2,Unfurnished,"Ibeju, Eleko",Eleko,Ibeju,Enterprise,10000000.0
"5bdrm Duplex in Luxury, Oko-Oba for sale",350,Duplex,5,5,Unfurnished,"Agege, Oko-Oba",Oko-Oba,Agege,Vip_Gold,370000000.0
"Furnished 3bdrm Block of Flats in Fashola Estate, Sangotedo for sale",320,Block of Flats,3,3,Furnished,"Ajah, Sangotedo",Sangotedo,Ajah,False,57000000.0
"3bdrm Duplex in Villa Green, Ikota for sale",300,Duplex,3,3,Unfurnished,"Lekki, Ikota",Ikota,Lekki,Vip_Gold,150000000.0
Furnished 5bdrm Duplex in Mende Estate for sale,234,Duplex,5,5,Furnished,"Maryland, Mende",Mende,Maryland,False,650000000.0
2bdrm Duplex in Kabusa for sale,200,Duplex,2,2,Unfurnished,"Abuja (FCT), Kabusa",Kabusa,Abuja (FCT),Vip_Gold,70000000.0
"Furnished 3bdrm Bungalow in Progressive Estate, Ikotun / Ikotun/Igando",1200,Bungalow,3,3,Furnished,"Ikotun/Igando, Ikotun / Ikotun/Igando",Ikotun / Ikotun/Igando,Ikotun/Igando,Diamond,89100000.0
"2bdrm Apartment in Zularich Residence 2, Sangotedo for sale",150,Apartment,2,2,Semi-Furnished,"Ajah, Sangotedo",Sangotedo,Ajah,Diamond,85000000.0
6bdrm Block of Flats in Ado-Odo/Ota for sale,600,Block of Flats,6,6,Semi-Furnished,"Ogun State, Ado-Odo/Ota",Ado-Odo/Ota,Ogun State,Vip_Gold,70000000.0
"10bdrm Duplex in Stadium Road, Port, New Layout for sale",700,Duplex,10,10,Semi-Furnished,"Port-Harcourt, New Layout",New Layout,Port-Harcourt,Enterprise,350000000.0
"3bdrm Bungalow in New Layout, Atali, for sale",500,Bungalow,3,3,Semi-Furnished,"Rivers State, Port-Harcourt",Port-Harcourt,Rivers State,Enterprise,55500000.0
"3bdrm Bungalow in Stand Alone, Lugbe District for sale",1500,Bungalow,3,3,Unfurnished,"Abuja (FCT), Lugbe District",Lugbe District,Abuja (FCT),Vip_Gold,65000000.0
4bdrm Duplex in Sangotedo for sale,300,Duplex,4,4,Unfurnished,"Ajah, Sangotedo",Sangotedo,Ajah,Enterprise,220000000.0
4bdrm Duplex in Sangotedo for sale,300,Duplex,4,4,Unfurnished,"Ajah, Sangotedo",Sangotedo,Ajah,Enterprise,195000000.0
5bdrm Duplex in Sangotedo for sale,400,Duplex,5,5,Unfurnished,"Ajah, Sangotedo",Sangotedo,Ajah,Enterprise,400000000.0
3bdrm Duplex in Sangotedo for sale,180,Duplex,3,3,Unfurnished,"Ajah, Sangotedo",Sangotedo,Ajah,Enterprise,120000000.0
4bdrm Duplex in Sangotedo for sale,280,Duplex,4,4,Unfurnished,"Ajah, Sangotedo",Sangotedo,Ajah,Enterprise,210000000.0
4bdrm Duplex in Sangotedo for sale,280,Duplex,4,4,Unfurnished,"Ajah, Sangotedo",Sangotedo,Ajah,Enterprise,225000000.0
4bdrm Duplex in Sangotedo for sale,250,Duplex,4,4,Unfurnished,"Ajah, Sangotedo",Sangotedo,Ajah,Enterprise,160000000.0
4bdrm Duplex in Sangotedo for sale,280,Duplex,4,4,Unfurnished,"Ajah, Sangotedo",Sangotedo,Ajah,Enterprise,170000000.0
2bdrm Townhouse/Terrace in Ajah for sale,180,Townhouse/Terrace,2,2,Unfurnished,"Lagos State, Ajah",Ajah,Lagos State,Enterprise,125000000.0
"8bdrm Mansion in Alagbaka Gra, Akure for sale",936,Mansion,8,9,Semi-Furnished,"Ondo State, Akure",Akure,Ondo State,Vip_Gold,285000000.0
Furnished 2bdrm Block of Flats in Abesan for sale,600,Block of Flats,2,4,Furnished,"Ipaja, Abesan",Abesan,Ipaja,Vip_Gold,300000000.0
"4bdrm House in Lekki Palm City, Ado / Ajah for sale",500,House,4,5,Semi-Furnished,"Ajah, Ado / Ajah",Ado / Ajah,Ajah,False,199000000.0
4bdrm Duplex in Surulere for sale,400,Duplex,4,4,Unfurnished,"Lagos State, Surulere",Surulere,Lagos State,Enterprise,420000000.0
4bdrm Duplex in Adeniyi Jones for sale,450,Duplex,4,4,Unfurnished,"Ikeja, Adeniyi Jones",Adeniyi Jones,Ikeja,Enterprise,600000000.0
5bdrm Duplex in Adeniyi Jones for sale,450,Duplex,5,5,Unfurnished,"Ikeja, Adeniyi Jones",Adeniyi Jones,Ikeja,Enterprise,900000000.0
3bdrm Apartment in Ikeja GRA for sale,250,Apartment,3,3,Unfurnished,"Ikeja, Ikeja GRA",Ikeja GRA,Ikeja,Enterprise,420000000.0
4bdrm Duplex in Utako for sale,450,Duplex,4,4,Unfurnished,"Abuja (FCT), Utako",Utako,Abuja (FCT),Vip_Gold,800000000.0
4bdrm Duplex in GRA Phase 3 / Port-Harcourt for sale,465,Duplex,4,5,Semi-Furnished,"Port-Harcourt, GRA Phase 3 / Port-Harcourt",GRA Phase 3 / Port-Harcourt,Port-Harcourt,Enterprise,400000000.0
3bdrm Duplex in Kubwa for sale,500,Duplex,3,4,Unfurnished,"Abuja (FCT), Kubwa",Kubwa,Abuja (FCT),Premium,130000000.0
4bdrm Duplex in Kado for sale,1800,Duplex,4,4,Semi-Furnished,"Abuja (FCT), Kado",Kado,Abuja (FCT),Premium,350000000.0
"3bdrm Block of Flats in Light City, Durumi for sale",1500,Block of Flats,3,3,Unfurnished,"Abuja (FCT), Durumi",Durumi,Abuja (FCT),Vip_Gold,140000000.0
"6bdrm Duplex in Iwofe Ada George, New Layout for sale",539,Duplex,6,6,Semi-Furnished,"Port-Harcourt, New Layout",New Layout,Port-Harcourt,Enterprise,230000000.0
2bdrm Penthouse in Awolowo Road for sale,150,Penthouse,2,2,Unfurnished,"Ikoyi, Awolowo Road",Awolowo Road,Ikoyi,Diamond,550000000.0
"5bdrm Duplex in Afara Estate, Umuahia for sale",465,Duplex,5,5,Unfurnished,"Abia State, Umuahia",Umuahia,Abia State,Diamond,100000000.0
Furnished 3bdrm Bungalow in Alagbado for sale,300,Bungalow,3,3,Furnished,"Ifako-Ijaiye, Alagbado",Alagbado,Ifako-Ijaiye,Vip_Gold,35000000.0
"5bdrm Bungalow in Good Homes Estate, Lokogoma for sale",750,Bungalow,5,4,Unfurnished,"Abuja (FCT), Lokogoma",Lokogoma,Abuja (FCT),Vip_Gold,80000000.0
"4bdrm Duplex in Berger Estate, Alagbado for sale",420,Duplex,4,4,Semi-Furnished,"Ifako-Ijaiye, Alagbado",Alagbado,Ifako-Ijaiye,Vip_Gold,290000000.0
Furnished 3bdrm Block of Flats in Alagbado for sale,300,Block of Flats,3,3,Furnished,"Ifako-Ijaiye, Alagbado",Alagbado,Ifako-Ijaiye,Vip_Gold,60000000.0
Furnished 2bdrm Apartment in Mabushi for sale,1800,Apartment,2,2,Furnished,"Abuja (FCT), Mabushi",Mabushi,Abuja (FCT),Vip_Gold,260000000.0
1bdrm Bungalow in Ido for sale,50,Bungalow,1,1,Semi-Furnished,"Oyo State, Ido",Ido,Oyo State,False,4500000.0
Furnished 3bdrm Bungalow in Banana Estate Iju for sale,300,Bungalow,3,3,Furnished,"Ogun State, Ado-Odo/Ota",Ado-Odo/Ota,Ogun State,Vip_Gold,30000000.0
"Furnished 5bdrm Duplex in Efab Estate, Gwarinpa for sale",800,Duplex,5,5,Furnished,"Abuja (FCT), Gwarinpa",Gwarinpa,Abuja (FCT),Vip_Gold,380000000.0
"1bdrm Bungalow in Orija Estate, Agbado for sale",600,Bungalow,1,3,Unfurnished,"Ifako-Ijaiye, Agbado",Agbado,Ifako-Ijaiye,Vip_Gold,10000000.0
"3bdrm Block of Flats in Pearl Apartment, Durumi for sale",1200,Block of Flats,3,3,Semi-Furnished,"Abuja (FCT), Durumi",Durumi,Abuja (FCT),Vip_Gold,145000000.0
4bdrm Duplex in Jabi for sale,2000,Duplex,4,4,Unfurnished,"Abuja (FCT), Jabi",Jabi,Abuja (FCT),Vip_Gold,200000000.0
"5bdrm Duplex in Cowrie Creeb, Ikate for sale",5000,Duplex,5,6,Unfurnished,"Lekki, Ikate",Ikate,Lekki,Diamond,900000000.0
"4bdrm Bungalow in Okpanam By-Pass, Oshimili South for sale",465,Bungalow,4,5,Unfurnished,"Delta State, Oshimili South",Oshimili South,Delta State,Premium,100000000.0
"4bdrm Duplex in Luxevilla Estate, Osapa london for sale",450,Duplex,4,4,Semi-Furnished,"Lekki, Osapa london",Osapa london,Lekki,Vip_Gold,150000000.0
Furnished 4bdrm Duplex in Omole Phase 2 for sale,280,Duplex,4,4,Furnished,"Ikeja, Omole Phase 2",Omole Phase 2,Ikeja,Diamond,270000000.0
4bdrm Duplex in Ikota Gra for sale,70,Duplex,4,5,Unfurnished,"Lekki, Ikota",Ikota,Lekki,Vip,110000000.0
Furnished 4bdrm Duplex in Adeniyi Jones Estate for sale,350,Duplex,4,4,Furnished,"Ikeja, Adeniyi Jones",Adeniyi Jones,Ikeja,Basic,600000000.0
2bdrm Apartment in Ikota for sale,600,Apartment,2,2,Unfurnished,"Lekki, Ikota",Ikota,Lekki,Vip_Gold,160000000.0
4bdrm Duplex in Victoria Island Extension for sale,1000,Duplex,4,1,Unfurnished,"Victoria Island, Victoria Island Extension",Victoria Island Extension,Victoria Island,Enterprise,850000000.0
3bdrm Bungalow in Eleko for sale,300,Bungalow,3,4,Unfurnished,"Ibeju, Eleko",Eleko,Ibeju,Enterprise,28500000.0
Furnished 4bdrm Apartment in Lekki Phase 1 for sale,500,Apartment,4,5,Furnished,"Lekki, Lekki Phase 1",Lekki Phase 1,Lekki,Enterprise,350000000.0
5bdrm Duplex in Off Lekki-Epe Expressway for sale,600,Duplex,5,5,Unfurnished,"Ajah, Off Lekki-Epe Expressway",Off Lekki-Epe Expressway,Ajah,Vip_Gold,280000000.0
Furnished 4bdrm Duplex in Sangotedo for sale,500,Duplex,4,5,Furnished,"Ajah, Sangotedo",Sangotedo,Ajah,Enterprise,150000000.0
Furnished 4bdrm Block of Flats in Theranex Estate for sale,300,Block of Flats,4,4,Furnished,"Ajah, Sangotedo",Sangotedo,Ajah,Enterprise,95000000.0
"4bdrm Duplex in Estate, Obafemi-Owode for sale",500,Duplex,4,4,Semi-Furnished,"Ogun State, Obafemi-Owode",Obafemi-Owode,Ogun State,Enterprise,185000000.0
"5bdrm Duplex in Secured Estate, Magodo Isheri for sale",220,Duplex,5,5,Semi-Furnished,"Ojodu, Magodo Isheri",Magodo Isheri,Ojodu,Enterprise,430000000.0
"5bdrm Duplex in Secured Area, Ifako-Ogba for sale",300,Duplex,5,5,Semi-Furnished,"Ogba, Ifako-Ogba",Ifako-Ogba,Ogba,Enterprise,380000000.0
Furnished 2bdrm Apartment in Lekki Phase 1 for sale,600,Apartment,2,2,Furnished,"Lekki, Lekki Phase 1",Lekki Phase 1,Lekki,Enterprise,260000000.0
3bdrm House in Lekki Phase 1 for sale,1000,House,3,1,Unfurnished,"Lekki, Lekki Phase 1",Lekki Phase 1,Lekki,Enterprise,300000000.0
Furnished 2bdrm Duplex in Mende for sale,1000,Duplex,2,1,Furnished,"Maryland, Mende",Mende,Maryland,Enterprise,140000000.0
"4bdrm Duplex in Works & Housing, Gwarinpa for sale",900,Duplex,4,4,Unfurnished,"Abuja (FCT), Gwarinpa",Gwarinpa,Abuja (FCT),Enterprise,260000000.0
5bdrm Duplex in Off Lekki-Epe Expressway for sale,600,Duplex,5,5,Unfurnished,"Ajah, Off Lekki-Epe Expressway",Off Lekki-Epe Expressway,Ajah,Vip_Gold,270000000.0
4bdrm Duplex in Lekki for sale,350,Duplex,4,4,Semi-Furnished,"Lagos State, Lekki",Lekki,Lagos State,Enterprise,300000000.0
4bdrm Duplex in Lekki for sale,400,Duplex,4,4,Semi-Furnished,"Lagos State, Lekki",Lekki,Lagos State,Enterprise,250000000.0
"4bdrm Duplex in Magamond Estate, Ikota for sale",420,Duplex,4,5,Semi-Furnished,"Lekki, Ikota",Ikota,Lekki,Enterprise,480000000.0
Furnished 5bdrm Bungalow in Jakande Estate for sale,500,Bungalow,5,6,Furnished,"Lekki, Jakande",Jakande,Lekki,Enterprise,170000000.0
6bdrm Duplex in Durumi By American for sale,550,Duplex,6,7,Unfurnished,"Abuja (FCT), Durumi",Durumi,Abuja (FCT),Enterprise,600000000.0
"Furnished 4bdrm Apartment in Mercy Land Estate, Ibeju for sale",400,Apartment,4,4,Furnished,"Lagos State, Ibeju",Ibeju,Lagos State,Enterprise,170000000.0
"3bdrm Duplex in Secured Estate, Fagba for sale",180,Duplex,3,3,Semi-Furnished,"Agege, Fagba",Fagba,Agege,Enterprise,175000000.0
4bdrm Duplex in Ado / Ajah for sale,300,Duplex,4,4,Semi-Furnished,"Ajah, Ado / Ajah",Ado / Ajah,Ajah,Enterprise,170000000.0
4bdrm Duplex in Ologolo for sale,10,Duplex,4,4,Unfurnished,"Lekki, Ologolo",Ologolo,Lekki,Enterprise,350000000.0
"5bdrm Duplex in Secured Estate, Omole Phase 1 for sale",300,Duplex,5,5,Semi-Furnished,"Ikeja, Omole Phase 1",Omole Phase 1,Ikeja,Enterprise,650000000.0
5bdrm Duplex in Ado / Ajah for sale,300,Duplex,5,5,Semi-Furnished,"Ajah, Ado / Ajah",Ado / Ajah,Ajah,Enterprise,280000000.0
2bdrm Apartment in Lekki Expressway for sale,300,Apartment,2,3,Semi-Furnished,"Lekki, Lekki Expressway",Lekki Expressway,Lekki,Enterprise,350000000.0
4bdrm Duplex in Katampe Extension for sale,600,Duplex,4,5,Unfurnished,"Katampe, Katampe Extension",Katampe Extension,Katampe,Enterprise,800000000.0
"6bdrm Duplex in Lugbe Seaman Estate, FHA for sale",1000,Duplex,6,7,Unfurnished,"Lugbe District, FHA",FHA,Lugbe District,Enterprise,190000000.0
3bdrm Apartment in Ogba for sale,1000,Apartment,3,4,Unfurnished,"Ogba, Ifako-Ogba",Ifako-Ogba,Ogba,Enterprise,190000000.0
5bdrm Duplex in Lekki for sale,400,Duplex,5,5,Semi-Furnished,"Lagos State, Lekki",Lekki,Lagos State,Enterprise,550000000.0
4bdrm Duplex in Lekki for sale,300,Duplex,4,4,Semi-Furnished,"Lagos State, Lekki",Lekki,Lagos State,Enterprise,220000000.0
"Furnished 2bdrm Block of Flats in Ikate Lekki ,Off for sale",200,Block of Flats,2,3,Furnished,"Lekki, Ikate",Ikate,Lekki,Enterprise,250000000.0
5bdrm Duplex in Ikota for sale,450,Duplex,5,5,Unfurnished,"Lekki, Ikota",Ikota,Lekki,Enterprise,650000000.0
4bdrm Duplex in Enugu for sale,600,Duplex,4,4,Unfurnished,"Enugu State, Enugu",Enugu,Enugu State,Enterprise,200000000.0
3bdrm Apartment in Victoria Island for sale,180,Apartment,3,3,Unfurnished,"Lagos State, Victoria Island",Victoria Island,Lagos State,Enterprise,750000000.0
3bdrm Bungalow in Enugu for sale,400,Bungalow,3,4,Unfurnished,"Enugu State, Enugu",Enugu,Enugu State,Enterprise,100000000.0
4bdrm Duplex in Lekki Palm City for sale,10,Duplex,4,4,Unfurnished,"Lagos State, Lekki",Lekki,Lagos State,Enterprise,170000000.0
"5bdrm Duplex in Okebadan Estate, Akobo for sale",450,Duplex,5,6,Semi-Furnished,"Ibadan, Akobo",Akobo,Ibadan,Enterprise,185000000.0
5bdrm Duplex in Off Lekki-Epe Expressway for sale,600,Duplex,5,5,Unfurnished,"Ajah, Off Lekki-Epe Expressway",Off Lekki-Epe Expressway,Ajah,Vip_Gold,200000000.0
3bdrm Duplex in Ikota for sale,600,Duplex,3,3,Unfurnished,"Lekki, Ikota",Ikota,Lekki,Vip_Gold,155000000.0
5bdrm Duplex in Lekki for sale,400,Duplex,5,5,Semi-Furnished,"Lagos State, Lekki",Lekki,Lagos State,Enterprise,600000000.0
4bdrm Duplex in Lekki for sale,350,Duplex,4,4,Semi-Furnished,"Lagos State, Lekki",Lekki,Lagos State,Enterprise,200000000.0
6bdrm Duplex in Life Camp for sale,600,Duplex,6,7,Unfurnished,"Gwarinpa, Life Camp",Life Camp,Gwarinpa,Enterprise,600000000.0
3bdrm Apartment in Wuse Zone 1 for sale,300,Apartment,3,4,Unfurnished,"Abuja (FCT), Wuse",Wuse,Abuja (FCT),Enterprise,145000000.0
4bdrm Duplex in Ajah for sale,200,Duplex,4,4,Unfurnished,"Lagos State, Ajah",Ajah,Lagos State,Enterprise,150000000.0
2bdrm Apartment in Ikate for sale,100,Apartment,2,2,Unfurnished,"Lekki, Ikate",Ikate,Lekki,Enterprise,250000000.0
Furnished 4bdrm Duplex in Lekki for sale,300,Duplex,4,4,Furnished,"Lagos State, Lekki",Lekki,Lagos State,Enterprise,220000000.0
7bdrm Block of Flats in Alakuko for sale,1338,Block of Flats,7,7,Unfurnished,"Ifako-Ijaiye, Alakuko",Alakuko,Ifako-Ijaiye,Enterprise,220000000.0
Furnished 4bdrm Apartment in Ikota for sale,500,Apartment,4,5,Furnished,"Lekki, Ikota",Ikota,Lekki,Enterprise,285000000.0
6bdrm Duplex in Idu for sale,800,Duplex,6,6,Semi-Furnished,"Jiwa, Idu",Idu,Jiwa,Enterprise,300000000.0
3bdrm Bungalow in Medium Income Estate for sale,320,Bungalow,3,3,Unfurnished,"Kaduna State, Kaduna / Kaduna State",Kaduna / Kaduna State,Kaduna State,Enterprise,40500000.0
"3bdrm Apartment in Private Property, Utako for sale",1000,Apartment,3,3,Unfurnished,"Abuja (FCT), Utako",Utako,Abuja (FCT),Enterprise,750000000.0
"5bdrm House in Victoria Island, Sanusi Fafunwa for sale",300,House,5,5,Unfurnished,"Victoria Island, Sanusi Fafunwa",Sanusi Fafunwa,Victoria Island,Enterprise,850000000.0
3bdrm Apartment in Ikeja Gra Lagos for sale,1000,Apartment,3,4,Semi-Furnished,"Ikeja, Ikeja GRA",Ikeja GRA,Ikeja,Enterprise,450000000.0
5bdrm Duplex in Lekki for sale,450,Duplex,5,5,Semi-Furnished,"Lagos State, Lekki",Lekki,Lagos State,Enterprise,849000000.0
4bdrm Duplex in Lekki for sale,350,Duplex,4,4,Semi-Furnished,"Lagos State, Lekki",Lekki,Lagos State,Enterprise,240000000.0
10bdrm Block of Flats in Ogba Lagos for sale,300,Block of Flats,10,14,Unfurnished,"Lagos State, Ogba",Ogba,Lagos State,Enterprise,150000000.0
"5bdrm Duplex in Naf Valley, Asokoro for sale",500,Duplex,5,6,Unfurnished,"Abuja (FCT), Asokoro",Asokoro,Abuja (FCT),Enterprise,970000000.0
3bdrm Duplex in Sangotedo By Blenco for sale,300,Duplex,3,3,Semi-Furnished,"Ajah, Sangotedo",Sangotedo,Ajah,Enterprise,130000000.0
5bdrm Duplex in Lekki for sale,400,Duplex,5,5,Unfurnished,"Lagos State, Lekki",Lekki,Lagos State,Enterprise,600000000.0
5bdrm Duplex in Lekki for sale,450,Duplex,5,5,Unfurnished,"Lagos State, Lekki",Lekki,Lagos State,Enterprise,870000000.0
5bdrm Duplex in Ajah for sale,350,Duplex,5,5,Unfurnished,"Lagos State, Ajah",Ajah,Lagos State,Enterprise,330000000.0
4bdrm Duplex in Ikeja for sale,400,Duplex,4,4,Unfurnished,"Lagos State, Ikeja",Ikeja,Lagos State,Enterprise,450000000.0
4bdrm Duplex in Victoria Island for sale,350,Duplex,4,4,Unfurnished,"Lagos State, Victoria Island",Victoria Island,Lagos State,Enterprise,700000000.0
4bdrm Duplex in Ajah for sale,250,Duplex,4,4,Unfurnished,"Lagos State, Ajah",Ajah,Lagos State,Enterprise,210000000.0
"3bdrm Bungalow in Eliparawon Off Ada, Rumueprikom for sale",465,Bungalow,3,3,Semi-Furnished,"Port-Harcourt, Rumueprikom",Rumueprikom,Port-Harcourt,Enterprise,115000000.0
"Furnished 9bdrm Duplex in Ada-George, Port for sale",500,Duplex,9,11,Furnished,"Rivers State, Port-Harcourt",Port-Harcourt,Rivers State,Enterprise,300000000.0
Furnished 5bdrm Duplex in Bunkoro for sale,900,Duplex,5,6,Furnished,"Gwarinpa, Bunkoro",Bunkoro,Gwarinpa,Enterprise,650000000.0
2bdrm House in GRA Phase 1 for sale,1000,House,2,1,Unfurnished,"Magodo, GRA Phase 1",GRA Phase 1,Magodo,Enterprise,350000000.0
3bdrm Apartment in Ikota for sale,600,Apartment,3,3,Unfurnished,"Lekki, Ikota",Ikota,Lekki,Vip_Gold,55000000.0
3bdrm Block of Flats in Berger for sale,1000,Block of Flats,3,1,Unfurnished,"Ojodu, Berger",Berger,Ojodu,Enterprise,250000000.0
2bdrm Apartment in Ikate Lekki Lagos for sale,500,Apartment,2,3,Semi-Furnished,"Lekki, Ikate",Ikate,Lekki,Enterprise,145000000.0
4bdrm Duplex in Chevron for sale,400,Duplex,4,5,Unfurnished,"Lekki, Chevron",Chevron,Lekki,Enterprise,380000000.0
4bdrm Duplex in Ikota for sale,600,Duplex,4,4,Unfurnished,"Lekki, Ikota",Ikota,Lekki,Vip_Gold,160000000.0
"3bdrm Bungalow in Von Axis, Lugbe District for sale",350,Bungalow,3,4,Unfurnished,"Abuja (FCT), Lugbe District",Lugbe District,Abuja (FCT),Enterprise,60000000.0
5bdrm Duplex in Lekki for sale,350,Duplex,5,5,Unfurnished,"Lagos State, Lekki",Lekki,Lagos State,Enterprise,550000000.0
4bdrm Duplex in Ikeja for sale,250,Duplex,4,4,Unfurnished,"Lagos State, Ikeja",Ikeja,Lagos State,Enterprise,450000000.0
"5bdrm Duplex in Rroyal Gardens, Off Lekki-Epe Expressway for sale",600,Duplex,5,5,Semi-Furnished,"Ajah, Off Lekki-Epe Expressway",Off Lekki-Epe Expressway,Ajah,Enterprise,900000000.0
5bdrm Duplex in VGC / Ajah for sale,650,Duplex,5,5,Semi-Furnished,"Ajah, VGC / Ajah",VGC / Ajah,Ajah,Enterprise,800000000.0
"4bdrm Duplex in Secured Area, Oko-Oba for sale",280,Duplex,4,4,Semi-Furnished,"Agege, Oko-Oba",Oko-Oba,Agege,Enterprise,299000000.0
5bdrm Duplex in Chevron for sale,1000,Duplex,5,1,Unfurnished,"Lekki, Chevron",Chevron,Lekki,Enterprise,450000000.0
5bdrm House in Chevron for sale,1000,House,5,5,Unfurnished,"Lekki, Chevron",Chevron,Lekki,Enterprise,550000000.0
4bdrm House in Ikota for sale,1000,House,4,5,Unfurnished,"Lekki, Ikota",Ikota,Lekki,Enterprise,180000000.0
4bdrm Duplex in Ikota for sale,600,Duplex,4,4,Unfurnished,"Lekki, Ikota",Ikota,Lekki,Vip_Gold,210000000.0
5bdrm Duplex in Orchid Lekki for sale,1000,Duplex,5,6,Semi-Furnished,"Lekki, Lekki Expressway",Lekki Expressway,Lekki,Enterprise,480000000.0
2bdrm Penthouse in Lekki for sale,350,Penthouse,2,2,Semi-Furnished,"Lagos State, Lekki",Lekki,Lagos State,Enterprise,180000000.0
3bdrm Apartment in Lekki for sale,350,Apartment,3,3,Semi-Furnished,"Lagos State, Lekki",Lekki,Lagos State,Enterprise,290000000.0
6bdrm Duplex in Wuse Zone 7 for sale,450,Duplex,6,7,Unfurnished,"Abuja (FCT), Wuse",Wuse,Abuja (FCT),Enterprise,850000000.0
5bdrm Duplex in Ajah for sale,350,Duplex,5,5,Unfurnished,"Lagos State, Ajah",Ajah,Lagos State,Enterprise,220000000.0
5bdrm Duplex in Ado / Ajah for sale,350,Duplex,5,5,Semi-Furnished,"Ajah, Ado / Ajah",Ado / Ajah,Ajah,Enterprise,300000000.0
4bdrm Duplex in Lekki Phase 2 for sale,450,Duplex,4,4,Semi-Furnished,"Lekki, Lekki Phase 2",Lekki Phase 2,Lekki,Enterprise,400000000.0
5bdrm Duplex in Osapa london for sale,1000,Duplex,5,1,Unfurnished,"Lekki, Osapa london",Osapa london,Lekki,Enterprise,350000000.0
4bdrm Maisonette in Ikoyi South West for sale,500,Maisonette,4,5,Semi-Furnished,"Ikoyi, Ikoyi S.W",Ikoyi S.W,Ikoyi,Enterprise,450000000.0
"4bdrm Duplex in Ikeja, Opebi for sale",300,Duplex,4,5,Semi-Furnished,"Ikeja, Opebi",Opebi,Ikeja,Enterprise,570000000.0
"3bdrm Bungalow in Spring Meadow, Apo Resettlement for sale",650,Bungalow,3,4,Unfurnished,"Apo District, Apo Resettlement",Apo Resettlement,Apo District,Enterprise,115000000.0
5bdrm Duplex in Chevron for sale,350,Duplex,5,5,Unfurnished,"Lekki, Chevron",Chevron,Lekki,Enterprise,600000000.0
"3bdrm Bungalow in Rumuakparali, Obio-Akpor for sale",300,Bungalow,3,3,Semi-Furnished,"Rivers State, Obio-Akpor",Obio-Akpor,Rivers State,Enterprise,95000000.0
3bdrm Duplex in Chevron for sale,600,Duplex,3,3,Unfurnished,"Lekki, Chevron",Chevron,Lekki,Vip_Gold,210000000.0
"4bdrm Duplex in Secured Area, Fagba for sale",270,Duplex,4,4,Semi-Furnished,"Agege, Fagba",Fagba,Agege,Enterprise,280000000.0
5bdrm Duplex in Enugu for sale,500,Duplex,5,5,Semi-Furnished,"Enugu State, Enugu",Enugu,Enugu State,Enterprise,600000000.0
2bdrm Bungalow in Eleko for sale,150,Bungalow,2,1,Unfurnished,"Ibeju, Eleko",Eleko,Ibeju,Enterprise,4500000.0
"3bdrm Duplex in Rayfield Estate,, Akobo for sale",400,Duplex,3,3,Semi-Furnished,"Ibadan, Akobo",Akobo,Ibadan,Vip,160000000.0
12bdrm Block of Flats in Abule Egba for sale,60,Block of Flats,12,8,Unfurnished,"Lagos State, Abule Egba",Abule Egba,Lagos State,Enterprise,110000000.0
3bdrm Penthouse in Happy Land Sangotedo for sale,252,Penthouse,3,3,Unfurnished,"Ajah, Sangotedo",Sangotedo,Ajah,Enterprise,120000000.0
4bdrm Apartment in Ikeja GRA for sale,350,Apartment,4,4,Unfurnished,"Ikeja, Ikeja GRA",Ikeja GRA,Ikeja,Enterprise,500000000.0
2bdrm Apartment in Ogba for sale,100,Apartment,2,2,Unfurnished,"Lagos State, Ogba",Ogba,Lagos State,Enterprise,95000000.0
"4bdrm Duplex in Peter Odili, Port-Harcourt for sale",500,Duplex,4,4,Semi-Furnished,"Rivers State, Port-Harcourt",Port-Harcourt,Rivers State,Enterprise,330000000.0
"5bdrm Duplex in Lekki Palm City, Ajah for sale",10,Duplex,5,5,Unfurnished,"Lagos State, Ajah",Ajah,Lagos State,Enterprise,190000000.0
"5bdrm Duplex in Secured Estate, Oko-Oba for sale",300,Duplex,5,5,Semi-Furnished,"Agege, Oko-Oba",Oko-Oba,Agege,Enterprise,380000000.0
5bdrm Duplex in Nta Road Behind Ait for sale,466,Duplex,5,7,Semi-Furnished,"Rivers State, Port-Harcourt",Port-Harcourt,Rivers State,Enterprise,130000000.0
4bdrm Duplex in Chevron for sale,350,Duplex,4,4,Semi-Furnished,"Lekki, Chevron",Chevron,Lekki,Enterprise,230000000.0
"Furnished 4bdrm Block of Flats in Oke Aro Estate, Giwa for sale",370,Block of Flats,4,2,Furnished,"Kaduna State, Giwa",Giwa,Kaduna State,Enterprise,19000000.0
4bdrm Duplex in Ikota for sale,600,Duplex,4,4,Unfurnished,"Lekki, Ikota",Ikota,Lekki,Vip_Gold,350000000.0
4bdrm Duplex in Citec Mbora for sale,350,Duplex,4,5,Unfurnished,"Abuja (FCT), Mbora",Mbora,Abuja (FCT),Enterprise,250000000.0
"18bdrm Block of Flats in River Park Estate, Lugbe District for sale",1200,Block of Flats,18,18,Unfurnished,"Abuja (FCT), Lugbe District",Lugbe District,Abuja (FCT),Enterprise,450000000.0
4bdrm Duplex in Ajah for sale,350,Duplex,4,4,Unfurnished,"Lagos State, Ajah",Ajah,Lagos State,Enterprise,220000000.0
3bdrm Duplex in Ajah for sale,10,Duplex,3,3,Unfurnished,"Lagos State, Ajah",Ajah,Lagos State,Enterprise,130000000.0
"4bdrm Duplex in Secured Area, Aguda / Ogba for sale",280,Duplex,4,4,Semi-Furnished,"Ogba, Aguda / Ogba",Aguda / Ogba,Ogba,Enterprise,285000000.0
2bdrm Apartment in Iwaya for sale,400,Apartment,2,2,Unfurnished,"Yaba, Iwaya",Iwaya,Yaba,Enterprise,100000000.0
Furnished 2bdrm Apartment in Lekki Phase 1 for sale,500,Apartment,2,3,Furnished,"Lekki, Lekki Phase 1",Lekki Phase 1,Lekki,Enterprise,250000000.0
Furnished 2bdrm Apartment in Abraham Adesanya for sale,500,Apartment,2,2,Furnished,"Surulere, Abraham Adesanya",Abraham Adesanya,Surulere,Enterprise,97500000.0
Furnished 3bdrm Apartment in Lekki Phase 2 for sale,500,Apartment,3,4,Furnished,"Lekki, Lekki Phase 2",Lekki Phase 2,Lekki,Enterprise,130000000.0
Furnished 5bdrm Duplex in Sangotedo for sale,500,Duplex,5,6,Furnished,"Ajah, Sangotedo",Sangotedo,Ajah,Enterprise,150000000.0
4bdrm Duplex in Chevron for sale,350,Duplex,4,4,Unfurnished,"Lekki, Chevron",Chevron,Lekki,Enterprise,320000000.0
3bdrm Apartment in Lekki for sale,400,Apartment,3,3,Semi-Furnished,"Lagos State, Lekki",Lekki,Lagos State,Enterprise,300000000.0
"5bdrm Duplex in Centenary City, Enugu for sale",500,Duplex,5,6,Unfurnished,"Enugu State, Enugu",Enugu,Enugu State,Enterprise,210000000.0
3bdrm Apartment in Ikeja for sale,150,Apartment,3,3,Unfurnished,"Lagos State, Ikeja",Ikeja,Lagos State,Enterprise,155000000.0
4bdrm Duplex in Enugu for sale,300,Duplex,4,5,Unfurnished,"Enugu State, Enugu",Enugu,Enugu State,Enterprise,140000000.0
"4bdrm Duplex in Sangotedo, Ajah for sale",10,Duplex,4,4,Unfurnished,"Lagos State, Ajah",Ajah,Lagos State,Enterprise,180000000.0
"3bdrm Bungalow in Tinubu Estate, Iwo Road for sale",350,Bungalow,3,4,Semi-Furnished,"Ibadan, Iwo Road",Iwo Road,Ibadan,Enterprise,68000000.0
4bdrm Duplex in Abraham Adesanya Estate for sale,250,Duplex,4,4,Semi-Furnished,"Ajah, Abraham Adesanya Estate",Abraham Adesanya Estate,Ajah,Enterprise,180000000.0
4bdrm Duplex in Abijo for sale,3420,Duplex,4,4,Semi-Furnished,"Ibeju, Abijo",Abijo,Ibeju,Enterprise,221000000.0
4bdrm Duplex in Ologolo for sale,100,Duplex,4,4,Semi-Furnished,"Lekki, Ologolo",Ologolo,Lekki,Enterprise,210000000.0
5bdrm Duplex in Ogudu GRA for sale,1000,Duplex,5,1,Unfurnished,"Ogudu, Ogudu GRA",Ogudu GRA,Ogudu,Enterprise,550000000.0
5bdrm Duplex in Gwarinpa for sale,900,Duplex,5,5,Semi-Furnished,"Abuja (FCT), Gwarinpa",Gwarinpa,Abuja (FCT),Enterprise,800000000.0
2bdrm Apartment in Ologolo Lekki Lagos for sale,650,Apartment,2,3,Semi-Furnished,"Lekki, Ologolo",Ologolo,Lekki,Enterprise,95000000.0
5bdrm Duplex in Lekki for sale,350,Duplex,5,5,Semi-Furnished,"Lagos State, Lekki",Lekki,Lagos State,Enterprise,750000000.0
"4bdrm Duplex in River Park Estate, Lugbe District for sale",300,Duplex,4,5,Unfurnished,"Abuja (FCT), Lugbe District",Lugbe District,Abuja (FCT),Enterprise,200000000.0
4bdrm Bungalow in Eligbolo Off Eliozu for sale,350,Bungalow,4,4,Semi-Furnished,"Port-Harcourt, Eliozu",Eliozu,Port-Harcourt,Enterprise,75000000.0
"3bdrm Bungalow in Celica Estate, Alakia for sale",600,Bungalow,3,4,Semi-Furnished,"Ibadan, Alakia",Alakia,Ibadan,Enterprise,85000000.0
5bdrm Duplex in Ikate for sale,600,Duplex,5,5,Unfurnished,"Lekki, Ikate",Ikate,Lekki,Vip_Gold,550000000.0
2bdrm Apartment in Lekki Expressway for sale,400,Apartment,2,2,Unfurnished,"Lekki, Lekki Expressway",Lekki Expressway,Lekki,Enterprise,220000000.0
"3bdrm Bungalow in Maryland, Mende for sale",486,Bungalow,3,3,Unfurnished,"Maryland, Mende",Mende,Maryland,Enterprise,530000000.0
4bdrm Duplex in Off Admiralty Way for sale,377,Duplex,4,5,Semi-Furnished,"Lekki, Lekki Phase 1",Lekki Phase 1,Lekki,Enterprise,780000000.0
5bdrm Duplex in Lekki for sale,400,Duplex,5,5,Semi-Furnished,"Lagos State, Lekki",Lekki,Lagos State,Enterprise,480000000.0
4bdrm Duplex in Lekki for sale,350,Duplex,4,4,Semi-Furnished,"Lagos State, Lekki",Lekki,Lagos State,Enterprise,190000000.0
4bdrm Duplex in Lekki for sale,350,Duplex,4,4,Semi-Furnished,"Lagos State, Lekki",Lekki,Lagos State,Enterprise,350000000.0
4bdrm Duplex in Lekki for sale,350,Duplex,4,4,Unfurnished,"Lagos State, Lekki",Lekki,Lagos State,Enterprise,160000000.0
3bdrm Apartment in Lekki for sale,250,Apartment,3,3,Unfurnished,"Lagos State, Lekki",Lekki,Lagos State,Enterprise,500000000.0
2bdrm Apartment in Victoria Island for sale,150,Apartment,2,2,Unfurnished,"Lagos State, Victoria Island",Victoria Island,Lagos State,Enterprise,300000000.0
"4bdrm Duplex in Engr. Lere Adigun, Ibadan for sale",450,Duplex,4,4,Semi-Furnished,"Oyo State, Ibadan",Ibadan,Oyo State,Enterprise,370000000.0
"5bdrm Duplex in Secured Estate, Omole Phase 2 for sale",300,Duplex,5,5,Semi-Furnished,"Ikeja, Omole Phase 2",Omole Phase 2,Ikeja,Enterprise,650000000.0
Furnished 4bdrm Duplex in Sangotedo for sale,500,Duplex,4,5,Furnished,"Ajah, Sangotedo",Sangotedo,Ajah,Enterprise,220000000.0
"Furnished 2bdrm Apartment in Mojisola Onikoyi, Lekki Phase 1 for sale",600,Apartment,2,3,Furnished,"Lekki, Lekki Phase 1",Lekki Phase 1,Lekki,Enterprise,650000000.0
2bdrm Apartment in Victoria Island Extension for sale,600,Apartment,2,2,Unfurnished,"Victoria Island, Victoria Island Extension",Victoria Island Extension,Victoria Island,Vip_Gold,320000000.0
4bdrm House in Lafiaji for sale,1000,House,4,1,Unfurnished,"Lekki, Lafiaji",Lafiaji,Lekki,Enterprise,155000000.0
"4bdrm Duplex in Kayfarm Estate, Ifako-Ogba for sale",450,Duplex,4,4,Unfurnished,"Ogba, Ifako-Ogba",Ifako-Ogba,Ogba,Enterprise,255000000.0
4bdrm Duplex in Labak Estate for sale,557,Duplex,4,5,Unfurnished,"Lagos State, Abule Egba",Abule Egba,Lagos State,Enterprise,200000000.0
5bdrm Duplex in Lekki for sale,350,Duplex,5,5,Semi-Furnished,"Lagos State, Lekki",Lekki,Lagos State,Enterprise,400000000.0
"2bdrm Bungalow in Valley View Estate, Iyana Ipaja for sale",200,Bungalow,2,3,Unfurnished,"Ipaja, Iyana Ipaja",Iyana Ipaja,Ipaja,Enterprise,35000000.0
"4bdrm Duplex in Golf Annex, Enugu for sale",400,Duplex,4,5,Unfurnished,"Enugu State, Enugu",Enugu,Enugu State,Enterprise,130000000.0
4bdrm Duplex in Ajah for sale,350,Duplex,4,4,Unfurnished,"Lagos State, Ajah",Ajah,Lagos State,Enterprise,120000000.0
5bdrm Duplex in Lekki for sale,350,Duplex,5,5,Unfurnished,"Lagos State, Lekki",Lekki,Lagos State,Enterprise,700000000.0
"4bdrm Duplex in Royal Garden Estate, Obio-Akpor for sale",300,Duplex,4,4,Semi-Furnished,"Rivers State, Obio-Akpor",Obio-Akpor,Rivers State,Enterprise,250000000.0
4bdrm Duplex in Sangotedo for sale,400,Duplex,4,4,Unfurnished,"Ajah, Sangotedo",Sangotedo,Ajah,Enterprise,180000000.0
"5bdrm Duplex in Secured Estate, Omole Phase 2 for sale",300,Duplex,5,5,Semi-Furnished,"Ikeja, Omole Phase 2",Omole Phase 2,Ikeja,Enterprise,700000000.0
4bdrm Duplex in Sangotedo for sale,350,Duplex,4,4,Semi-Furnished,"Ajah, Sangotedo",Sangotedo,Ajah,Enterprise,360000000.0
5bdrm House in Chevron Drive Lekki for sale,600,House,5,6,Semi-Furnished,"Lekki, Chevron",Chevron,Lekki,Enterprise,800000000.0
5bdrm Duplex in Megamond Estate for sale,500,Duplex,5,6,Semi-Furnished,"Lekki, Ikota",Ikota,Lekki,Enterprise,650000000.0
"5bdrm Duplex in River Park Estate, Lugbe District for sale",550,Duplex,5,6,Unfurnished,"Abuja (FCT), Lugbe District",Lugbe District,Abuja (FCT),Enterprise,280000000.0
5bdrm Duplex in Ojodu for sale,550,Duplex,5,5,Unfurnished,"Lagos State, Ojodu",Ojodu,Lagos State,Enterprise,400000000.0
4bdrm Duplex in Guzape District for sale,300,Duplex,4,4,Semi-Furnished,"Abuja (FCT), Guzape District",Guzape District,Abuja (FCT),Enterprise,400000000.0
5bdrm Duplex in Lekki for sale,250,Duplex,5,5,Unfurnished,"Lagos State, Lekki",Lekki,Lagos State,Enterprise,350000000.0
4bdrm Duplex in Lekki Phase 1 for sale,250,Duplex,4,4,Unfurnished,"Lekki, Lekki Phase 1",Lekki Phase 1,Lekki,Enterprise,750000000.0
4bdrm Duplex in Gbalajam Woji for sale,330,Duplex,4,4,Semi-Furnished,"Port-Harcourt, Woji",Woji,Port-Harcourt,Enterprise,330000000.0
"4bdrm Duplex in Secured Estate, Omole Phase 1 for sale",300,Duplex,4,4,Semi-Furnished,"Ikeja, Omole Phase 1",Omole Phase 1,Ikeja,Enterprise,670000000.0
"3bdrm Duplex in Naf Harmony Estate, Port-Harcourt for sale",465,Duplex,3,4,Semi-Furnished,"Rivers State, Port-Harcourt",Port-Harcourt,Rivers State,Enterprise,300000000.0
5bdrm Duplex in Ada George Port for sale,955,Duplex,5,7,Semi-Furnished,"Rivers State, Port-Harcourt",Port-Harcourt,Rivers State,Enterprise,400000000.0
"Furnished 3bdrm Block of Flats in Kings Court, Ikeja GRA for sale",600,Block of Flats,3,3,Furnished,"Ikeja, Ikeja GRA",Ikeja GRA,Ikeja,Enterprise,450000000.0
"5bdrm Duplex in Naf Valley Estate, Asokoro for sale",820,Duplex,5,5,Unfurnished,"Abuja (FCT), Asokoro",Asokoro,Abuja (FCT),Enterprise,650000000.0
2bdrm Block of Flats in Lokogoma for sale,250,Block of Flats,2,2,Unfurnished,"Abuja (FCT), Lokogoma",Lokogoma,Abuja (FCT),Enterprise,55000000.0
5bdrm Duplex in Omole Phase 1 for sale,400,Duplex,5,5,Unfurnished,"Ikeja, Omole Phase 1",Omole Phase 1,Ikeja,Enterprise,850000000.0
"4bdrm House in Naf Ville Estate, Idu Industrial for sale",450,House,4,4,Unfurnished,"Abuja (FCT), Idu Industrial",Idu Industrial,Abuja (FCT),False,160000000.0
4bdrm Duplex in Guzape District for sale,200,Duplex,4,4,Semi-Furnished,"Abuja (FCT), Guzape District",Guzape District,Abuja (FCT),Enterprise,450000000.0
5bdrm Duplex in Off Lekki-Epe Expressway for sale,450,Duplex,5,5,Semi-Furnished,"Ajah, Off Lekki-Epe Expressway",Off Lekki-Epe Expressway,Ajah,Enterprise,700000000.0
3bdrm Duplex in Pen Cinema for sale,1000,Duplex,3,1,Unfurnished,"Agege, Pen Cinema",Pen Cinema,Agege,Enterprise,140000000.0
2bdrm Apartment in Alausa Ikeja Lagos for sale,1000,Apartment,2,2,Semi-Furnished,"Ikeja, Alausa",Alausa,Ikeja,Enterprise,230000000.0
5bdrm Duplex in Lekki for sale,450,Duplex,5,5,Semi-Furnished,"Lagos State, Lekki",Lekki,Lagos State,Enterprise,650000000.0
5bdrm Duplex in Lekki for sale,400,Duplex,5,5,Semi-Furnished,"Lagos State, Lekki",Lekki,Lagos State,Enterprise,470000000.0
Furnished 4bdrm Duplex in Sangotedo Lagos for sale,767,Duplex,4,3,Furnished,"Ajah, Sangotedo",Sangotedo,Ajah,Enterprise,240000000.0
5bdrm Duplex in Ojodu for sale,400,Duplex,5,5,Unfurnished,"Lagos State, Ojodu",Ojodu,Lagos State,Enterprise,580000000.0
4bdrm Duplex in Ajah for sale,250,Duplex,4,4,Unfurnished,"Lagos State, Ajah",Ajah,Lagos State,Enterprise,170000000.0
"3bdrm Bungalow in Ada George, Port-Harcourt for sale",465,Bungalow,3,3,Semi-Furnished,"Rivers State, Port-Harcourt",Port-Harcourt,Rivers State,Enterprise,100000000.0
5bdrm Duplex in Lekki Palm City for sale,10,Duplex,5,5,Unfurnished,"Lagos State, Lekki",Lekki,Lagos State,Enterprise,260000000.0
3bdrm Duplex in Ikota for sale,1000,Duplex,3,1,Unfurnished,"Lekki, Ikota",Ikota,Lekki,Enterprise,170000000.0
4bdrm House in Ikeja GRA for sale,1000,House,4,1,Unfurnished,"Ikeja, Ikeja GRA",Ikeja GRA,Ikeja,Enterprise,800000000.0
4bdrm House in Old Ikoyi for sale,1000,House,4,1,Unfurnished,"Ikoyi, Old Ikoyi",Old Ikoyi,Ikoyi,Enterprise,450000000.0
4bdrm Duplex in Alaka Estate for sale,1000,Duplex,4,1,Unfurnished,"Surulere, Alaka Estate",Alaka Estate,Surulere,Enterprise,450000000.0
4bdrm Duplex in Life Camp for sale,350,Duplex,4,6,Unfurnished,"Gwarinpa, Life Camp",Life Camp,Gwarinpa,Enterprise,200000000.0
"5bdrm Duplex in Efab City Estate, Life Camp for sale",620,Duplex,5,5,Semi-Furnished,"Gwarinpa, Life Camp",Life Camp,Gwarinpa,Enterprise,400000000.0
4bdrm Block of Flats in Ejigbo for sale,500,Block of Flats,4,4,Unfurnished,"Ejigbo, Ejigbo / Ejigbo",Ejigbo / Ejigbo,Ejigbo,Enterprise,120000000.0
7bdrm Duplex in Galadimawa for sale,500,Duplex,7,8,Unfurnished,"Abuja (FCT), Galadimawa",Galadimawa,Abuja (FCT),Enterprise,315000000.0
7bdrm Duplex in Lekki for sale,500,Duplex,7,7,Unfurnished,"Lagos State, Lekki",Lekki,Lagos State,Enterprise,800000000.0
3bdrm Maisonette in Osborne Foreshore Estate for sale,150,Maisonette,3,3,Unfurnished,"Ikoyi, Osborne Foreshore Estate",Osborne Foreshore Estate,Ikoyi,Enterprise,540000000.0
3bdrm Duplex in Ilupeju for sale,200,Duplex,3,3,Unfurnished,"Lagos State, Ilupeju",Ilupeju,Lagos State,Enterprise,300000000.0
6bdrm Duplex in Apo Resettlement for sale,600,Duplex,6,7,Semi-Furnished,"Apo District, Apo Resettlement",Apo Resettlement,Apo District,Enterprise,665000000.0
"4bdrm Duplex in Secured Estate, Alakuko for sale",280,Duplex,4,4,Semi-Furnished,"Ifako-Ijaiye, Alakuko",Alakuko,Ifako-Ijaiye,Enterprise,270000000.0
"5bdrm Duplex in Barnawa Gra Phase 1, Kaduna / Kaduna State for sale",900,Duplex,5,5,Semi-Furnished,"Kaduna State, Kaduna / Kaduna State",Kaduna / Kaduna State,Kaduna State,Enterprise,108000000.0
4bdrm Duplex in Opebi Ikeja Lagos for sale,2000,Duplex,4,4,Semi-Furnished,"Ikeja, Opebi",Opebi,Ikeja,Enterprise,370000000.0
4bdrm Duplex in Lekki for sale,300,Duplex,4,4,Semi-Furnished,"Lagos State, Lekki",Lekki,Lagos State,Enterprise,280000000.0
5bdrm Duplex in Ayobo for sale,167,Duplex,5,6,Unfurnished,"Ipaja, Ayobo",Ayobo,Ipaja,Enterprise,70000000.0
8bdrm Block of Flats in Igando / Ikotun/Igando for sale,300,Block of Flats,8,8,Unfurnished,"Ikotun/Igando, Igando / Ikotun/Igando",Igando / Ikotun/Igando,Ikotun/Igando,Enterprise,55000000.0
"4bdrm Duplex in Nuga Luxury, Lugbe District for sale",350,Duplex,4,5,Unfurnished,"Abuja (FCT), Lugbe District",Lugbe District,Abuja (FCT),Enterprise,75000000.0
"5bdrm Duplex in Bricks Garden, Lugbe District for sale",500,Duplex,5,6,Unfurnished,"Abuja (FCT), Lugbe District",Lugbe District,Abuja (FCT),Enterprise,90000000.0
6bdrm Duplex in Lokogoma for sale,600,Duplex,6,7,Unfurnished,"Abuja (FCT), Lokogoma",Lokogoma,Abuja (FCT),Enterprise,330000000.0
5bdrm Duplex in Sangotedo Ajah for sale,400,Duplex,5,5,Semi-Furnished,"Ajah, Sangotedo",Sangotedo,Ajah,Enterprise,400000000.0
5bdrm House in Lekki for sale,500,House,5,5,Unfurnished,"Lagos State, Lekki",Lekki,Lagos State,Enterprise,650000000.0
"4bdrm Duplex in Choose Estate Off, Rumuosi for sale",320,Duplex,4,4,Semi-Furnished,"Port-Harcourt, Rumuosi",Rumuosi,Port-Harcourt,Enterprise,120000000.0
"3bdrm Duplex in Harmony Estate Off, Obio-Akpor for sale",468,Duplex,3,3,Semi-Furnished,"Rivers State, Obio-Akpor",Obio-Akpor,Rivers State,Enterprise,300000000.0
"5bdrm Duplex in Secured Estate, Magodo Isheri for sale",300,Duplex,5,5,Semi-Furnished,"Ojodu, Magodo Isheri",Magodo Isheri,Ojodu,Enterprise,400000000.0
"Furnished 4bdrm Duplex in Centenary City, Enugu for sale",500,Duplex,4,5,Furnished,"Enugu State, Enugu",Enugu,Enugu State,Enterprise,200000000.0
5bdrm Duplex in Chevron for sale,1000,Duplex,5,1,Unfurnished,"Lekki, Chevron",Chevron,Lekki,Enterprise,600000000.0
"3bdrm Apartment in Private Property, Katampe (Main) for sale",2200,Apartment,3,3,Unfurnished,"Katampe, Katampe (Main)",Katampe (Main),Katampe,Enterprise,120000000.0
5bdrm Duplex in Adeniyi Jones Ikeja for sale,600,Duplex,5,6,Semi-Furnished,"Ikeja, Adeniyi Jones",Adeniyi Jones,Ikeja,Enterprise,750000000.0
2bdrm Apartment in Chevron for sale,300,Apartment,2,2,Semi-Furnished,"Lekki, Chevron",Chevron,Lekki,Enterprise,100000000.0
5bdrm Duplex in Lekki for sale,400,Duplex,5,5,Semi-Furnished,"Lagos State, Lekki",Lekki,Lagos State,Enterprise,480000000.0
"4bdrm Duplex in Riverview (Tinubu), Berger for sale",250,Duplex,4,5,Unfurnished,"Ojodu, Berger",Berger,Ojodu,Enterprise,250000000.0
"4bdrm Bungalow in Royal Garden, Lugbe District for sale",400,Bungalow,4,5,Unfurnished,"Abuja (FCT), Lugbe District",Lugbe District,Abuja (FCT),Enterprise,80000000.0
5bdrm Duplex in Ajah for sale,500,Duplex,5,5,Unfurnished,"Lagos State, Ajah",Ajah,Lagos State,Enterprise,530000000.0
4bdrm Duplex in Lekki for sale,250,Duplex,4,4,Unfurnished,"Lagos State, Lekki",Lekki,Lagos State,Enterprise,250000000.0
2bdrm Apartment in Yaba for sale,250,Apartment,2,2,Unfurnished,"Lagos State, Yaba",Yaba,Lagos State,Enterprise,150000000.0
"3bdrm Bungalow in Rumuosi, Port-Harcourt for sale",450,Bungalow,3,3,Semi-Furnished,"Rivers State, Port-Harcourt",Port-Harcourt,Rivers State,Enterprise,65000000.0
"Furnished 5bdrm Duplex in Ada George, Port-Harcourt for sale",1860,Duplex,5,5,Furnished,"Rivers State, Port-Harcourt",Port-Harcourt,Rivers State,Enterprise,400000000.0
4bdrm Duplex in Guzape Main Abuja for sale,500,Duplex,4,5,Semi-Furnished,"Abuja (FCT), Guzape District",Guzape District,Abuja (FCT),Enterprise,850000000.0
5bdrm Duplex in Chevron for sale,350,Duplex,5,5,Semi-Furnished,"Lekki, Chevron",Chevron,Lekki,Enterprise,600000000.0
"Furnished 4bdrm Apartment in Victoria Crest 2, Chevron for sale",300,Apartment,4,5,Furnished,"Lekki, Chevron",Chevron,Lekki,Enterprise,240000000.0
4bdrm Duplex in Gbalajam-Woji Port for sale,400,Duplex,4,5,Semi-Furnished,"Port-Harcourt, Woji",Woji,Port-Harcourt,Enterprise,330000000.0
3bdrm Apartment in Lekki Phase 1 for sale,500,Apartment,3,3,Unfurnished,"Lekki, Lekki Phase 1",Lekki Phase 1,Lekki,Enterprise,160000000.0
5bdrm Duplex in Jakande for sale,1000,Duplex,5,1,Unfurnished,"Lekki, Jakande",Jakande,Lekki,Enterprise,600000000.0
"6bdrm Duplex in Country Home, Lugbe District for sale",450,Duplex,6,7,Unfurnished,"Abuja (FCT), Lugbe District",Lugbe District,Abuja (FCT),Enterprise,93000000.0
"3bdrm Bungalow in Pyakasa Axis, Lugbe District for sale",600,Bungalow,3,4,Unfurnished,"Abuja (FCT), Lugbe District",Lugbe District,Abuja (FCT),Enterprise,95000000.0
Furnished 4bdrm Duplex in Katampe Extension for sale,500,Duplex,4,5,Furnished,"Katampe, Katampe Extension",Katampe Extension,Katampe,Enterprise,650000000.0
"5bdrm Duplex in Independence Layout, Enugu for sale",1200,Duplex,5,6,Unfurnished,"Enugu State, Enugu",Enugu,Enugu State,Enterprise,700000000.0
4bdrm Duplex in Ikota for sale,250,Duplex,4,4,Unfurnished,"Lekki, Ikota",Ikota,Lekki,Enterprise,200000000.0
"5bdrm Duplex in New Road Ada George, Port-Harcourt for sale",465,Duplex,5,6,Semi-Furnished,"Rivers State, Port-Harcourt",Port-Harcourt,Rivers State,Enterprise,135000000.0
Furnished 4bdrm Duplex in Sangotedo for sale,500,Duplex,4,4,Furnished,"Ajah, Sangotedo",Sangotedo,Ajah,Enterprise,180000000.0
2bdrm House in Bode Thomas for sale,1000,House,2,1,Unfurnished,"Surulere, Bode Thomas",Bode Thomas,Surulere,Enterprise,95000000.0
5bdrm Duplex in Chevron Drive Lekki for sale,500,Duplex,5,6,Semi-Furnished,"Lekki, Chevron",Chevron,Lekki,Enterprise,600000000.0
6bdrm Duplex in Katampe for sale,500,Duplex,6,7,Unfurnished,"Abuja (FCT), Katampe",Katampe,Abuja (FCT),Enterprise,850000000.0
5bdrm Villa in Apo District for sale,600,Villa,5,7,Unfurnished,"Abuja (FCT), Apo District",Apo District,Abuja (FCT),Enterprise,650000000.0
5bdrm Duplex in Akobo for sale,500,Duplex,5,6,Unfurnished,"Ibadan, Akobo",Akobo,Ibadan,Enterprise,190000000.0
Furnished 4bdrm Apartment in Lekki Phase 2 for sale,400,Apartment,4,4,Furnished,"Lekki, Lekki Phase 2",Lekki Phase 2,Lekki,Enterprise,340000000.0
"4bdrm Duplex in Lekki Palm City, Ado / Ajah for sale",200,Duplex,4,4,Semi-Furnished,"Ajah, Ado / Ajah",Ado / Ajah,Ajah,Enterprise,230000000.0
2bdrm Apartment in Katampe Extension for sale,150,Apartment,2,2,Semi-Furnished,"Katampe, Katampe Extension",Katampe Extension,Katampe,Enterprise,150000000.0
5bdrm Duplex in Lekki for sale,450,Duplex,5,5,Semi-Furnished,"Lagos State, Lekki",Lekki,Lagos State,Enterprise,500000000.0
5bdrm Duplex in Lekki for sale,450,Duplex,5,5,Unfurnished,"Lagos State, Lekki",Lekki,Lagos State,Enterprise,480000000.0
Furnished 4bdrm Duplex in Lekki Phase 2 for sale,500,Duplex,4,5,Furnished,"Lekki, Lekki Phase 2",Lekki Phase 2,Lekki,Enterprise,230000000.0
4bdrm Duplex in Ayobo for sale,1000,Duplex,4,1,Unfurnished,"Ipaja, Ayobo",Ayobo,Ipaja,Enterprise,120000000.0
4bdrm Duplex in Opebi for sale,1000,Duplex,4,1,Unfurnished,"Ikeja, Opebi",Opebi,Ikeja,Enterprise,520000000.0
"3bdrm Duplex in Citadel City, Sangotedo for sale",500,Duplex,3,4,Semi-Furnished,"Ajah, Sangotedo",Sangotedo,Ajah,Enterprise,206000000.0
3bdrm Apartment in Idu By Nizamiye for sale,250,Apartment,3,4,Unfurnished,"Jiwa, Idu",Idu,Jiwa,Enterprise,110000000.0
2bdrm Bungalow in Fha Lugbe for sale,300,Bungalow,2,3,Unfurnished,"Abuja (FCT), Lugbe District",Lugbe District,Abuja (FCT),Enterprise,50000000.0
5bdrm Duplex in Omole Phase 1 for sale,450,Duplex,5,5,Unfurnished,"Ikeja, Omole Phase 1",Omole Phase 1,Ikeja,Enterprise,700000000.0
Furnished 2bdrm Penthouse in Lekki for sale,150,Penthouse,2,2,Furnished,"Lagos State, Lekki",Lekki,Lagos State,Enterprise,180000000.0
Furnished 2bdrm Apartment in Lekki Phase 1 for sale,150,Apartment,2,2,Furnished,"Lekki, Lekki Phase 1",Lekki Phase 1,Lekki,Enterprise,270000000.0
"4bdrm Duplex in Ikota Gra, Lekki for sale",10,Duplex,4,4,Unfurnished,"Lagos State, Lekki",Lekki,Lagos State,Enterprise,200000000.0
"4bdrm Duplex in Lekki Palm City, Ajah for sale",10,Duplex,4,4,Unfurnished,"Lagos State, Ajah",Ajah,Lagos State,Enterprise,250000000.0
"4bdrm Duplex in General Paint, Ajah for sale",10,Duplex,4,4,Unfurnished,"Lagos State, Ajah",Ajah,Lagos State,Enterprise,160000000.0
"3bdrm Bungalow in Ada George, Obio-Akpor for sale",465,Bungalow,3,3,Semi-Furnished,"Rivers State, Obio-Akpor",Obio-Akpor,Rivers State,Enterprise,100000000.0
2bdrm House in Epe for sale,200,House,2,3,Unfurnished,"Lagos State, Epe",Epe,Lagos State,Enterprise,40000000.0
4bdrm Duplex in Adeniyi Jones for sale,1000,Duplex,4,1,Unfurnished,"Ikeja, Adeniyi Jones",Adeniyi Jones,Ikeja,Enterprise,550000000.0
5bdrm Duplex in Chevron for sale,1000,Duplex,5,1,Unfurnished,"Lekki, Chevron",Chevron,Lekki,Enterprise,849000000.0
3bdrm Duplex in Galadimawa for sale,950,Duplex,3,3,Unfurnished,"Abuja (FCT), Galadimawa",Galadimawa,Abuja (FCT),Enterprise,200000000.0
5bdrm Duplex in Ogudu Gra Lagos for sale,1000,Duplex,5,6,Semi-Furnished,"Ogudu, Ogudu GRA",Ogudu GRA,Ogudu,Enterprise,600000000.0
6bdrm Duplex in Ijegun Ikotun Lagos for sale,678,Duplex,6,7,Semi-Furnished,"Ikotun/Igando, Ijegun",Ijegun,Ikotun/Igando,Enterprise,180000000.0
4bdrm Duplex in Ajah for sale,350,Duplex,4,4,Semi-Furnished,"Lagos State, Ajah",Ajah,Lagos State,Enterprise,175000000.0
"5bdrm Block of Flats in Blue Roof, Ajah for sale",313,Block of Flats,5,8,Unfurnished,"Lagos State, Ajah",Ajah,Lagos State,Enterprise,60000000.0
"5bdrm Duplex in Light House Estate, Lugbe District for sale",763,Duplex,5,6,Semi-Furnished,"Abuja (FCT), Lugbe District",Lugbe District,Abuja (FCT),Enterprise,370000000.0
"3bdrm Duplex in F01, Kubwa for sale",250,Duplex,3,4,Unfurnished,"Abuja (FCT), Kubwa",Kubwa,Abuja (FCT),Enterprise,90000000.0
5bdrm Duplex in Lekki for sale,350,Duplex,5,5,Unfurnished,"Lagos State, Lekki",Lekki,Lagos State,Enterprise,350000000.0
3bdrm Apartment in Yaba for sale,250,Apartment,3,3,Unfurnished,"Lagos State, Yaba",Yaba,Lagos State,Enterprise,220000000.0
4bdrm Bungalow in Akobo for sale,500,Bungalow,4,5,Unfurnished,"Ibadan, Akobo",Akobo,Ibadan,Enterprise,95000000.0
"3bdrm Duplex in Rayfield ,, Ibadan for sale",450,Duplex,3,3,Unfurnished,"Oyo State, Ibadan",Ibadan,Oyo State,Enterprise,150000000.0
4bdrm Duplex in Ibadan for sale,450,Duplex,4,4,Unfurnished,"Oyo State, Ibadan",Ibadan,Oyo State,Enterprise,185000000.0
"4bdrm Duplex in Secured Estate, Adeniyi Jones for sale",250,Duplex,4,4,Semi-Furnished,"Ikeja, Adeniyi Jones",Adeniyi Jones,Ikeja,Enterprise,370000000.0
2bdrm Bungalow in Ogombo for sale,200,Bungalow,2,2,Semi-Furnished,"Ajah, Ogombo",Ogombo,Ajah,Enterprise,67000000.0
5bdrm Duplex in Sangotedo for sale,320,Duplex,5,5,Semi-Furnished,"Ajah, Sangotedo",Sangotedo,Ajah,Enterprise,300000000.0
3bdrm Bungalow in Majesty Estate Off for sale,300,Bungalow,3,4,Semi-Furnished,"Rivers State, Port-Harcourt",Port-Harcourt,Rivers State,Enterprise,125000000.0
3bdrm House in Omole Phase 1 for sale,1000,House,3,1,Unfurnished,"Ikeja, Omole Phase 1",Omole Phase 1,Ikeja,Enterprise,320000000.0
3bdrm Block of Flats in Off Egbeda Iyana for sale,641,Block of Flats,3,4,Semi-Furnished,"Egbeda, Egbeda / Egbeda",Egbeda / Egbeda,Egbeda,Enterprise,250000000.0
Furnished 5bdrm Duplex in Ogba Gra Didiolu for sale,450,Duplex,5,6,Furnished,"Ogba, Ogba GRA",Ogba GRA,Ogba,Enterprise,540000000.0
2bdrm Apartment in Lekki for sale,350,Apartment,2,2,Semi-Furnished,"Lagos State, Lekki",Lekki,Lagos State,Enterprise,200000000.0
"4bdrm Duplex in Estate, Katampe for sale",550,Duplex,4,4,Semi-Furnished,"Abuja (FCT), Katampe",Katampe,Abuja (FCT),Enterprise,330000000.0
3bdrm Duplex in Giwa Oke Aro Clean for sale,235,Duplex,3,4,Semi-Furnished,"Kaduna State, Giwa",Giwa,Kaduna State,Enterprise,45000000.0
6bdrm Duplex in 3Rd Avenue Gwarinpa for sale,600,Duplex,6,7,Unfurnished,"Abuja (FCT), Gwarinpa",Gwarinpa,Abuja (FCT),Enterprise,850000000.0
5bdrm Duplex in Osapa Lekki Lagos for sale,400,Duplex,5,5,Semi-Furnished,"Lekki, Osapa london",Osapa london,Lekki,Enterprise,350000000.0
4bdrm Duplex in Ogudu for sale,250,Duplex,4,4,Unfurnished,"Lagos State, Ogudu",Ogudu,Lagos State,Enterprise,550000000.0
"4bdrm Duplex in Centenary City, Enugu for sale",500,Duplex,4,5,Unfurnished,"Enugu State, Enugu",Enugu,Enugu State,Enterprise,220000000.0
4bdrm Duplex in Lekki for sale,350,Duplex,4,4,Unfurnished,"Lagos State, Lekki",Lekki,Lagos State,Enterprise,300000000.0
"6bdrm Duplex in Royal Estate, Obio-Akpor for sale",465,Duplex,6,6,Unfurnished,"Rivers State, Obio-Akpor",Obio-Akpor,Rivers State,Enterprise,220000000.0
5bdrm Duplex in Ikate for sale,10,Duplex,5,5,Unfurnished,"Lekki, Ikate",Ikate,Lekki,Enterprise,450000000.0
4bdrm Duplex in Ikota for sale,200,Duplex,4,4,Semi-Furnished,"Lekki, Ikota",Ikota,Lekki,Enterprise,240000000.0
5bdrm House in Alausa for sale,1000,House,5,1,Unfurnished,"Ikeja, Alausa",Alausa,Ikeja,Enterprise,800000000.0
5bdrm Duplex in Chevron for sale,1000,Duplex,5,1,Unfurnished,"Lekki, Chevron",Chevron,Lekki,Enterprise,849000000.0
3bdrm Block of Flats in Igbo-Efun Lekki for sale,708,Block of Flats,3,3,Semi-Furnished,"Lekki, Igbo-efon",Igbo-efon,Lekki,Enterprise,350000000.0
2bdrm Apartment in Abijo Gra Lagos for sale,1000,Apartment,2,2,Semi-Furnished,"Ibeju, Abijo",Abijo,Ibeju,Enterprise,80000000.0
3bdrm Apartment in Mabushi for sale,300,Apartment,3,3,Unfurnished,"Abuja (FCT), Mabushi",Mabushi,Abuja (FCT),Enterprise,185000000.0
5bdrm Duplex in Lekki for sale,600,Duplex,5,5,Unfurnished,"Lagos State, Lekki",Lekki,Lagos State,Enterprise,550000000.0
4bdrm Duplex in Ogudu GRA for sale,350,Duplex,4,4,Unfurnished,"Ogudu, Ogudu GRA",Ogudu GRA,Ogudu,Enterprise,550000000.0
5bdrm Duplex in Lekki for sale,350,Duplex,5,5,Unfurnished,"Lagos State, Lekki",Lekki,Lagos State,Enterprise,550000000.0
"Furnished 4bdrm Duplex in Chime Estate, Enugu for sale",600,Duplex,4,6,Furnished,"Enugu State, Enugu",Enugu,Enugu State,Enterprise,260000000.0
3bdrm Duplex in Ajah for sale,300,Duplex,3,3,Unfurnished,"Lagos State, Ajah",Ajah,Lagos State,Enterprise,95000000.0
Furnished 5bdrm Duplex in Jahi for sale,650,Duplex,5,6,Furnished,"Abuja (FCT), Jahi",Jahi,Abuja (FCT),Enterprise,600000000.0
3bdrm Block of Flats in Guzape District for sale,250,Block of Flats,3,4,Unfurnished,"Abuja (FCT), Guzape District",Guzape District,Abuja (FCT),Enterprise,350000000.0
4bdrm Duplex in Naf Valley Estate for sale,650,Duplex,4,4,Unfurnished,"Abuja (FCT), Asokoro",Asokoro,Abuja (FCT),Enterprise,850000000.0
4bdrm House in Wuse for sale,450,House,4,4,Unfurnished,"Abuja (FCT), Wuse 2",Wuse 2,Abuja (FCT),Enterprise,650000000.0
4bdrm Duplex in Ogba Gra for sale,2000,Duplex,4,5,Semi-Furnished,"Ogba, Ogba GRA",Ogba GRA,Ogba,Enterprise,260000000.0
3bdrm Apartment in Gbagada Lagos for sale,1000,Apartment,3,4,Semi-Furnished,"Gbagada, Ifako-Gbagada",Ifako-Gbagada,Gbagada,Enterprise,200000000.0
2bdrm Apartment in Lekki for sale,350,Apartment,2,2,Semi-Furnished,"Lagos State, Lekki",Lekki,Lagos State,Enterprise,370000000.0
4bdrm Duplex in Lekki for sale,300,Duplex,4,5,Unfurnished,"Lekki, Lekki Phase 1",Lekki Phase 1,Lekki,Enterprise,600000000.0
"Furnished 6bdrm Duplex in Ochacho Estate, Life Camp for sale",350,Duplex,6,7,Furnished,"Gwarinpa, Life Camp",Life Camp,Gwarinpa,Enterprise,450000000.0
4bdrm Duplex in Sangotedo Ajah for sale,342,Duplex,4,4,Semi-Furnished,"Ajah, Sangotedo",Sangotedo,Ajah,Enterprise,161000000.0
4bdrm Duplex in Ajah for sale,500,Duplex,4,4,Unfurnished,"Lagos State, Ajah",Ajah,Lagos State,Enterprise,230000000.0
Furnished 3bdrm Apartment in Ikoyi for sale,250,Apartment,3,3,Furnished,"Lagos State, Ikoyi",Ikoyi,Lagos State,Enterprise,680000000.0
5bdrm Duplex in Idado for sale,350,Duplex,5,5,Unfurnished,"Lekki, Idado",Idado,Lekki,Enterprise,400000000.0
2bdrm Apartment in Lekki for sale,150,Apartment,2,2,Unfurnished,"Lagos State, Lekki",Lekki,Lagos State,Enterprise,280000000.0
"5bdrm Duplex in Gwarinpa Main Abuja, Life Camp for sale",450,Duplex,5,6,Semi-Furnished,"Gwarinpa, Life Camp",Life Camp,Gwarinpa,Enterprise,850000000.0
Furnished 2bdrm Apartment in Iwaya for sale,600,Apartment,2,2,Furnished,"Yaba, Iwaya",Iwaya,Yaba,Enterprise,100000000.0
4bdrm House in Alaka Estate for sale,1000,House,4,1,Unfurnished,"Surulere, Alaka Estate",Alaka Estate,Surulere,Enterprise,450000000.0
"3bdrm Block of Flats in Private Property, Dape for sale",850,Block of Flats,3,3,Unfurnished,"Gwarinpa, Dape",Dape,Gwarinpa,Enterprise,120000000.0
4bdrm Duplex in Life Camp for sale,250,Duplex,4,4,Unfurnished,"Gwarinpa, Life Camp",Life Camp,Gwarinpa,Enterprise,350000000.0
5bdrm Bungalow in Lokogoma for sale,850,Bungalow,5,5,Unfurnished,"Abuja (FCT), Lokogoma",Lokogoma,Abuja (FCT),Enterprise,130000000.0
3bdrm Block of Flats in Abulegba Lagos for sale,600,Block of Flats,3,4,Semi-Furnished,"Lagos State, Abule Egba",Abule Egba,Lagos State,Enterprise,300000000.0
4bdrm Duplex in Lekki for sale,800,Duplex,4,4,Unfurnished,"Lagos State, Lekki",Lekki,Lagos State,Enterprise,470000000.0
5bdrm Duplex in Lekki for sale,400,Duplex,5,5,Semi-Furnished,"Lagos State, Lekki",Lekki,Lagos State,Enterprise,470000000.0
Furnished 2bdrm Apartment in Ikate Palm Spring for sale,200,Apartment,2,3,Furnished,"Lekki, Ikate",Ikate,Lekki,Enterprise,200000000.0
5bdrm Duplex in Utako for sale,500,Duplex,5,6,Unfurnished,"Abuja (FCT), Utako",Utako,Abuja (FCT),Enterprise,800000000.0
"4bdrm Duplex in Nuga Luxury Estate, Lugbe District for sale",350,Duplex,4,5,Unfurnished,"Abuja (FCT), Lugbe District",Lugbe District,Abuja (FCT),Enterprise,145000000.0
"7bdrm Duplex in River Park Estate, Lugbe District for sale",750,Duplex,7,8,Unfurnished,"Abuja (FCT), Lugbe District",Lugbe District,Abuja (FCT),Enterprise,350000000.0
2bdrm Apartment in Chevron for sale,150,Apartment,2,2,Unfurnished,"Lekki, Chevron",Chevron,Lekki,Enterprise,180000000.0
5bdrm Duplex in Lekki for sale,450,Duplex,5,5,Unfurnished,"Lagos State, Lekki",Lekki,Lagos State,Enterprise,650000000.0
3bdrm Apartment in Surulere for sale,200,Apartment,3,3,Semi-Furnished,"Lagos State, Surulere",Surulere,Lagos State,Enterprise,170000000.0
"4bdrm Duplex in Ikota Gra, Lekki for sale",10,Duplex,4,4,Unfurnished,"Lagos State, Lekki",Lekki,Lagos State,Enterprise,250000000.0
3bdrm Apartment in Jahi for sale,200,Apartment,3,3,Unfurnished,"Abuja (FCT), Jahi",Jahi,Abuja (FCT),Enterprise,250000000.0
"5bdrm Duplex in Osapa London, Jakande for sale",200,Duplex,5,5,Unfurnished,"Lekki, Jakande",Jakande,Lekki,Enterprise,400000000.0
Furnished 5bdrm Duplex in VGC / Ajah for sale,500,Duplex,5,6,Furnished,"Ajah, VGC / Ajah",VGC / Ajah,Ajah,Enterprise,470000000.0
"6bdrm Duplex in Private Property, Guzape District for sale",500,Duplex,6,6,Unfurnished,"Abuja (FCT), Guzape District",Guzape District,Abuja (FCT),Enterprise,750000000.0
"3bdrm Bungalow in High Cost, Kaduna / Kaduna State for sale",900,Bungalow,3,4,Unfurnished,"Kaduna State, Kaduna / Kaduna State",Kaduna / Kaduna State,Kaduna State,Enterprise,82800000.0
2bdrm Apartment in Lekki Phase 1 for sale,300,Apartment,2,2,Semi-Furnished,"Lekki, Lekki Phase 1",Lekki Phase 1,Lekki,Enterprise,300000000.0
3bdrm Apartment in Lekki Phase 1 for sale,300,Apartment,3,3,Semi-Furnished,"Lekki, Lekki Phase 1",Lekki Phase 1,Lekki,Enterprise,320000000.0
11bdrm Apartment in Aguda Surulere Lagos for sale,613,Apartment,11,13,Unfurnished,"Surulere, Aguda / Surulere",Aguda / Surulere,Surulere,Enterprise,400000000.0
"3bdrm Bungalow in Jedo Estate, Lugbe District for sale",500,Bungalow,3,4,Unfurnished,"Abuja (FCT), Lugbe District",Lugbe District,Abuja (FCT),Enterprise,130000000.0
"4bdrm Duplex in Unity Estate Off, Obio-Akpor for sale",465,Duplex,4,4,Semi-Furnished,"Rivers State, Obio-Akpor",Obio-Akpor,Rivers State,Enterprise,130000000.0
5bdrm Duplex in Apo Resettlement for sale,600,Duplex,5,6,Semi-Furnished,"Apo District, Apo Resettlement",Apo Resettlement,Apo District,Enterprise,550000000.0
"Furnished 4bdrm Duplex in Valley Estate, Enugu for sale",500,Duplex,4,5,Furnished,"Enugu State, Enugu",Enugu,Enugu State,Enterprise,260000000.0
5bdrm Duplex in Apo Resettlement for sale,466,Duplex,5,1,Unfurnished,"Apo District, Apo Resettlement",Apo Resettlement,Apo District,Enterprise,750000000.0
5bdrm Duplex in Opebi for sale,1000,Duplex,5,1,Unfurnished,"Ikeja, Opebi",Opebi,Ikeja,Enterprise,650000000.0
3bdrm Apartment in Lekki for sale,350,Apartment,3,3,Semi-Furnished,"Lagos State, Lekki",Lekki,Lagos State,Enterprise,450000000.0
2bdrm Apartment in Wuye for sale,200,Apartment,2,3,Unfurnished,"Abuja (FCT), Wuye",Wuye,Abuja (FCT),Enterprise,110000000.0
"7bdrm Duplex in Efab Global Estate, Idu Industrial for sale",700,Duplex,7,8,Unfurnished,"Abuja (FCT), Idu Industrial",Idu Industrial,Abuja (FCT),Enterprise,450000000.0
5bdrm Duplex in Osapa London for sale,450,Duplex,5,5,Semi-Furnished,"Lekki, Osapa london",Osapa london,Lekki,Enterprise,460000000.0
2bdrm Apartment in Ajah for sale,150,Apartment,2,2,Unfurnished,"Lagos State, Ajah",Ajah,Lagos State,Enterprise,90000000.0
4bdrm Duplex in Lekki for sale,350,Duplex,4,4,Unfurnished,"Lagos State, Lekki",Lekki,Lagos State,Enterprise,250000000.0
5bdrm Duplex in Gbagada for sale,350,Duplex,5,5,Unfurnished,"Lagos State, Gbagada",Gbagada,Lagos State,Enterprise,600000000.0
3bdrm Maisonette in Lekki Phase 1 for sale,150,Maisonette,3,3,Unfurnished,"Lekki, Lekki Phase 1",Lekki Phase 1,Lekki,Enterprise,320000000.0
"4bdrm Duplex in Odani Estate Off, Port-Harcourt for sale",500,Duplex,4,4,Semi-Furnished,"Rivers State, Port-Harcourt",Port-Harcourt,Rivers State,Enterprise,220000000.0
2bdrm Block of Flats in Kuje for sale,900,Block of Flats,2,2,Unfurnished,"Abuja (FCT), Kuje",Kuje,Abuja (FCT),Enterprise,40000000.0
6bdrm Bungalow in Alakia for sale,750,Bungalow,6,6,Unfurnished,"Ibadan, Alakia",Alakia,Ibadan,Enterprise,85000000.0
5bdrm Duplex in Asokoro for sale,800,Duplex,5,5,Unfurnished,"Abuja (FCT), Asokoro",Asokoro,Abuja (FCT),Enterprise,850000000.0
Furnished 3bdrm Duplex in Idu Industrial for sale,300,Duplex,3,3,Furnished,"Abuja (FCT), Idu Industrial",Idu Industrial,Abuja (FCT),Enterprise,160000000.0
5bdrm Duplex in Sangotedo for sale,250,Duplex,5,5,Semi-Furnished,"Ajah, Sangotedo",Sangotedo,Ajah,Enterprise,230000000.0
2bdrm Apartment in Lekki for sale,600,Apartment,2,3,Semi-Furnished,"Lagos State, Lekki",Lekki,Lagos State,Enterprise,100000000.0
"Furnished 4bdrm Duplex in Country Mews Court, Ibeju for sale",1296,Duplex,4,4,Furnished,"Lagos State, Ibeju",Ibeju,Lagos State,Enterprise,110000000.0
"4bdrm Duplex in Secured Estate, Wempco Road for sale",270,Duplex,4,4,Semi-Furnished,"Ogba, Wempco Road",Wempco Road,Ogba,Enterprise,340000000.0
"5bdrm Duplex in Royal Pine Estate, Lekki Phase 2 for sale",350,Duplex,5,5,Semi-Furnished,"Lekki, Lekki Phase 2",Lekki Phase 2,Lekki,Enterprise,480000000.0
"5bdrm Duplex in Royal Pine Estate, Lekki Phase 2 for sale",340,Duplex,5,5,Semi-Furnished,"Lekki, Lekki Phase 2",Lekki Phase 2,Lekki,Enterprise,480000000.0
"4bdrm Duplex in Lekki Scheme Two, Abraham Adesanya Estate for sale",250,Duplex,4,4,Semi-Furnished,"Ajah, Abraham Adesanya Estate",Abraham Adesanya Estate,Ajah,Enterprise,200000000.0
