title,property_size,house_type,bedrooms,bathrooms,furnishing,region,region_name,region_parent_name,is_boost,price
2bdrm Maisonette in Lekki Phase 1 for sale,185.0,Maisonette,2.0,2.0,unfurnished,"Lekki, Lekki Phase 1",Lekki Phase 1,Lekki,diamond,"₦ 350,000,000"
4bdrm Duplex in Thomas Estate for sale,300.0,Duplex,4.0,4.0,semi-furnished,"Ajah, Thomas Estate",Thomas Estate,Ajah,enterprise,"₦ 300,000,000"
"5bdrm Duplex in Lekki Palm City, Ado / Ajah for sale",300.0,Duplex,5.0,5.0,semi-furnished,"Ajah, Ado / Ajah",Ado / Ajah,Ajah,enterprise,"₦ 300,000,000"
"4bdrm Duplex in Golden Park Estate, Sangotedo for sale",300.0,Duplex,4.0,4.0,semi-furnished,"Ajah, Sangotedo",Sangotedo,Ajah,enterprise,"₦ 275,000,000"
Mini Flat in Mende for sale,120.0,,1.0,1.0,unfurnished,"Maryland, Mende",Mende,Maryland,vip_gold,"₦ 75,000,000"
5bdrm Duplex in Idu for sale,700.0,Duplex,5.0,6.0,unfurnished,"Jiwa, Idu",Idu,Jiwa,False,"₦ 350,000,000"
"Furnished 3bdrm Apartment in Kenneth Odidika, Ologolo for sale",200.0,Apartment,3.0,3.0,furnished,"Lekki, Ologolo",Ologolo,Lekki,False,"₦ 130,000,000"
Furnished 5bdrm Duplex in Magodo G.R.A Phase for sale,648.0,Duplex,5.0,5.0,furnished,"Magodo, GRA Phase 1",GRA Phase 1,Magodo,False,"₦ 620,000,000"
3bdrm Townhouse/Terrace in Kaura Opposite for sale,280.0,Townhouse/Terrace,3.0,3.0,unfurnished,"Abuja (FCT), Kaura",Kaura,Abuja (FCT),enterprise,"₦ 110,000,000"
4bdrm Townhouse/Terrace in Mabushi for sale,300.0,Townhouse/Terrace,4.0,4.0,unfurnished,"Abuja (FCT), Mabushi",Mabushi,Abuja (FCT),enterprise,"₦ 270,000,000"
4bdrm Duplex in Abijo for sale,200.0,Duplex,4.0,4.0,semi-furnished,"Ibeju, Abijo",Abijo,Ibeju,enterprise,"₦ 150,000,000"
3bdrm Apartment in Wuye- Dakibiyu Abuja for sale,1500.0,Apartment,3.0,4.0,semi-furnished,"Abuja (FCT), Wuye",Wuye,Abuja (FCT),enterprise,"₦ 135,000,000"
"4bdrm Duplex in Ikota, Lekki for sale",500.0,Duplex,4.0,4.0,semi-furnished,"Lagos State, Lekki",Lekki,Lagos State,vip,"₦ 200,000,000"
"3bdrm Townhouse/Terrace in Hall 7, Life Camp for sale",350.0,Townhouse/Terrace,3.0,3.0,unfurnished,"Gwarinpa, Life Camp",Life Camp,Gwarinpa,enterprise,"₦ 150,000,000"
4bdrm Duplex in Lekki Phase 2 for sale,200.0,Duplex,4.0,4.0,semi-furnished,"Lekki, Lekki Phase 2",Lekki Phase 2,Lekki,enterprise,"₦ 200,000,000"
15bdrm Room & Parlour in Abule Egba for sale,150.0,Room & Parlour,15.0,2.0,unfurnished,"Lagos State, Abule Egba",Abule Egba,Lagos State,False,"₦ 40,000,000"
4bdrm Duplex in Jahi Abuja for sale,2000.0,Duplex,4.0,5.0,semi-furnished,"Abuja (FCT), Jahi",Jahi,Abuja (FCT),enterprise,"₦ 350,000,000"
"4bdrm Duplex in Gra, Ikota for sale",500.0,Duplex,4.0,4.0,unfurnished,"Lekki, Ikota",Ikota,Lekki,False,"₦ 165,000,000"
"Furnished 14bdrm House in Glass House, Okokomaiko for sale",170.0,House,14.0,12.0,furnished,"Ojo, Okokomaiko",Okokomaiko,Ojo,False,"₦ 120,000,000"
4bdrm Duplex in Lekki Phase 1 for sale,400.0,Duplex,4.0,4.0,unfurnished,"Lekki, Lekki Phase 1",Lekki Phase 1,Lekki,diamond,"₦ 450,000,000"
"4bdrm Bungalow in Kunle Soladoye Co., Ilorin South for Sale",,Bungalow,4.0,4.0,unfurnished,"Kwara State, Ilorin South",Ilorin South,Kwara State,False,"₦ 8,000,000"
6bdrm Bungalow in Umuguma Owerri West for sale,465.0,Bungalow,6.0,6.0,semi-furnished,"Imo State, Owerri",Owerri,Imo State,enterprise,"₦ 50,500,000"
4bdrm Bungalow in Karu-Nasarawa for sale,1000.0,Bungalow,4.0,5.0,semi-furnished,"Nasarawa State, Karu-Nasarawa",Karu-Nasarawa,Nasarawa State,False,"₦ 100,000,000"
"3bdrm Bungalow in Akuru, Ibadan for sale",450.0,Bungalow,3.0,3.0,semi-furnished,"Oyo State, Ibadan",Ibadan,Oyo State,False,"₦ 85,000,000"
20bdrm Apartment in Apo Resettlement for sale,2000.0,Apartment,20.0,20.0,semi-furnished,"Apo District, Apo Resettlement",Apo Resettlement,Apo District,False,"₦ 1,400,000,000"
"10bdrm House in Apata, Okitipupa for sale",850.0,House,10.0,5.0,unfurnished,"Ondo State, Okitipupa",Okitipupa,Ondo State,False,"₦ 25,000,000"
3bdrm House in Lokogoma for sale,800.0,House,3.0,3.0,semi-furnished,"Abuja (FCT), Lokogoma",Lokogoma,Abuja (FCT),False,"₦ 80,000,000"
Furnished 5bdrm Bungalow in Benin City for sale,100.0,Bungalow,5.0,5.0,furnished,"Edo State, Benin City",Benin City,Edo State,False,"₦ 55,000,000"
Furnished 4bdrm Duplex in Oba Akran for sale,400.0,Duplex,4.0,5.0,furnished,"Ikeja, Oba Akran",Oba Akran,Ikeja,False,"₦ 190,000,000"
"4bdrm Room & Parlour in Unity Estate, Ado-Odo/Ota for sale",829.0,Room & Parlour,4.0,4.0,semi-furnished,"Ogun State, Ado-Odo/Ota",Ado-Odo/Ota,Ogun State,False,"₦ 22,000,000"
2bdrm Bungalow in Akinyele for sale,2500.0,Bungalow,2.0,3.0,unfurnished,"Oyo State, Akinyele",Akinyele,Oyo State,False,"₦ 13,000,000"
3bdrm Bungalow in Apete Ibadan for sale,400.0,Bungalow,3.0,3.0,unfurnished,"Oyo State, Ibadan",Ibadan,Oyo State,False,"₦ 45,000,000"
Furnished 5bdrm Duplex in In Secured Estate for sale,400.0,Duplex,5.0,6.0,furnished,"Ajah, VGC / Ajah",VGC / Ajah,Ajah,vip_gold,"₦ 480,000,000"
"4bdrm Duplex in 08 Garden City, Ikwerre for sale",465.0,Duplex,4.0,5.0,unfurnished,"Rivers State, Ikwerre",Ikwerre,Rivers State,enterprise,"₦ 145,000,000"
3bdrm Bungalow in Wumba for sale,,Bungalow,3.0,4.0,semi-furnished,"Abuja (FCT), Wumba",Wumba,Abuja (FCT),enterprise,"₦ 75,000,000"
"Functional 5bedrm Duplex,Secured Estate in Guzape for Sale",,,5.0,5.0,semi-furnished,"Abuja (FCT), Guzape District",Guzape District,Abuja (FCT),enterprise,"₦ 350,000,000"
2bdrm Apartment in GRA Phase 1 / Port-Harcourt for sale,500.0,Apartment,2.0,2.0,unfurnished,"Port-Harcourt, GRA Phase 1 / Port-Harcourt",GRA Phase 1 / Port-Harcourt,Port-Harcourt,enterprise,"₦ 140,000,000"
4bdrm Duplex in Dape for sale,920.0,Duplex,4.0,5.0,unfurnished,"Gwarinpa, Dape",Dape,Gwarinpa,enterprise,"₦ 460,000,000"
5bdrm Duplex in Jahi for sale,1000.0,Duplex,5.0,5.0,unfurnished,"Abuja (FCT), Jahi",Jahi,Abuja (FCT),enterprise,"₦ 200,000,000"
5bdrm Duplex in Dawaki News for sale,500.0,Duplex,5.0,5.0,unfurnished,"Gwarinpa, Dawaki",Dawaki,Gwarinpa,enterprise,"₦ 80,000,000"
5bdrm Duplex in Ikota for sale,460.0,Duplex,5.0,5.0,unfurnished,"Lekki, Ikota",Ikota,Lekki,diamond,"₦ 550,000,000"
6bdrm Maisonette in Navy Estate Karshi for Sale,1400.0,Maisonette,6.0,5.0,semi-furnished,"Abuja (FCT), Karshi",Karshi,Abuja (FCT),enterprise,"₦ 150,000,000"
3bdrm Apartment in Ifako for sale,650.0,Apartment,3.0,3.0,semi-furnished,"Gbagada, Ifako-Gbagada",Ifako-Gbagada,Gbagada,enterprise,"₦ 160,000,000"
5bdrm Duplex in Banana Island for sale,250.0,Duplex,5.0,5.0,semi-furnished,"Ikoyi, Banana Island",Banana Island,Ikoyi,enterprise,"₦ 4,800,000,000"
3bdrm Apartment in Maryland Estate for sale,600.0,Apartment,3.0,3.0,semi-furnished,"Maryland, LSDPC Maryland Estate",LSDPC Maryland Estate,Maryland,enterprise,"₦ 250,000,000"
"4bdrm Duplex in Millennium Estate, Millenuim/UPS for sale",230.0,Duplex,4.0,4.0,semi-furnished,"Gbagada, Millenuim/UPS",Millenuim/UPS,Gbagada,enterprise,"₦ 400,000,000"
6bdrm Duplex in Lekki Phase1 for sale,300.0,Duplex,6.0,6.0,semi-furnished,"Lekki, Lekki Phase 1",Lekki Phase 1,Lekki,enterprise,"₦ 1,300,000,000"
2bdrm Duplex in Ilupeju Industrial Estate for sale,825.0,Duplex,2.0,4.0,semi-furnished,"Ilupeju, Ilupeju Industrial Estate",Ilupeju Industrial Estate,Ilupeju,enterprise,"₦ 830,000,000"
4bdrm Duplex in Ikota for sale,450.0,Duplex,4.0,4.0,semi-furnished,"Lekki, Ikota",Ikota,Lekki,enterprise,"₦ 180,000,000"
Furnished 4bdrm Duplex in Chevron for sale,500.0,Duplex,4.0,4.0,furnished,"Lekki, Chevron",Chevron,Lekki,enterprise,"₦ 365,000,000"
4bdrm Duplex in Kado for sale,1900.0,Duplex,4.0,4.0,semi-furnished,"Abuja (FCT), Kado",Kado,Abuja (FCT),enterprise,"₦ 230,000,000"
"5bdrm Duplex in Mini Estate, Katampe Extension for sale",1000.0,Duplex,5.0,5.0,semi-furnished,"Katampe, Katampe Extension",Katampe Extension,Katampe,enterprise,"₦ 250,000,000"
"4bdrm Duplex in Gbagada, Millenuim/UPS for sale",220.0,Duplex,4.0,4.0,semi-furnished,"Gbagada, Millenuim/UPS",Millenuim/UPS,Gbagada,enterprise,"₦ 280,000,000"
"5bdrm Duplex in Secured Estate Oniru, Victoria Island Extension",500.0,Duplex,5.0,5.0,semi-furnished,"Victoria Island, Victoria Island Extension",Victoria Island Extension,Victoria Island,enterprise,"₦ 1,600,000,000"
3bdrm Apartment in Magodo Gra Phase 2 for sale,650.0,Apartment,3.0,3.0,semi-furnished,"Magodo, GRA Phase 2 Shangisha",GRA Phase 2 Shangisha,Magodo,enterprise,"₦ 280,000,000"
Furnished 3bdrm Bungalow in Gudu for sale,700.0,Bungalow,3.0,3.0,furnished,"Abuja (FCT), Gudu",Gudu,Abuja (FCT),enterprise,"₦ 280,000,000"
3bdrm Block of Flats in Jahi By Gilmor for sale,1000.0,Block of Flats,3.0,3.0,unfurnished,"Abuja (FCT), Jahi",Jahi,Abuja (FCT),enterprise,"₦ 620,000,000"
"Furnished 4bdrm Duplex in Residential, Maitama for sale",300.0,Duplex,4.0,4.0,furnished,"Abuja (FCT), Maitama",Maitama,Abuja (FCT),diamond,"₦ 370,000,000"
3bdrm Apartment in Maryland for sale,800.0,Apartment,3.0,3.0,semi-furnished,"Maryland, LSDPC Maryland Estate",LSDPC Maryland Estate,Maryland,enterprise,"₦ 280,000,000"
3bdrm Block of Flats in Brains And Hammers for sale,300.0,Block of Flats,3.0,4.0,unfurnished,"Gwarinpa, Life Camp",Life Camp,Gwarinpa,enterprise,"₦ 60,000,000"
"4bdrm Duplex in Olowora, Magodo Isheri for sale",220.0,Duplex,4.0,4.0,semi-furnished,"Ojodu, Magodo Isheri",Magodo Isheri,Ojodu,enterprise,"₦ 270,000,000"
3bdrm Apartment in Jahi Gilmor for sale,1500.0,Apartment,3.0,4.0,semi-furnished,"Abuja (FCT), Jahi",Jahi,Abuja (FCT),enterprise,"₦ 140,000,000"
"2bdrm Block of Flats in Cpc Community, Dawaki for sale",550.0,Block of Flats,2.0,2.0,semi-furnished,"Gwarinpa, Dawaki",Dawaki,Gwarinpa,enterprise,"₦ 350,000,000"
4bdrm Apartment in Ikeja Gra for sale,412.0,Apartment,4.0,4.0,semi-furnished,"Ikeja, Ikeja GRA",Ikeja GRA,Ikeja,enterprise,"₦ 550,000,000"
"2bdrm Apartment in Yaba, Onike for sale",550.0,Apartment,2.0,2.0,semi-furnished,"Yaba, Onike",Onike,Yaba,enterprise,"₦ 150,000,000"
2bdrm Block of Flats in Egbeda for sale,550.0,Block of Flats,2.0,2.0,semi-furnished,"Alimosho, Egbeda",Egbeda,Alimosho,enterprise,"₦ 220,000,000"
3bdrm Apartment in Lekki Phase 2 for sale,250.0,Apartment,3.0,3.0,semi-furnished,"Lekki, Lekki Phase 2",Lekki Phase 2,Lekki,enterprise,"₦ 130,000,000"
2bdrm Apartment in Alkab Luxury for sale,300.0,Apartment,2.0,3.0,semi-furnished,"Gwarinpa, Life Camp",Life Camp,Gwarinpa,enterprise,"₦ 100,000,000"
4bdrm Duplex in Allen Avenue for sale,225.0,Duplex,4.0,4.0,semi-furnished,"Ikeja, Allen Avenue",Allen Avenue,Ikeja,enterprise,"₦ 420,000,000"
Mini Flat in Sangotedo for sale,150.0,,1.0,1.0,semi-furnished,"Ajah, Sangotedo",Sangotedo,Ajah,enterprise,"₦ 50,000,000"
4bdrm Duplex in Utako for sale,300.0,Duplex,4.0,4.0,unfurnished,"Abuja (FCT), Utako",Utako,Abuja (FCT),diamond,"₦ 450,000,000"
4bdrm Duplex in Ogba for sale,223.0,Duplex,4.0,4.0,semi-furnished,"Ogba, Ifako-Ogba",Ifako-Ogba,Ogba,enterprise,"₦ 230,000,000"
5bdrm Duplex in Oregun for sale,258.0,Duplex,5.0,5.0,semi-furnished,"Ikeja, Oregun",Oregun,Ikeja,enterprise,"₦ 450,000,000"
3bdrm Block of Flats in Secured Estate for sale,419.0,Block of Flats,3.0,3.0,semi-furnished,"Maryland, LSDPC Maryland Estate",LSDPC Maryland Estate,Maryland,enterprise,"₦ 650,000,000"
"4bdrm Duplex in Royal Garden Estate, Off Lekki-Epe Expressway for sale",300.0,Duplex,4.0,4.0,semi-furnished,"Ajah, Off Lekki-Epe Expressway",Off Lekki-Epe Expressway,Ajah,enterprise,"₦ 450,000,000"
"5bdrm Duplex in Bera Estate, Chevron for sale",500.0,Duplex,5.0,6.0,semi-furnished,"Lekki, Chevron",Chevron,Lekki,enterprise,"₦ 430,000,000"
Furnished 4bdrm Apartment in Old Ikoyi for sale,4800.0,Apartment,4.0,4.0,furnished,"Ikoyi, Old Ikoyi",Old Ikoyi,Ikoyi,enterprise,"₦ 40,000,000,000"
4bdrm Duplex in Galadimawa for sale,500.0,Duplex,4.0,4.0,unfurnished,"Abuja (FCT), Galadimawa",Galadimawa,Abuja (FCT),enterprise,"₦ 350,000,000"
2bdrm Apartment in Lekki Chevron Toll for sale,1000.0,Apartment,2.0,2.0,semi-furnished,"Lekki, Chevron",Chevron,Lekki,enterprise,"₦ 95,000,000"
"3bdrm Apartment in Gbagada, Millenuim/UPS for sale",515.0,Apartment,3.0,3.0,semi-furnished,"Gbagada, Millenuim/UPS",Millenuim/UPS,Gbagada,enterprise,"₦ 170,000,000"
"2bdrm Bungalow in South Point Estate, Lekki Phase 2 for sale",400.0,Bungalow,2.0,2.0,semi-furnished,"Lekki, Lekki Phase 2",Lekki Phase 2,Lekki,enterprise,"₦ 65,000,000"
5bdrm Duplex in Lekki Phase 2 for sale,500.0,Duplex,5.0,5.0,semi-furnished,"Lekki, Lekki Phase 2",Lekki Phase 2,Lekki,enterprise,"₦ 350,000,000"
"3bdrm House in On Muslim Bridge, Oluyole Estate for sale",900.0,House,3.0,3.0,unfurnished,"Ibadan, Oluyole Estate",Oluyole Estate,Ibadan,False,"₦ 22,000,000"
3bdrm Duplex in Ilupeju Estate for sale,220.0,Duplex,3.0,3.0,semi-furnished,"Ilupeju, Ilupeju Industrial Estate",Ilupeju Industrial Estate,Ilupeju,enterprise,"₦ 300,000,000"
3bdrm Block of Flats in Akoka for sale,600.0,Block of Flats,3.0,3.0,semi-furnished,"Yaba, Akoka",Akoka,Yaba,enterprise,"₦ 280,000,000"
5bdrm Duplex in Opebi for sale,450.0,Duplex,5.0,5.0,unfurnished,"Ikeja, Opebi",Opebi,Ikeja,enterprise,"₦ 750,000,000"
"4bdrm Duplex in News Engineering, Dawaki for sale",1000.0,Duplex,4.0,5.0,semi-furnished,"Gwarinpa, Dawaki",Dawaki,Gwarinpa,enterprise,"₦ 60,000,000"
3bdrm Apartment in Gbagada for sale,558.0,Apartment,3.0,3.0,semi-furnished,"Gbagada, Ifako-Gbagada",Ifako-Gbagada,Gbagada,enterprise,"₦ 100,000,000"
"Furnished 5bdrm Duplex in Startimes Estate, Apple Junction for sale",465.0,Duplex,5.0,5.0,furnished,"Amuwo-Odofin, Apple Junction",Apple Junction,Amuwo-Odofin,False,"₦ 350,000,000"
Furnished 3bdrm Block of Flats in Dakwo Community for sale,192.0,Block of Flats,3.0,3.0,furnished,"Abuja (FCT), Lokogoma",Lokogoma,Abuja (FCT),False,"₦ 13,500,000"
5bdrm Bungalow in Ijede / Ikorodu for sale,648.0,Bungalow,5.0,5.0,semi-furnished,"Ikorodu, Ijede / Ikorodu",Ijede / Ikorodu,Ikorodu,enterprise,"₦ 40,000,000"
4bdrm Duplex in Dawaki for sale,1900.0,Duplex,4.0,4.0,semi-furnished,"Gwarinpa, Dawaki",Dawaki,Gwarinpa,enterprise,"₦ 280,000,000"
Furnished 3bdrm Block of Flats in Falola Ipaja Lagos for sale,600.0,Block of Flats,3.0,4.0,furnished,"Ipaja, Ipaja / Ipaja",Ipaja / Ipaja,Ipaja,False,"₦ 45,000,000"
Furnished 3bdrm Duplex in Alagbado Lagos for sale,202.0,Duplex,3.0,3.0,furnished,"Ifako-Ijaiye, Alagbado",Alagbado,Ifako-Ijaiye,False,"₦ 45,000,000"
5bdrm Duplex in Omole Phase1 for sale,249.0,Duplex,5.0,5.0,semi-furnished,"Ikeja, Omole Phase 1",Omole Phase 1,Ikeja,enterprise,"₦ 650,000,000"
"3bdrm Duplex in Galilee Estate, Port-Harcourt for sale",465.0,Duplex,3.0,3.0,unfurnished,"Rivers State, Port-Harcourt",Port-Harcourt,Rivers State,enterprise,"₦ 175,000,000"
1bdrm Condo in Wuye for sale,60.0,Condo,1.0,2.0,unfurnished,"Abuja (FCT), Wuye",Wuye,Abuja (FCT),diamond,"₦ 113,000,000"
4bdrm Duplex in Opebi for sale,250.0,Duplex,4.0,4.0,semi-furnished,"Ikeja, Opebi",Opebi,Ikeja,enterprise,"₦ 550,000,000"
Furnished 4bdrm Duplex in Lekki Phase 2 for sale,450.0,Duplex,4.0,4.0,furnished,"Lekki, Lekki Phase 2",Lekki Phase 2,Lekki,enterprise,"₦ 190,000,000"
2bdrm Block of Flats in Katampe (Main) for sale,250.0,Block of Flats,2.0,2.0,unfurnished,"Katampe, Katampe (Main)",Katampe (Main),Katampe,diamond,"₦ 85,000,000"
4bdrm Duplex in Gbagada Phase 2 for sale,255.0,Duplex,4.0,4.0,semi-furnished,"Gbagada, Phase 2",Phase 2,Gbagada,enterprise,"₦ 450,000,000"
"4bdrm Duplex in River Valley Estate, Berger for sale",230.0,Duplex,4.0,4.0,semi-furnished,"Ojodu, Berger",Berger,Ojodu,enterprise,"₦ 245,000,000"
4bdrm Duplex in Opebi for sale,220.0,Duplex,4.0,4.0,semi-furnished,"Ikeja, Opebi",Opebi,Ikeja,enterprise,"₦ 500,000,000"
2bdrm Apartment in Victoria Island Extension for sale,25.0,Apartment,2.0,3.0,semi-furnished,"Victoria Island, Victoria Island Extension",Victoria Island Extension,Victoria Island,enterprise,"₦ 290,000,000"
"Furnished 4bdrm Duplex in Shell Cooperative, Eneka for sale",465.0,Duplex,4.0,4.0,furnished,"Port-Harcourt, Eneka",Eneka,Port-Harcourt,enterprise,"₦ 190,000,000"
2bdrm Block of Flats in Magodo Gra Phase1 for sale,420.0,Block of Flats,2.0,2.0,semi-furnished,"Magodo, GRA Phase 1",GRA Phase 1,Magodo,enterprise,"₦ 350,000,000"
7bdrm Duplex in Magodo Phase2 for sale,259.0,Duplex,7.0,7.0,semi-furnished,"Magodo, GRA Phase 2 Shangisha",GRA Phase 2 Shangisha,Magodo,enterprise,"₦ 750,000,000"
"2bdrm Apartment in Off College Road, Ifako-Ogba for sale",650.0,Apartment,2.0,2.0,semi-furnished,"Ogba, Ifako-Ogba",Ifako-Ogba,Ogba,enterprise,"₦ 100,000,000"
4bdrm Duplex in Medina for sale,500.0,Duplex,4.0,4.0,semi-furnished,"Gbagada, Medina",Medina,Gbagada,enterprise,"₦ 400,000,000"
Furnished 1bdrm Apartment in Brains And Hammers for sale,250.0,Apartment,1.0,1.0,furnished,"Gwarinpa, Life Camp",Life Camp,Gwarinpa,enterprise,"₦ 38,000,000"
"Furnished 3bdrm Duplex in Agip Estate, Obio-Akpor for sale",255.0,Duplex,3.0,3.0,furnished,"Rivers State, Obio-Akpor",Obio-Akpor,Rivers State,enterprise,"₦ 185,000,000"
in Abeokuta North for sale,,,,,,"Ogun State, Abeokuta North",Abeokuta North,Ogun State,diamond,"₦ 40,000,000"
"Furnished 2bdrm Bungalow in Balofem Properties , Abeokuta North",1200.0,Bungalow,2.0,4.0,furnished,"Ogun State, Abeokuta North",Abeokuta North,Ogun State,diamond,"₦ 25,000,000"
"10bdrm Bungalow in Balofem Properties $, Abeokuta North for sale",700.0,Bungalow,10.0,5.0,semi-furnished,"Ogun State, Abeokuta North",Abeokuta North,Ogun State,diamond,"₦ 25,000,000"
"4bdrm Bungalow in Balofem Properties &, Abeokuta North for sale",648.0,Bungalow,4.0,5.0,unfurnished,"Ogun State, Abeokuta North",Abeokuta North,Ogun State,diamond,"₦ 10,000,000"
"Furnished 6bdrm Block of Flats in Balofem Properties &, Abeokuta North",648.0,Block of Flats,6.0,5.0,furnished,"Ogun State, Abeokuta North",Abeokuta North,Ogun State,diamond,"₦ 30,000,000"
"10bdrm Bungalow in Balofem Properties &, Abeokuta North for sale",648.0,Bungalow,10.0,2.0,unfurnished,"Ogun State, Abeokuta North",Abeokuta North,Ogun State,diamond,"₦ 40,000,000"
"10bdrm Bungalow in Balofem Properties &, Abeokuta South for sale",648.0,Bungalow,10.0,11.0,semi-furnished,"Ogun State, Abeokuta South",Abeokuta South,Ogun State,diamond,"₦ 20,000,000"
"Furnished 5bdrm Bungalow in Balofem Properties &, Abeokuta South",648.0,Bungalow,5.0,2.0,furnished,"Ogun State, Abeokuta South",Abeokuta South,Ogun State,diamond,"₦ 18,000,000"
"4bdrm Bungalow in Balofem Properties &, Abeokuta North for sale",648.0,Bungalow,4.0,2.0,unfurnished,"Ogun State, Abeokuta North",Abeokuta North,Ogun State,diamond,"₦ 10,000,000"
"Furnished 20bdrm House in Balofem Properties &, Abeokuta North",1200.0,House,20.0,16.0,furnished,"Ogun State, Abeokuta North",Abeokuta North,Ogun State,diamond,"₦ 50,000,000"
5bdrm Duplex in Magodo Gra Phase1 for sale,315.0,Duplex,5.0,5.0,semi-furnished,"Magodo, GRA Phase 1",GRA Phase 1,Magodo,enterprise,"₦ 700,000,000"
9bdrm Duplex in Asokoro for sale,1500.0,Duplex,9.0,5.0,semi-furnished,"Abuja (FCT), Asokoro",Asokoro,Abuja (FCT),enterprise,"₦ 1,500,000,000"
Furnished 4bdrm Duplex in Guzape District for sale,600.0,Duplex,4.0,4.0,furnished,"Abuja (FCT), Guzape District",Guzape District,Abuja (FCT),premium,"₦ 850,000,000"
15bdrm Block of Flats in Alagbado Lagos State for sale,648.0,Block of Flats,15.0,17.0,semi-furnished,"Ifako-Ijaiye, Alagbado",Alagbado,Ifako-Ijaiye,False,"₦ 150,000,000"
"3bdrm Bungalow in Ibeju Lekki Aiyetoro, Aiyeteju for sale",350.0,Bungalow,3.0,3.0,semi-furnished,"Ibeju, Aiyeteju",Aiyeteju,Ibeju,enterprise,"₦ 90,000,000"
5bdrm Duplex in Opebi for sale,300.0,Duplex,5.0,5.0,semi-furnished,"Ikeja, Opebi",Opebi,Ikeja,enterprise,"₦ 700,000,000"
1bdrm Block of Flats in Rind Road for sale,600.0,Block of Flats,1.0,1.0,unfurnished,"Ibadan, Rind Road",Rind Road,Ibadan,enterprise,"₦ 60,000,000"
"3bdrm Block of Flats in Balofem Properties &, Obafemi-Owode for sale",300.0,Block of Flats,3.0,3.0,unfurnished,"Ogun State, Obafemi-Owode",Obafemi-Owode,Ogun State,diamond,"₦ 35,000,000"
"5bdrm Duplex in Police Service, Idu for sale",1200.0,Duplex,5.0,5.0,unfurnished,"Jiwa, Idu",Idu,Jiwa,enterprise,"₦ 120,000,000"
5bdrm Duplex in Guzape for sale,1000.0,Duplex,5.0,5.0,semi-furnished,"Abuja (FCT), Guzape District",Guzape District,Abuja (FCT),enterprise,"₦ 750,000,000"
Furnished 4bdrm Duplex in Abiola Farm Estate for sale,400.0,Duplex,4.0,5.0,furnished,"Ipaja, Ayobo",Ayobo,Ipaja,False,"₦ 185,000,000"
4bdrm Duplex in Yaba for sale,210.0,Duplex,4.0,4.0,semi-furnished,"Yaba, Sabo / Yaba",Sabo / Yaba,Yaba,enterprise,"₦ 290,000,000"
3bdrm Apartment in Off Toyin for sale,650.0,Apartment,3.0,3.0,semi-furnished,"Ikeja, Toyin Street",Toyin Street,Ikeja,enterprise,"₦ 210,000,000"
3bdrm Block of Flats in Omole Phase 2 for sale,428.0,Block of Flats,3.0,3.0,semi-furnished,"Ikeja, Omole Phase 2",Omole Phase 2,Ikeja,enterprise,"₦ 500,000,000"
"10bdrm Block of Flats in Balofem Properties &, Abeokuta South for sale",648.0,Block of Flats,10.0,10.0,semi-furnished,"Ogun State, Abeokuta South",Abeokuta South,Ogun State,diamond,"₦ 80,000,000"
5bdrm Duplex in Ikeja Gra for sale,220.0,Duplex,5.0,5.0,semi-furnished,"Ikeja, Ikeja GRA",Ikeja GRA,Ikeja,enterprise,"₦ 950,000,000"
"Furnished 6bdrm House in Balofem Properties &, Abeokuta South for sale",150.0,House,6.0,6.0,furnished,"Ogun State, Abeokuta South",Abeokuta South,Ogun State,diamond,"₦ 50,000,000"
"Furnished 4bdrm House in Balofem Properties &, Abeokuta South for sale",1000.0,House,4.0,5.0,furnished,"Ogun State, Abeokuta South",Abeokuta South,Ogun State,diamond,"₦ 120,000,000"
4bdrm Duplex in Opebi for sale,225.0,Duplex,4.0,4.0,semi-furnished,"Ikeja, Opebi",Opebi,Ikeja,enterprise,"₦ 450,000,000"
"Furnished 18bdrm Block of Flats in Balofem Properties &, Abeokuta South",700.0,Block of Flats,18.0,12.0,furnished,"Ogun State, Abeokuta South",Abeokuta South,Ogun State,diamond,"₦ 70,000,000"
"Furnished 6bdrm Block of Flats in Balofem Properties &, Abeokuta South",200.0,Block of Flats,6.0,6.0,furnished,"Ogun State, Abeokuta South",Abeokuta South,Ogun State,diamond,"₦ 50,000,000"
"Furnished 5bdrm Duplex in Balofem Properties &, Abeokuta South for sale",1000.0,Duplex,5.0,5.0,furnished,"Ogun State, Abeokuta South",Abeokuta South,Ogun State,diamond,"₦ 150,000,000"
3bdrm Duplex in Gbagada Phase1 for sale,225.0,Duplex,3.0,3.0,semi-furnished,"Gbagada, Phase 1 / Gbagada",Phase 1 / Gbagada,Gbagada,enterprise,"₦ 400,000,000"
3bdrm Apartment in Ikeja Gra for sale,850.0,Apartment,3.0,3.0,semi-furnished,"Ikeja, Ikeja GRA",Ikeja GRA,Ikeja,enterprise,"₦ 330,000,000"
"3bdrm Apartment in Ikeja, Adeniyi Jones for sale",650.0,Apartment,3.0,3.0,semi-furnished,"Ikeja, Adeniyi Jones",Adeniyi Jones,Ikeja,enterprise,"₦ 300,000,000"
5bdrm Duplex in Osapa London for sale,600.0,Duplex,5.0,5.0,semi-furnished,"Lekki, Osapa london",Osapa london,Lekki,enterprise,"₦ 1,500,000,000"
3bdrm Block of Flats in Mabushi for sale,350.0,Block of Flats,3.0,3.0,unfurnished,"Abuja (FCT), Mabushi",Mabushi,Abuja (FCT),diamond,"₦ 180,000,000"
"4bdrm Duplex in Magodo Phas1, GRA Phase 1 for sale",220.0,Duplex,4.0,4.0,semi-furnished,"Magodo, GRA Phase 1",GRA Phase 1,Magodo,enterprise,"₦ 280,000,000"
4bdrm Duplex in Magodo Gra Phase2 for sale,228.0,Duplex,4.0,4.0,semi-furnished,"Magodo, GRA Phase 2 Shangisha",GRA Phase 2 Shangisha,Magodo,enterprise,"₦ 550,000,000"
3bdrm Bungalow in Shimawa for sale,648.0,Bungalow,3.0,3.0,unfurnished,"Sagamu, Shimawa",Shimawa,Sagamu,enterprise,"₦ 7,000,000"
"4bdrm Duplex in Ocean Bay, Lekki Phase 2 for sale",500.0,Duplex,4.0,4.0,semi-furnished,"Lekki, Lekki Phase 2",Lekki Phase 2,Lekki,enterprise,"₦ 170,000,000"
3bdrm Block of Flats in Bariga for sale,600.0,Block of Flats,3.0,2.0,semi-furnished,"Shomolu, Bariga / Shomolu",Bariga / Shomolu,Shomolu,enterprise,"₦ 170,000,000"
5bdrm Duplex in Ikota for sale,320.0,Duplex,5.0,5.0,semi-furnished,"Lekki, Ikota",Ikota,Lekki,enterprise,"₦ 350,000,000"
11bdrm Block of Flats in Ikorodu Garage for sale,648.0,Block of Flats,11.0,11.0,semi-furnished,"Ikorodu, Ikorodu Garage",Ikorodu Garage,Ikorodu,enterprise,"₦ 170,000,000"
4bdrm Duplex in GRA Phase 1 for sale,600.0,Duplex,4.0,4.0,semi-furnished,"Magodo, GRA Phase 1",GRA Phase 1,Magodo,enterprise,"₦ 450,000,000"
Furnished 4bdrm Bungalow in Oluwalogbon Ayobo for sale,350.0,Bungalow,4.0,5.0,furnished,"Ipaja, Ayobo",Ayobo,Ipaja,False,"₦ 60,000,000"
6bdrm Duplex in Mabushi for sale,650.0,Duplex,6.0,8.0,unfurnished,"Abuja (FCT), Mabushi",Mabushi,Abuja (FCT),diamond,"₦ 1,200,000,000"
5bdrm Duplex in Magodo Phase 2 for sale,258.0,Duplex,5.0,5.0,semi-furnished,"Magodo, GRA Phase 2 Shangisha",GRA Phase 2 Shangisha,Magodo,enterprise,"₦ 450,000,000"
5bdrm Duplex in Omole Phase2 for sale,250.0,Duplex,5.0,5.0,semi-furnished,"Ikeja, Omole Phase 2",Omole Phase 2,Ikeja,enterprise,"₦ 580,000,000"
Furnished 2bdrm Duplex in Obio-Akpor for sale,465.0,Duplex,2.0,2.0,furnished,"Rivers State, Obio-Akpor",Obio-Akpor,Rivers State,enterprise,"₦ 85,000,000"
Furnished 3bdrm Bungalow in Apex Alagbado Lagos for sale,500.0,Bungalow,3.0,4.0,furnished,"Ifako-Ijaiye, Alagbado",Alagbado,Ifako-Ijaiye,False,"₦ 20,000,000"
"2bdrm Block of Flats in Abuja Property, Karsana for sale",250.0,Block of Flats,2.0,2.0,semi-furnished,"Gwagwa, Karsana",Karsana,Gwagwa,False,"₦ 49,000,000"
"3bdrm Apartment in Crystal Apartments, Kado for sale",2000.0,Apartment,3.0,4.0,semi-furnished,"Abuja (FCT), Kado",Kado,Abuja (FCT),enterprise,"₦ 140,000,000"
6bdrm Duplex in Guzape for sale,1500.0,Duplex,6.0,5.0,semi-furnished,"Abuja (FCT), Guzape District",Guzape District,Abuja (FCT),enterprise,"₦ 1,200,000,000"
"3bdrm Bungalow in Signature Hotel, Festac for sale",486.0,Bungalow,3.0,3.0,semi-furnished,"Amuwo-Odofin, Festac",Festac,Amuwo-Odofin,False,"₦ 60,000,000"
5bdrm Duplex in Lekki Phase1 for sale,300.0,Duplex,5.0,5.0,semi-furnished,"Lekki, Lekki Phase 1",Lekki Phase 1,Lekki,enterprise,"₦ 750,000,000"
4bdrm Duplex in Katampe Extension for Sale,2500.0,Duplex,4.0,5.0,semi-furnished,"Katampe, Katampe Extension",Katampe Extension,Katampe,enterprise,"₦ 1,500,000,000"
4bdrm Duplex in Apo Legislative Qtrs for sale,1300.0,Duplex,4.0,4.0,unfurnished,"Abuja (FCT), Apo District",Apo District,Abuja (FCT),enterprise,"₦ 1,800,000,000"
20bdrm Block of Flats in Baruwa Ipaja for sale,500.0,Block of Flats,20.0,20.0,semi-furnished,"Ipaja, Baruwa",Baruwa,Ipaja,False,"₦ 90,000,000"
"5bdrm Duplex in Lenzo Pacific, Pyakasa for sale",300.0,Duplex,5.0,4.0,unfurnished,"Abuja (FCT), Pyakasa",Pyakasa,Abuja (FCT),diamond,"₦ 120,000,000"
"4bdrm Duplex in Millennium, Millenuim/UPS for sale",295.0,Duplex,4.0,4.0,semi-furnished,"Gbagada, Millenuim/UPS",Millenuim/UPS,Gbagada,enterprise,"₦ 320,000,000"
3bdrm Block of Flats in Allen for sale,600.0,Block of Flats,3.0,3.0,unfurnished,"Ikeja, Allen Avenue",Allen Avenue,Ikeja,enterprise,"₦ 380,000,000"
2bdrm Apartment in Chevron for sale,600.0,Apartment,2.0,2.0,semi-furnished,"Lekki, Chevron",Chevron,Lekki,enterprise,"₦ 180,000,000"
4bdrm Block of Flats in Ilupeju Estate for sale,467.0,Block of Flats,4.0,4.0,semi-furnished,"Ilupeju, Ilupeju Industrial Estate",Ilupeju Industrial Estate,Ilupeju,enterprise,"₦ 500,000,000"
2bdrm Apartment in Lekki Phase 2 for sale,200.0,Apartment,2.0,3.0,semi-furnished,"Lekki, Lekki Phase 2",Lekki Phase 2,Lekki,enterprise,"₦ 100,000,000"
5bdrm Duplex in Ikota for sale,325.0,Duplex,5.0,5.0,semi-furnished,"Lekki, Ikota",Ikota,Lekki,enterprise,"₦ 500,000,000"
2bdrm Block of Flats in Ilupeju for sale,600.0,Block of Flats,2.0,2.0,semi-furnished,"Ilupeju, Ilupeju Industrial Estate",Ilupeju Industrial Estate,Ilupeju,enterprise,"₦ 850,000,000"
3bdrm Block of Flats in Opebi for sale,1294.0,Block of Flats,3.0,3.0,semi-furnished,"Ikeja, Opebi",Opebi,Ikeja,enterprise,"₦ 1,000,000,000"
3bdrm Duplex in Ikota for sale,220.0,Duplex,3.0,3.0,semi-furnished,"Lekki, Ikota",Ikota,Lekki,enterprise,"₦ 150,000,000"
2bdrm Apartment in Fadeyi for sale,600.0,Apartment,2.0,2.0,semi-furnished,"Shomolu, Fadeyi",Fadeyi,Shomolu,enterprise,"₦ 90,000,000"
4bdrm Duplex in Parkview for sale,285.0,Duplex,4.0,4.0,semi-furnished,"Ikoyi, Parkview Estate",Parkview Estate,Ikoyi,enterprise,"₦ 1,800,000,000"
"Furnished 4bdrm Duplex in Inside An, Abule Egba for sale",600.0,Duplex,4.0,4.0,furnished,"Lagos State, Abule Egba",Abule Egba,Lagos State,enterprise,"₦ 180,000,000"
2bdrm Apartment in Lekki Phase 1 for sale,200.0,Apartment,2.0,3.0,semi-furnished,"Lekki, Lekki Phase 1",Lekki Phase 1,Lekki,enterprise,"₦ 280,000,000"
"3bdrm Block of Flats in Off 69 Road, Gwarinpa for sale",1000.0,Block of Flats,3.0,4.0,semi-furnished,"Abuja (FCT), Gwarinpa",Gwarinpa,Abuja (FCT),enterprise,"₦ 330,000,000"
"5bdrm Duplex in Fairholme Gardens, Karsana for sale",500.0,Duplex,5.0,5.0,semi-furnished,"Gwagwa, Karsana",Karsana,Gwagwa,diamond,"₦ 270,000,000"
6bdrm Duplex in Ikeja Gra for sale,850.0,Duplex,6.0,6.0,semi-furnished,"Ikeja, Ikeja GRA",Ikeja GRA,Ikeja,enterprise,"₦ 3,500,000,000"
5bdrm Duplex in Orchid Lekki Lagos for sale,1000.0,Duplex,5.0,5.0,unfurnished,"Lekki, Lekki Expressway",Lekki Expressway,Lekki,enterprise,"₦ 450,000,000"
"2bdrm Block of Flats in Brains And Hammers, Life Camp for sale",1000.0,Block of Flats,2.0,2.0,unfurnished,"Gwarinpa, Life Camp",Life Camp,Gwarinpa,enterprise,"₦ 70,000,000"
2bdrm Apartment in Crown Estate for sale,250.0,Apartment,2.0,2.0,semi-furnished,"Ajah, Crown Estate",Crown Estate,Ajah,enterprise,"₦ 75,000,000"
Furnished 3bdrm Mansion in Ado-Odo/Ota for sale,120.0,Mansion,3.0,3.0,furnished,"Ogun State, Ado-Odo/Ota",Ado-Odo/Ota,Ogun State,False,"₦ 260,000,000"
3bdrm Apartment in Jahi Gmor for sale,1000.0,Apartment,3.0,4.0,unfurnished,"Abuja (FCT), Jahi",Jahi,Abuja (FCT),enterprise,"₦ 500,000,000"
"Furnished 3bdrm Block of Flats in Duslam Court, Abule Egba for sale",300.0,Block of Flats,3.0,2.0,furnished,"Lagos State, Abule Egba",Abule Egba,Lagos State,False,"₦ 95,000,000"
3bdrm Bungalow in Asbestos Area Before for sale,350.0,Bungalow,3.0,4.0,semi-furnished,"Ipaja, Ayobo",Ayobo,Ipaja,False,"₦ 13,000,000"
"4bdrm Duplex in Maryland, Mende for sale",220.0,Duplex,4.0,4.0,semi-furnished,"Maryland, Mende",Mende,Maryland,enterprise,"₦ 370,000,000"
4bdrm Duplex in Magodo Gra Phase 1 for sale,240.0,Duplex,4.0,4.0,semi-furnished,"Magodo, GRA Phase 1",GRA Phase 1,Magodo,enterprise,"₦ 320,000,000"
Furnished 4bdrm Duplex in Amadi-Ama for sale,465.0,Duplex,4.0,4.0,furnished,"Port-Harcourt, Amadi-Ama",Amadi-Ama,Port-Harcourt,enterprise,"₦ 380,000,000"
5bdrm Duplex in Osapa London for sale,455.0,Duplex,5.0,5.0,semi-furnished,"Lekki, Osapa london",Osapa london,Lekki,enterprise,"₦ 1,700,000,000"
"3bdrm Block of Flats in Surulere, Ijesha for sale",612.0,Block of Flats,3.0,3.0,semi-furnished,"Surulere, Ijesha",Ijesha,Surulere,enterprise,"₦ 580,000,000"
Semi Detached Duplex,,,4.0,5.0,furnished,"Katampe, Katampe Extension",Katampe Extension,Katampe,enterprise,"₦ 650,000,000"
4bdrm Duplex in Jahi for sale,500.0,Duplex,4.0,5.0,unfurnished,"Abuja (FCT), Jahi",Jahi,Abuja (FCT),enterprise,"₦ 125,000,000"
2bdrm Block of Flats in Dawaki By News for sale,1000.0,Block of Flats,2.0,2.0,unfurnished,"Gwarinpa, Dawaki",Dawaki,Gwarinpa,enterprise,"₦ 220,000,000"
2bdrm Maisonette in Lekki Phase 1 for sale,1000.0,Maisonette,2.0,2.0,unfurnished,"Lekki, Lekki Phase 1",Lekki Phase 1,Lekki,enterprise,"₦ 400,000,000"
"4bdrm Duplex in Ochacho Estate, Life Camp for sale",250.0,Duplex,4.0,4.0,unfurnished,"Gwarinpa, Life Camp",Life Camp,Gwarinpa,diamond,"₦ 190,000,000"
4bdrm Maisonette in Old Ikoyi for sale,590.0,Maisonette,4.0,4.0,semi-furnished,"Ikoyi, Old Ikoyi",Old Ikoyi,Ikoyi,enterprise,"₦ 1,790,000,000"
"8bdrm Block of Flats in Frank Obi, Ayobo for sale",668.0,Block of Flats,8.0,6.0,unfurnished,"Ipaja, Ayobo",Ayobo,Ipaja,False,"₦ 75,000,000"
2bdrm Apartment in Lekki Phase 1 for sale,1000.0,Apartment,2.0,2.0,unfurnished,"Lekki, Lekki Phase 1",Lekki Phase 1,Lekki,enterprise,"₦ 400,000,000"
"4bdrm Duplex in Olowora, Magodo Isheri for sale",225.0,Duplex,4.0,4.0,semi-furnished,"Ojodu, Magodo Isheri",Magodo Isheri,Ojodu,enterprise,"₦ 180,000,000"
2bdrm Apartment in Ekiti State for sale,670.0,Apartment,2.0,3.0,semi-furnished,Ekiti State,Ekiti State,,premium,"₦ 50,000,000"
5bdrm Duplex in Ogudu Gra for sale,225.0,Duplex,5.0,5.0,semi-furnished,"Ogudu, Ogudu GRA",Ogudu GRA,Ogudu,enterprise,"₦ 600,000,000"
3bdrm Apartment in Katampe Extension for sale,2000.0,Apartment,3.0,4.0,semi-furnished,"Katampe, Katampe Extension",Katampe Extension,Katampe,enterprise,"₦ 120,000,000"
3bdrm Apartment in Jahi for sale,1500.0,Apartment,3.0,4.0,semi-furnished,"Abuja (FCT), Jahi",Jahi,Abuja (FCT),enterprise,"₦ 120,000,000"
"4bdrm Bungalow in Ifesowapo Estate,, Alakia for sale",685.0,Bungalow,4.0,3.0,unfurnished,"Ibadan, Alakia",Alakia,Ibadan,enterprise,"₦ 39,500,000"
"4bdrm Duplex in Yaba, Tejuosho for sale",220.0,Duplex,4.0,4.0,semi-furnished,"Yaba, Tejuosho",Tejuosho,Yaba,enterprise,"₦ 220,000,000"
4bdrm Duplex in Ilupeju Estate for sale,258.0,Duplex,4.0,4.0,semi-furnished,"Ilupeju, Ilupeju Industrial Estate",Ilupeju Industrial Estate,Ilupeju,enterprise,"₦ 400,000,000"
4bdrm Bungalow in Eleko for sale,300.0,Bungalow,4.0,4.0,unfurnished,"Ibeju, Eleko",Eleko,Ibeju,premium,"₦ 70,000,000"
"Furnished 8bdrm Block of Flats in Ikola Lagos State, Ipaja / Ipaja",600.0,Block of Flats,8.0,20.0,furnished,"Ipaja, Ipaja / Ipaja",Ipaja / Ipaja,Ipaja,False,"₦ 170,000,000"
"Furnished 4bdrm Duplex in Military Estate, Ibadan for sale",808.0,Duplex,4.0,5.0,furnished,"Oyo State, Ibadan",Ibadan,Oyo State,False,"₦ 350,000,000"
2bdrm Block of Flats in Ilupeju Estate for sale,630.0,Block of Flats,2.0,2.0,semi-furnished,"Ilupeju, Ilupeju Industrial Estate",Ilupeju Industrial Estate,Ilupeju,enterprise,"₦ 700,000,000"
5bdrm Duplex in Secured Estate for sale,300.0,Duplex,5.0,6.0,semi-furnished,"Egbe/Idimu, Isheri / Egbe Idimu",Isheri / Egbe Idimu,Egbe/Idimu,enterprise,"₦ 180,000,000"
4bdrm Duplex in Ilupeju Estate for sale,245.0,Duplex,4.0,4.0,semi-furnished,"Ilupeju, Ilupeju Industrial Estate",Ilupeju Industrial Estate,Ilupeju,enterprise,"₦ 450,000,000"
5bdrm Duplex in Isokan Estate Agric for sale,600.0,Duplex,5.0,5.0,semi-furnished,"Ikorodu, Agric",Agric,Ikorodu,enterprise,"₦ 160,000,000"
5bdrm Duplex in Ogudu Gra for sale,250.0,Duplex,5.0,5.0,semi-furnished,"Ogudu, Ogudu GRA",Ogudu GRA,Ogudu,enterprise,"₦ 530,000,000"
2bdrm Apartment in Ogba Gra for sale,650.0,Apartment,2.0,2.0,semi-furnished,"Ogba, Ogba GRA",Ogba GRA,Ogba,enterprise,"₦ 160,000,000"
"Furnished 20bdrm Mansion in Ajoa Estate, Isolo for sale",1858.0,Mansion,20.0,20.0,furnished,"Lagos State, Isolo",Isolo,Lagos State,False,"₦ 1,500,000,000"
"4bdrm Duplex in Orchid Estate, Lekki Phase 1 for sale",600.0,Duplex,4.0,4.0,unfurnished,"Lekki, Lekki Phase 1",Lekki Phase 1,Lekki,enterprise,"₦ 145,000,000"
2bdrm Block of Flats in Ikotun for sale,550.0,Block of Flats,2.0,2.0,semi-furnished,"Ikotun/Igando, Ikotun / Ikotun/Igando",Ikotun / Ikotun/Igando,Ikotun/Igando,enterprise,"₦ 390,000,000"
6bdrm Duplex in Old Ikoyi for sale,312.0,Duplex,6.0,6.0,semi-furnished,"Ikoyi, Old Ikoyi",Old Ikoyi,Ikoyi,enterprise,"₦ 3,000,000,000"
3bdrm Block of Flats in Allen for sale,460.0,Block of Flats,3.0,3.0,semi-furnished,"Ikeja, Allen Avenue",Allen Avenue,Ikeja,enterprise,"₦ 500,000,000"
"3bdrm Apartment in Gbagada, Pedro for sale",600.0,Apartment,3.0,3.0,semi-furnished,"Gbagada, Pedro",Pedro,Gbagada,enterprise,"₦ 170,000,000"
"3bdrm Bungalow in Blue View Garden, Agbado for sale",500.0,Bungalow,3.0,3.0,unfurnished,"Ifako-Ijaiye, Agbado",Agbado,Ifako-Ijaiye,False,"₦ 60,000,000"
4bdrm Bungalow in Ikorodu for sale,60.0,Bungalow,4.0,4.0,semi-furnished,"Lagos State, Ikorodu",Ikorodu,Lagos State,False,"₦ 48,000,000"
4bdrm Maisonette in Ilupeju Estate for sale,680.0,Maisonette,4.0,4.0,semi-furnished,"Ilupeju, Ilupeju Industrial Estate",Ilupeju Industrial Estate,Ilupeju,enterprise,"₦ 280,000,000"
"3bdrm Bungalow in Queens Park Estate, Obafemi-Owode for sale",250.0,Bungalow,3.0,3.0,unfurnished,"Ogun State, Obafemi-Owode",Obafemi-Owode,Ogun State,False,"₦ 42,500,000"
4bdrm Duplex in Harris Drive By Vgc for sale,1000.0,Duplex,4.0,4.0,unfurnished,"Ajah, VGC / Ajah",VGC / Ajah,Ajah,enterprise,"₦ 200,000,000"
"1bdrm House in Freedom Avenue, Dutse-Alhaji for sale",150.0,House,1.0,1.0,semi-furnished,"Abuja (FCT), Dutse-Alhaji",Dutse-Alhaji,Abuja (FCT),False,"₦ 16,000,000"
6bdrm Penthouse in Pinnock Beach Estate for sale,1000.0,Penthouse,6.0,6.0,unfurnished,"Lekki, Osapa london",Osapa london,Lekki,enterprise,"₦ 2,200,000,000"
"3bdrm Bungalow in Happy Home Estate, Ayetoro for sale",648.0,Bungalow,3.0,3.0,unfurnished,"Ogun State, Ayetoro",Ayetoro,Ogun State,False,"₦ 17,000,000"
5bdrm Duplex in Banana Island Ikoyi for sale,1000.0,Duplex,5.0,5.0,unfurnished,"Ikoyi, Banana Island",Banana Island,Ikoyi,enterprise,"₦ 5,000,000,000"
3bdrm Block of Flats in Ayobo for sale,600.0,Block of Flats,3.0,3.0,unfurnished,"Ipaja, Ayobo",Ayobo,Ipaja,enterprise,"₦ 50,000,000"
4bdrm Duplex in Maryland Estate for sale,500.0,Duplex,4.0,4.0,unfurnished,"Maryland, LSDPC Maryland Estate",LSDPC Maryland Estate,Maryland,enterprise,"₦ 550,000,000"
4bdrm Duplex in Adeniyi Estate for sale,500.0,Duplex,4.0,4.0,unfurnished,"Maryland, LSDPC Maryland Estate",LSDPC Maryland Estate,Maryland,enterprise,"₦ 450,000,000"
4bdrm Duplex in Maryland for sale,500.0,Duplex,4.0,4.0,semi-furnished,"Maryland, LSDPC Maryland Estate",LSDPC Maryland Estate,Maryland,enterprise,"₦ 380,000,000"
3bdrm Apartment in Ikeja GRA for sale,500.0,Apartment,3.0,3.0,semi-furnished,"Ikeja, Ikeja GRA",Ikeja GRA,Ikeja,enterprise,"₦ 600,000,000"
"Furnished 7bdrm Duplex in Gowon Estate,, Egbeda for sale",500.0,Duplex,7.0,7.0,furnished,"Alimosho, Egbeda",Egbeda,Alimosho,enterprise,"₦ 400,000,000"
"Furnished 5bdrm Duplex in Gowon Estate Egbeda, for sale",400.0,Duplex,5.0,5.0,furnished,"Alimosho, Egbeda",Egbeda,Alimosho,enterprise,"₦ 260,000,000"
3bdrm Bungalow in Isheri / Egbe Idimu for sale,400.0,Bungalow,3.0,3.0,semi-furnished,"Egbe/Idimu, Isheri / Egbe Idimu",Isheri / Egbe Idimu,Egbe/Idimu,enterprise,"₦ 85,000,000"
"Furnished 5bdrm Duplex in Amazing Grace Estate, New Oko Oba for sale",400.0,Duplex,5.0,5.0,furnished,"Agege, New Oko Oba",New Oko Oba,Agege,False,"₦ 320,000,000"
"Furnished 6bdrm Duplex in Gowon Estate, Egbeda / Egbeda for sale",500.0,Duplex,6.0,6.0,furnished,"Egbeda, Egbeda / Egbeda",Egbeda / Egbeda,Egbeda,enterprise,"₦ 550,000,000"
"3bdrm Block of Flats in Unity Estate, Egbeda for sale",660.0,Block of Flats,3.0,3.0,semi-furnished,"Alimosho, Egbeda",Egbeda,Alimosho,enterprise,"₦ 185,000,000"
"4bdrm Duplex in Gowon Estate Egbeda, for sale",300.0,Duplex,4.0,4.0,unfurnished,"Egbeda, Egbeda / Egbeda",Egbeda / Egbeda,Egbeda,enterprise,"₦ 160,000,000"
"3bdrm Block of Flats in Governors Road, Egbeda / Egbeda for sale",650.0,Block of Flats,3.0,3.0,semi-furnished,"Egbeda, Egbeda / Egbeda",Egbeda / Egbeda,Egbeda,enterprise,"₦ 110,000,000"
"Furnished 4bdrm Duplex in Kay Farm  Estate, for sale",400.0,Duplex,4.0,4.0,furnished,"Ogba, Ifako-Ogba",Ifako-Ogba,Ogba,enterprise,"₦ 260,000,000"
"Furnished 3bdrm Bungalow in Diamond Estate,, Isheri / Egbe Idimu",400.0,Bungalow,3.0,3.0,furnished,"Egbe/Idimu, Isheri / Egbe Idimu",Isheri / Egbe Idimu,Egbe/Idimu,enterprise,"₦ 95,000,000"
6bdrm Block of Flats in Baruwa for sale,600.0,Block of Flats,6.0,6.0,unfurnished,"Ipaja, Baruwa",Baruwa,Ipaja,enterprise,"₦ 100,000,000"
"6bdrm Block of Flats in Unity Es, Egbeda / Egbeda for sale",900.0,Block of Flats,6.0,6.0,unfurnished,"Egbeda, Egbeda / Egbeda",Egbeda / Egbeda,Egbeda,enterprise,"₦ 250,000,000"
6bdrm Duplex in Ipaja / Ipaja for sale,600.0,Duplex,6.0,6.0,unfurnished,"Ipaja, Ipaja / Ipaja",Ipaja / Ipaja,Ipaja,enterprise,"₦ 130,000,000"
4bdrm Bungalow in Ado Otta for sale,900.0,Bungalow,4.0,4.0,unfurnished,"Ogun State, Ado-Odo/Ota",Ado-Odo/Ota,Ogun State,enterprise,"₦ 17,000,000"
4bdrm Block of Flats in Olorunshola Ayobo for sale,668.0,Block of Flats,4.0,4.0,unfurnished,"Ipaja, Ayobo",Ayobo,Ipaja,False,"₦ 30,000,000"
6bdrm Duplex in Ikeja for sale,600.0,Duplex,6.0,6.0,unfurnished,"Ikeja, Ikeja GRA",Ikeja GRA,Ikeja,enterprise,"₦ 1,200,000,000"
5bdrm Duplex in Ikotun / Ikotun/Igando for sale,600.0,Duplex,5.0,5.0,unfurnished,"Ikotun/Igando, Ikotun / Ikotun/Igando",Ikotun / Ikotun/Igando,Ikotun/Igando,enterprise,"₦ 150,000,000"
6bdrm Block of Flats in Ipaja / Ipaja for sale,1200.0,Block of Flats,6.0,6.0,unfurnished,"Ipaja, Ipaja / Ipaja",Ipaja / Ipaja,Ipaja,enterprise,"₦ 300,000,000"
4bdrm Block of Flats in Ipaja / Ipaja for sale,600.0,Block of Flats,4.0,4.0,unfurnished,"Ipaja, Ipaja / Ipaja",Ipaja / Ipaja,Ipaja,enterprise,"₦ 130,000,000"
"2bdrm House in Olopometa, Apata for sale",500.0,House,2.0,3.0,unfurnished,"Ibadan, Apata",Apata,Ibadan,False,"₦ 38,000,000"
"9bdrm Duplex in Green Land Estate, Iseri Olofin for sale",1220.0,Duplex,9.0,9.0,semi-furnished,"Alimosho, Iseri Olofin",Iseri Olofin,Alimosho,enterprise,"₦ 220,000,000"
"6bdrm Duplex in Unity Estate, Egbeda for sale",600.0,Duplex,6.0,6.0,semi-furnished,"Alimosho, Egbeda",Egbeda,Alimosho,enterprise,"₦ 200,000,000"
Furnished 5bdrm Duplex in Estate Beside for sale,330.0,Duplex,5.0,5.0,furnished,"Ipaja, Ayobo",Ayobo,Ipaja,enterprise,"₦ 165,000,000"
Furnished 5bdrm Duplex in An Estate In Ikeja for sale,400.0,Duplex,5.0,5.0,furnished,"Ikeja, Ikeja GRA",Ikeja GRA,Ikeja,enterprise,"₦ 1,100,000,000"
"5bdrm Duplex in Pennisula Garden, Sangotedo for sale",500.0,Duplex,5.0,6.0,semi-furnished,"Ajah, Sangotedo",Sangotedo,Ajah,False,"₦ 350,000,000"
6bdrm Duplex in Estate In Ikeja Gra for sale,500.0,Duplex,6.0,6.0,unfurnished,"Ikeja, Ikeja GRA",Ikeja GRA,Ikeja,enterprise,"₦ 2,500,000,000"
4bdrm Duplex in Adeniyi Jones Axis for sale,400.0,Duplex,4.0,4.0,unfurnished,"Ikeja, Adeniyi Jones",Adeniyi Jones,Ikeja,enterprise,"₦ 430,000,000"
"3bdrm Bungalow in Estate In Mowe Axis, Shimawa for sale",300.0,Bungalow,3.0,3.0,unfurnished,"Sagamu, Shimawa",Shimawa,Sagamu,enterprise,"₦ 65,000,000"
12bdrm Block of Flats in Baruwa for sale,600.0,Block of Flats,12.0,12.0,unfurnished,"Ipaja, Baruwa",Baruwa,Ipaja,enterprise,"₦ 150,000,000"
"8bdrm Block of Flats in Peace Estate, Baruwa for sale",600.0,Block of Flats,8.0,8.0,unfurnished,"Ipaja, Baruwa",Baruwa,Ipaja,enterprise,"₦ 165,000,000"
20bdrm Mansion in Baruwa for sale,900.0,Mansion,20.0,20.0,unfurnished,"Ipaja, Baruwa",Baruwa,Ipaja,enterprise,"₦ 500,000,000"
20bdrm Mansion in Apapa Road for sale,900.0,Mansion,20.0,20.0,unfurnished,"Apapa, Apapa Road",Apapa Road,Apapa,enterprise,"₦ 8,000,000,000"
4bdrm Duplex in Abesan Estate for sale,600.0,Duplex,4.0,4.0,semi-furnished,"Ipaja, Abesan",Abesan,Ipaja,enterprise,"₦ 145,000,000"
"4bdrm Duplex in Gowon Estate, Egbeda for sale",500.0,Duplex,4.0,4.0,semi-furnished,"Alimosho, Egbeda",Egbeda,Alimosho,enterprise,"₦ 250,000,000"
"4bdrm Block of Flats in Unity Estate, Egbeda for sale",600.0,Block of Flats,4.0,4.0,unfurnished,"Alimosho, Egbeda",Egbeda,Alimosho,enterprise,"₦ 250,000,000"
"12bdrm Block of Flats in Abiola Farm Estate, Ayobo for sale",600.0,Block of Flats,12.0,12.0,unfurnished,"Ipaja, Ayobo",Ayobo,Ipaja,enterprise,"₦ 130,000,000"
"Mini Flat in Harmony Estate, Ogudu GRA for sale",600.0,,4.0,4.0,unfurnished,"Ogudu, Ogudu GRA",Ogudu GRA,Ogudu,enterprise,"₦ 85,000,000"
"4bdrm Duplex in Sparlite Estate, Mangoro for sale",500.0,Duplex,4.0,4.0,semi-furnished,"Ikeja, Mangoro",Mangoro,Ikeja,enterprise,"₦ 80,000,000"
6bdrm Duplex in Banana Island Ikoyi for sale,1000.0,Duplex,6.0,6.0,unfurnished,"Ikoyi, Banana Island",Banana Island,Ikoyi,enterprise,"₦ 5,500,000,000"
Furnished 7bdrm Duplex in Ikeja-Gra for sale,650.0,Duplex,7.0,7.0,furnished,"Ikeja, Ikeja GRA",Ikeja GRA,Ikeja,enterprise,"₦ 25,000,000,000"
Furnished 7bdrm Duplex in Gra Ikeja for sale,580.0,Duplex,7.0,7.0,furnished,"Ikeja, Ikeja GRA",Ikeja GRA,Ikeja,enterprise,"₦ 2,000,000,000"
8bdrm Duplex in Ikeja Gra for sale,1400.0,Duplex,8.0,8.0,semi-furnished,"Ikeja, Ikeja GRA",Ikeja GRA,Ikeja,enterprise,"₦ 4,500,000,000"
"4bdrm Duplex in Royal Castle Estate, Cement for sale",300.0,Duplex,4.0,5.0,unfurnished,"Agege, Cement",Cement,Agege,enterprise,"₦ 300,000,000"
5bdrm Duplex in Warri Delta State for sale,900.0,Duplex,5.0,6.0,unfurnished,"Delta State, Warri",Warri,Delta State,enterprise,"₦ 260,000,000"
4bdrm Block of Flats in Ijegun for sale,600.0,Block of Flats,4.0,4.0,unfurnished,"Ikotun/Igando, Ijegun",Ijegun,Ikotun/Igando,enterprise,"₦ 110,000,000"
5bdrm Duplex in Ayobo for sale,600.0,Duplex,5.0,5.0,unfurnished,"Ipaja, Ayobo",Ayobo,Ipaja,enterprise,"₦ 130,000,000"
5bdrm Duplex in Magodo Gra for sale,500.0,Duplex,5.0,5.0,unfurnished,"Magodo, GRA Phase 1",GRA Phase 1,Magodo,enterprise,"₦ 280,000,000"
3bdrm Block of Flats in Baruwa Ipaja for sale,775.0,Block of Flats,3.0,3.0,unfurnished,"Ipaja, Ipaja Road",Ipaja Road,Ipaja,enterprise,"₦ 110,000,000"
6bdrm Block of Flats in Silver Estate Idimu for sale,650.0,Block of Flats,6.0,3.0,semi-furnished,"Egbe/Idimu, Idimu",Idimu,Egbe/Idimu,enterprise,"₦ 180,000,000"
5bdrm Duplex in Orchid Lekki Lagos for sale,1000.0,Duplex,5.0,5.0,unfurnished,"Lekki, Lekki Expressway",Lekki Expressway,Lekki,enterprise,"₦ 370,000,000"
5bdrm Duplex in Ayobo Ipaja for sale,600.0,Duplex,5.0,5.0,semi-furnished,"Ipaja, Ayobo",Ayobo,Ipaja,enterprise,"₦ 120,000,000"
"4bdrm Block of Flats in Gemade Estate, Egbeda for sale",600.0,Block of Flats,4.0,4.0,semi-furnished,"Alimosho, Egbeda",Egbeda,Alimosho,enterprise,"₦ 340,000,000"
4bdrm Duplex in Guzape By Fha Abuja for sale,400.0,Duplex,4.0,5.0,semi-furnished,"Abuja (FCT), Guzape District",Guzape District,Abuja (FCT),enterprise,"₦ 500,000,000"
4bdrm Block of Flats in Benin City for sale,600.0,Block of Flats,4.0,4.0,unfurnished,"Edo State, Benin City",Benin City,Edo State,enterprise,"₦ 95,000,000"
"7bdrm Duplex in Peace Estate, Baruwa for sale",600.0,Duplex,7.0,7.0,unfurnished,"Ipaja, Baruwa",Baruwa,Ipaja,enterprise,"₦ 180,000,000"
5bdrm Duplex in Gra Ikeja for sale,500.0,Duplex,5.0,5.0,unfurnished,"Ikeja, Ikeja GRA",Ikeja GRA,Ikeja,enterprise,"₦ 700,000,000"
4bdrm Block of Flats in Gowon Estate Egbeda for sale,900.0,Block of Flats,4.0,4.0,unfurnished,"Alimosho, Egbeda",Egbeda,Alimosho,enterprise,"₦ 150,000,000"
5bdrm Duplex in Ikotun for sale,300.0,Duplex,5.0,5.0,unfurnished,"Ikotun/Igando, Ikotun / Ikotun/Igando",Ikotun / Ikotun/Igando,Ikotun/Igando,enterprise,"₦ 140,000,000"
Furnished 6bdrm Duplex in Gra Ikeja for sale,1200.0,Duplex,6.0,6.0,furnished,"Ikeja, Ikeja GRA",Ikeja GRA,Ikeja,enterprise,"₦ 1,100,000,000"
6bdrm Duplex in Omole Phase 1 for sale,600.0,Duplex,6.0,6.0,unfurnished,"Ikeja, Omole Phase 1",Omole Phase 1,Ikeja,enterprise,"₦ 700,000,000"
4bdrm Block of Flats in Idimu for sale,600.0,Block of Flats,4.0,4.0,unfurnished,"Egbe/Idimu, Idimu",Idimu,Egbe/Idimu,enterprise,"₦ 140,000,000"
"3bdrm Bungalow in Diamond Estate, Idimu for sale",600.0,Bungalow,3.0,3.0,unfurnished,"Egbe/Idimu, Idimu",Idimu,Egbe/Idimu,enterprise,"₦ 120,000,000"
5bdrm Duplex in Ikeja for sale,500.0,Duplex,5.0,5.0,unfurnished,"Ikeja, Ikeja GRA",Ikeja GRA,Ikeja,enterprise,"₦ 350,000,000"
5bdrm Duplex in Baruwa for sale,600.0,Duplex,5.0,5.0,unfurnished,"Ipaja, Baruwa",Baruwa,Ipaja,enterprise,"₦ 135,000,000"
4bdrm Block of Flats in Progress  Estate for sale,250.0,Block of Flats,4.0,4.0,semi-furnished,"Ipaja, Baruwa",Baruwa,Ipaja,enterprise,"₦ 70,000,000"
4bdrm Block of Flats in Ijegun Ikotun for sale,650.0,Block of Flats,4.0,3.0,semi-furnished,"Ikotun/Igando, Ijegun",Ijegun,Ikotun/Igando,enterprise,"₦ 150,000,000"
"2bdrm Block of Flats in Isolo, Ago Palace for sale",300.0,Block of Flats,2.0,2.0,unfurnished,"Isolo, Ago Palace",Ago Palace,Isolo,enterprise,"₦ 140,000,000"
"6bdrm Block of Flats in Liverpool, Estate for sale",650.0,Block of Flats,6.0,6.0,unfurnished,"Amuwo-Odofin, Satellite Town",Satellite Town,Amuwo-Odofin,enterprise,"₦ 150,000,000"
"4bdrm Bungalow in Oke-Abata, Ilora for sale",300.0,Bungalow,4.0,4.0,unfurnished,"Afijio, Ilora",Ilora,Afijio,enterprise,"₦ 7,500,000"
"Furnished 4bdrm Duplex in Royal Castle, Cement for sale",300.0,Duplex,4.0,4.0,furnished,"Agege, Cement",Cement,Agege,enterprise,"₦ 260,000,000"
4bdrm Bungalow in Benin City for sale,650.0,Bungalow,4.0,4.0,unfurnished,"Edo State, Benin City",Benin City,Edo State,False,"₦ 45,000,000"
6bdrm Bungalow in Agric for sale,648.0,Bungalow,6.0,8.0,unfurnished,"Ikorodu, Agric",Agric,Ikorodu,False,"₦ 55,000,000"
3bdrm Apartment in Abule-Oja for sale,250.0,Apartment,3.0,3.0,unfurnished,"Yaba, Abule-Oja",Abule-Oja,Yaba,False,"₦ 250,000,000"
3bdrm Apartment in Allen Avenue for sale,280.0,Apartment,3.0,3.0,unfurnished,"Ikeja, Allen Avenue",Allen Avenue,Ikeja,False,"₦ 300,000,000"
4bdrm Penthouse in Shonibare Estate for sale,350.0,Penthouse,4.0,4.0,unfurnished,"Maryland, Shonibare Estate",Shonibare Estate,Maryland,False,"₦ 850,000,000"
4bdrm Duplex in Lekki Phase 1 Lekki for sale,300.0,Duplex,4.0,5.0,unfurnished,"Lekki, Lekki Phase 1",Lekki Phase 1,Lekki,False,"₦ 1,300,000,000"
2bdrm Duplex in Lekki for sale,300.0,Duplex,2.0,3.0,unfurnished,"Lagos State, Lekki",Lekki,Lagos State,False,"₦ 130,000,000"
"Furnished 5bdrm Duplex in In Secured 24Hrs, Chevron for sale",300.0,Duplex,5.0,5.0,furnished,"Lekki, Chevron",Chevron,Lekki,vip_gold,"₦ 550,000,000"
Furnished 4bdrm Duplex in Magodo  Phase 1  G.R for sale,300.0,Duplex,4.0,4.0,furnished,"Magodo, GRA Phase 1",GRA Phase 1,Magodo,enterprise,"₦ 350,000,000"
5bdrm Duplex in Lekki Palms City for sale,302.0,Duplex,5.0,6.0,unfurnished,"Ajah, Off Lekki-Epe Expressway",Off Lekki-Epe Expressway,Ajah,False,"₦ 230,000,000"
6bdrm Duplex in Asokoro Diplomatic for sale,800.0,Duplex,6.0,7.0,semi-furnished,"Abuja (FCT), Asokoro",Asokoro,Abuja (FCT),enterprise,"₦ 1,300,000,000"
5bdrm Duplex in Asokoro Main Abuja for sale,700.0,Duplex,5.0,6.0,semi-furnished,"Abuja (FCT), Asokoro",Asokoro,Abuja (FCT),enterprise,"₦ 950,000,000"
5bdrm Duplex in Guzape Main Abuja for sale,450.0,Duplex,5.0,6.0,semi-furnished,"Abuja (FCT), Guzape District",Guzape District,Abuja (FCT),enterprise,"₦ 550,000,000"
5bdrm Duplex in Guzape Main Abuja for sale,500.0,Duplex,5.0,6.0,semi-furnished,"Abuja (FCT), Guzape District",Guzape District,Abuja (FCT),enterprise,"₦ 807,500,000"
"3bdrm Bungalow in Abuja, Ikorodu for sale",300.0,Bungalow,3.0,3.0,unfurnished,"Lagos State, Ikorodu",Ikorodu,Lagos State,False,"₦ 30,000,000"
5bdrm Duplex in Guzape Main Abuja for sale,500.0,Duplex,5.0,6.0,semi-furnished,"Abuja (FCT), Guzape District",Guzape District,Abuja (FCT),enterprise,"₦ 760,000,000"
"5bdrm Duplex in Idado Estate, Lekki for sale",350.0,Duplex,5.0,5.0,semi-furnished,"Lekki, Lekki Phase 1",Lekki Phase 1,Lekki,enterprise,"₦ 250,000,000"
"Furnished 4bdrm Bungalow in Mbaji Close, Osisioma Ngwa for sale",600.0,Bungalow,4.0,1.0,furnished,"Abia State, Osisioma Ngwa",Osisioma Ngwa,Abia State,False,"₦ 60,000,000"
5bdrm Duplex in Apo Resettlement for sale,600.0,Duplex,5.0,6.0,semi-furnished,"Apo District, Apo Resettlement",Apo Resettlement,Apo District,enterprise,"₦ 665,000,000"
"3bdrm Block of Flats in Igbe Road, Igbogbo for sale",668.0,Block of Flats,3.0,3.0,unfurnished,"Ikorodu, Igbogbo",Igbogbo,Ikorodu,False,"₦ 27,000,000"
4bdrm Duplex in Guzape Main Abuja for sale,600.0,Duplex,4.0,5.0,semi-furnished,"Abuja (FCT), Guzape District",Guzape District,Abuja (FCT),enterprise,"₦ 650,000,000"
5bdrm Duplex in Guzape Main Abuja for sale,500.0,Duplex,5.0,6.0,unfurnished,"Abuja (FCT), Guzape District",Guzape District,Abuja (FCT),enterprise,"₦ 350,000,000"
Furnished 3bdrm Apartment in Secure Gated for sale,1200.0,Apartment,3.0,4.0,furnished,"Surulere, Kilo",Kilo,Surulere,False,"₦ 112,000,000"
"3bdrm Bungalow in Ekerin, Ologuneru for sale",500.0,Bungalow,3.0,3.0,unfurnished,"Ibadan, Ologuneru",Ologuneru,Ibadan,enterprise,"₦ 22,000,000"
3bdrm Apartment in Wuye Abuja for sale,2500.0,Apartment,3.0,3.0,unfurnished,"Abuja (FCT), Wuye",Wuye,Abuja (FCT),enterprise,"₦ 180,000,000"
"2bdrm Block of Flats in Aquamarine Estate, Apo Resettlement for sale",280.0,Block of Flats,2.0,2.0,semi-furnished,"Apo District, Apo Resettlement",Apo Resettlement,Apo District,False,"₦ 95,000,000"
2bdrm Bungalow in Kpeyegyi for sale,300.0,Bungalow,2.0,3.0,unfurnished,"Abuja (FCT), Kpeyegyi",Kpeyegyi,Abuja (FCT),False,"₦ 22,000,000"
"6bdrm House in Cognipato, Agbara-Igbesan for sale",4000.0,House,6.0,6.0,unfurnished,"Lagos State, Agbara-Igbesan",Agbara-Igbesan,Lagos State,False,"₦ 48,500,000"
"7bdrm Duplex in Efab Metropolis, Karsana for sale",1200.0,Duplex,7.0,8.0,semi-furnished,"Gwagwa, Karsana",Karsana,Gwagwa,enterprise,"₦ 522,500,000"
5bdrm Duplex in Guzape Abuja for sale,500.0,Duplex,5.0,5.0,unfurnished,"Abuja (FCT), Guzape District",Guzape District,Abuja (FCT),enterprise,"₦ 350,000,000"
"Furnished 4bdrm Bungalow in Ay Luxury Bungalow, Igando-Oloja for sale",300.0,Bungalow,4.0,5.0,furnished,"Ibeju, Igando-Oloja",Igando-Oloja,Ibeju,False,"₦ 70,000,000"
"Furnished 2bdrm Maisonette in Luxury, Lekki Phase 1 for sale",1000.0,Maisonette,2.0,2.0,furnished,"Lekki, Lekki Phase 1",Lekki Phase 1,Lekki,vip_gold,"₦ 230,000,000"
5bdrm Duplex in Jahi Gilmore for sale,1200.0,Duplex,5.0,5.0,unfurnished,"Abuja (FCT), Jahi",Jahi,Abuja (FCT),vip,"₦ 750,000,000"
5bdrm Duplex in Lekki Expressway for sale,234.0,Duplex,5.0,5.0,unfurnished,"Lekki, Lekki Expressway",Lekki Expressway,Lekki,diamond,"₦ 750,000,000"
5bdrm Duplex in Ikate for sale,123.0,Duplex,5.0,5.0,unfurnished,"Lekki, Ikate",Ikate,Lekki,diamond,"₦ 700,000,000"
4bdrm Duplex in Lekki Phase 1 for sale,123.0,Duplex,4.0,4.0,unfurnished,"Lekki, Lekki Phase 1",Lekki Phase 1,Lekki,diamond,"₦ 650,000,000"
3bdrm Block of Flats in Lekki Phase 1 for sale,260.0,Block of Flats,3.0,3.0,unfurnished,"Lekki, Lekki Phase 1",Lekki Phase 1,Lekki,diamond,"₦ 350,000,000"
5bdrm Duplex in Chevron for sale,250.0,Duplex,5.0,5.0,unfurnished,"Lekki, Chevron",Chevron,Lekki,diamond,"₦ 480,000,000"
5bdrm Duplex in Lekki Expressway for sale,1250.0,Duplex,5.0,5.0,unfurnished,"Lekki, Lekki Expressway",Lekki Expressway,Lekki,diamond,"₦ 350,000,000"
4bdrm Duplex in Vgc Lekki Lagos for sale,150.0,Duplex,4.0,5.0,semi-furnished,"Lekki, Lekki Expressway",Lekki Expressway,Lekki,diamond,"₦ 550,000,000"
"Furnished 1bdrm Apartment in Luxe, Lekki Phase 1 for sale",1000.0,Apartment,1.0,1.0,furnished,"Lekki, Lekki Phase 1",Lekki Phase 1,Lekki,vip_gold,"₦ 150,000,000"
3bdrm House in Apo Global Estate for sale,100.0,House,3.0,4.0,semi-furnished,"Apo District, Apo Resettlement",Apo Resettlement,Apo District,False,"₦ 30,000,000"
3bdrm Apartment in Lekki Phase 1 for sale,200.0,Apartment,3.0,3.0,unfurnished,"Lekki, Lekki Phase 1",Lekki Phase 1,Lekki,diamond,"₦ 290,000,000"
3bdrm House in Benin City for sale,465.0,House,3.0,3.0,unfurnished,"Edo State, Benin City",Benin City,Edo State,diamond,"₦ 9,500,000"
4bdrm Duplex in Gaduwa for sale,350.0,Duplex,4.0,4.0,semi-furnished,"Abuja (FCT), Gaduwa",Gaduwa,Abuja (FCT),diamond,"₦ 300,000,000"
3bdrm Apartment in Ikate for sale,123.0,Apartment,3.0,3.0,semi-furnished,"Lekki, Ikate",Ikate,Lekki,diamond,"₦ 350,000,000"
5bdrm Duplex in Jabi for sale,450.0,Duplex,5.0,5.0,unfurnished,"Abuja (FCT), Jabi",Jabi,Abuja (FCT),diamond,"₦ 900,000,000"
5bdrm Duplex in Off Lekki-Epe Expressway for sale,500.0,Duplex,5.0,5.0,unfurnished,"Ajah, Off Lekki-Epe Expressway",Off Lekki-Epe Expressway,Ajah,enterprise,"₦ 350,000,000"
5bdrm Duplex in Lekki for sale,350.0,Duplex,5.0,5.0,unfurnished,"Lagos State, Lekki",Lekki,Lagos State,enterprise,"₦ 400,000,000"
5bdrm Duplex in Ikota for sale,350.0,Duplex,5.0,5.0,unfurnished,"Lekki, Ikota",Ikota,Lekki,enterprise,"₦ 400,000,000"
3bdrm Apartment in Ikeja GRA for sale,600.0,Apartment,3.0,3.0,unfurnished,"Ikeja, Ikeja GRA",Ikeja GRA,Ikeja,enterprise,"₦ 370,000,000"
5bdrm Duplex in Lekki Phase 1 for sale,500.0,Duplex,5.0,5.0,unfurnished,"Lekki, Lekki Phase 1",Lekki Phase 1,Lekki,enterprise,"₦ 700,000,000"
4bdrm Duplex in Chevron for sale,500.0,Duplex,4.0,4.0,unfurnished,"Lekki, Chevron",Chevron,Lekki,enterprise,"₦ 235,000,000"
5bdrm Duplex in VGC / Ajah for sale,350.0,Duplex,5.0,5.0,unfurnished,"Ajah, VGC / Ajah",VGC / Ajah,Ajah,enterprise,"₦ 470,000,000"
Furnished 3bdrm Block of Flats in Aguda / Surulere for sale,500.0,Block of Flats,3.0,3.0,furnished,"Surulere, Aguda / Surulere",Aguda / Surulere,Surulere,enterprise,"₦ 160,000,000"
5bdrm Duplex in Lekki Phase 2 for sale,500.0,Duplex,5.0,5.0,unfurnished,"Lekki, Lekki Phase 2",Lekki Phase 2,Lekki,enterprise,"₦ 650,000,000"
5bdrm Duplex in Chevron for sale,500.0,Duplex,5.0,5.0,unfurnished,"Lekki, Chevron",Chevron,Lekki,enterprise,"₦ 600,000,000"
5bdrm Duplex in Chevron for sale,350.0,Duplex,5.0,5.0,unfurnished,"Lekki, Chevron",Chevron,Lekki,enterprise,"₦ 350,000,000"
2bdrm Apartment in Lekki Phase 1 for sale,1000.0,Apartment,2.0,2.0,unfurnished,"Lekki, Lekki Phase 1",Lekki Phase 1,Lekki,enterprise,"₦ 270,000,000"
4bdrm Duplex in Ajah for sale,350.0,Duplex,4.0,4.0,unfurnished,"Lagos State, Ajah",Ajah,Lagos State,enterprise,"₦ 160,000,000"
5bdrm Duplex in Osapa london for sale,500.0,Duplex,5.0,5.0,unfurnished,"Lekki, Osapa london",Osapa london,Lekki,enterprise,"₦ 900,000,000"
5bdrm Duplex in Ado / Ajah for sale,350.0,Duplex,5.0,5.0,unfurnished,"Ajah, Ado / Ajah",Ado / Ajah,Ajah,enterprise,"₦ 270,000,000"
2bdrm Maisonette in Lekki Phase 1 for sale,500.0,Maisonette,2.0,2.0,unfurnished,"Lekki, Lekki Phase 1",Lekki Phase 1,Lekki,enterprise,"₦ 220,000,000"
"4bdrm Duplex in Dantata Estate, Gwarinpa for sale",700.0,Duplex,4.0,5.0,unfurnished,"Abuja (FCT), Gwarinpa",Gwarinpa,Abuja (FCT),diamond,"₦ 250,000,000"
"Furnished 3bdrm Bungalow in Ofin Estate, Igbogbo for sale",300.0,Bungalow,3.0,3.0,furnished,"Ikorodu, Igbogbo",Igbogbo,Ikorodu,diamond,"₦ 30,000,000"
5bdrm Duplex in Dakwo District for sale,800.0,Duplex,5.0,6.0,unfurnished,"Abuja (FCT), Dakwo District",Dakwo District,Abuja (FCT),enterprise,"₦ 450,000,000"
6bdrm Duplex in Chevron for sale,500.0,Duplex,6.0,6.0,unfurnished,"Lekki, Chevron",Chevron,Lekki,enterprise,"₦ 390,000,000"
5bdrm Duplex in Ajah for sale,350.0,Duplex,5.0,5.0,unfurnished,"Lagos State, Ajah",Ajah,Lagos State,enterprise,"₦ 260,000,000"
4bdrm Duplex in Lekki for sale,350.0,Duplex,4.0,4.0,unfurnished,"Lagos State, Lekki",Lekki,Lagos State,enterprise,"₦ 160,000,000"
5bdrm Duplex in Ajah for sale,350.0,Duplex,5.0,5.0,unfurnished,"Lagos State, Ajah",Ajah,Lagos State,enterprise,"₦ 180,000,000"
4bdrm Duplex in GRA Phase 2 Shangisha for sale,350.0,Duplex,4.0,4.0,unfurnished,"Magodo, GRA Phase 2 Shangisha",GRA Phase 2 Shangisha,Magodo,enterprise,"₦ 430,000,000"
4bdrm Duplex in Lekki for sale,500.0,Duplex,4.0,4.0,unfurnished,"Lagos State, Lekki",Lekki,Lagos State,enterprise,"₦ 110,000,000"
2bdrm Apartment in Dawaki for sale,1000.0,Apartment,2.0,2.0,unfurnished,"Gwarinpa, Dawaki",Dawaki,Gwarinpa,enterprise,"₦ 70,000,000"
"2bdrm Maisonette in Payment Plans, Lekki for sale",600.0,Maisonette,2.0,3.0,unfurnished,"Lagos State, Lekki",Lekki,Lagos State,enterprise,"₦ 154,000,000"
4bdrm Duplex in Off Lekki-Epe Expressway for sale,350.0,Duplex,4.0,4.0,unfurnished,"Ajah, Off Lekki-Epe Expressway",Off Lekki-Epe Expressway,Ajah,enterprise,"₦ 200,000,000"
2bdrm Apartment in Ikate for sale,500.0,Apartment,2.0,2.0,unfurnished,"Lekki, Ikate",Ikate,Lekki,enterprise,"₦ 205,000,000"
5bdrm Duplex in Ajah for sale,350.0,Duplex,5.0,5.0,unfurnished,"Lagos State, Ajah",Ajah,Lagos State,enterprise,"₦ 215,000,000"
6bdrm Duplex in Chevron for sale,500.0,Duplex,6.0,6.0,unfurnished,"Lekki, Chevron",Chevron,Lekki,enterprise,"₦ 750,000,000"
5bdrm Duplex in Lekki Phase 1 for sale,500.0,Duplex,5.0,5.0,unfurnished,"Lekki, Lekki Phase 1",Lekki Phase 1,Lekki,enterprise,"₦ 650,000,000"
3bdrm House in Magodo for sale,350.0,House,3.0,3.0,unfurnished,"Lagos State, Magodo",Magodo,Lagos State,enterprise,"₦ 250,000,000"
5bdrm Duplex in Lekki for sale,350.0,Duplex,5.0,5.0,unfurnished,"Lagos State, Lekki",Lekki,Lagos State,enterprise,"₦ 390,000,000"
4bdrm Duplex in Ikeja GRA for sale,400.0,Duplex,4.0,5.0,unfurnished,"Ikeja, Ikeja GRA",Ikeja GRA,Ikeja,enterprise,"₦ 950,000,000"
5bdrm Duplex in Igbo-efon for sale,123.0,Duplex,5.0,5.0,unfurnished,"Lekki, Igbo-efon",Igbo-efon,Lekki,diamond,"₦ 500,000,000"
2bdrm Block of Flats in Life Camp for sale,500.0,Block of Flats,2.0,3.0,unfurnished,"Gwarinpa, Life Camp",Life Camp,Gwarinpa,diamond,"₦ 27,000,000"
Furnished 4bdrm Duplex in Enugu for sale,500.0,Duplex,4.0,4.0,furnished,"Enugu State, Enugu",Enugu,Enugu State,diamond,"₦ 220,000,000"
5bdrm Duplex in Chevron for sale,350.0,Duplex,5.0,5.0,unfurnished,"Lekki, Chevron",Chevron,Lekki,enterprise,"₦ 350,000,000"
5bdrm Duplex in Chevron for sale,350.0,Duplex,5.0,5.0,unfurnished,"Lekki, Chevron",Chevron,Lekki,enterprise,"₦ 400,000,000"
4bdrm Duplex in Ogudu GRA for sale,350.0,Duplex,4.0,4.0,unfurnished,"Ogudu, Ogudu GRA",Ogudu GRA,Ogudu,enterprise,"₦ 300,000,000"
"5bdrm Duplex in Price.$ 2.5M, Ikoyi for sale",500.0,Duplex,5.0,5.0,unfurnished,"Lagos State, Ikoyi",Ikoyi,Lagos State,enterprise,"₦ 2,500,000"
3bdrm Duplex in Ikota for sale,500.0,Duplex,3.0,3.0,unfurnished,"Lekki, Ikota",Ikota,Lekki,enterprise,"₦ 130,000,000"
5bdrm Duplex in Ajah for sale,350.0,Duplex,5.0,5.0,unfurnished,"Lagos State, Ajah",Ajah,Lagos State,enterprise,"₦ 360,000,000"
2bdrm Apartment in Lekki Phase 1 for sale,1000.0,Apartment,2.0,2.0,unfurnished,"Lekki, Lekki Phase 1",Lekki Phase 1,Lekki,enterprise,"₦ 280,000,000"
2bdrm Maisonette in Ologolo for sale,500.0,Maisonette,2.0,2.0,unfurnished,"Lekki, Ologolo",Ologolo,Lekki,enterprise,"₦ 75,000,000"
5bdrm Duplex in Chevron for sale,350.0,Duplex,5.0,5.0,unfurnished,"Lekki, Chevron",Chevron,Lekki,enterprise,"₦ 400,000,000"
5bdrm Duplex in Ajah for sale,350.0,Duplex,5.0,5.0,unfurnished,"Lagos State, Ajah",Ajah,Lagos State,enterprise,"₦ 160,000,000"
4bdrm Duplex in Lekki Phase 1 for sale,600.0,Duplex,4.0,4.0,unfurnished,"Lekki, Lekki Phase 1",Lekki Phase 1,Lekki,enterprise,"₦ 260,000,000"
5bdrm Duplex in Chevron for sale,300.0,Duplex,5.0,5.0,unfurnished,"Lekki, Chevron",Chevron,Lekki,enterprise,"₦ 460,000,000"
5bdrm Duplex in Lekki for sale,350.0,Duplex,5.0,5.0,unfurnished,"Lagos State, Lekki",Lekki,Lagos State,enterprise,"₦ 310,000,000"
3bdrm Duplex in Lekki Phase 1 for sale,500.0,Duplex,3.0,3.0,unfurnished,"Lekki, Lekki Phase 1",Lekki Phase 1,Lekki,enterprise,"₦ 600,000,000"
3bdrm Duplex in Lugbe District for sale,600.0,Duplex,3.0,4.0,unfurnished,"Abuja (FCT), Lugbe District",Lugbe District,Abuja (FCT),diamond,"₦ 100,000,000"
3bdrm Bungalow in Gwarinpa for sale,500.0,Bungalow,3.0,4.0,unfurnished,"Abuja (FCT), Gwarinpa",Gwarinpa,Abuja (FCT),diamond,"₦ 210,000,000"
Furnished 5bdrm Duplex in Ikota for sale,550.0,Duplex,5.0,5.0,furnished,"Lekki, Ikota",Ikota,Lekki,diamond,"₦ 650,000,000"
"4bdrm Duplex in Apex Gardens Estate, Kaura for sale",300.0,Duplex,4.0,4.0,unfurnished,"Abuja (FCT), Kaura",Kaura,Abuja (FCT),diamond,"₦ 300,000,000"
3bdrm Duplex in Jabi for sale,180.0,Duplex,3.0,3.0,semi-furnished,"Abuja (FCT), Jabi",Jabi,Abuja (FCT),diamond,"₦ 275,000,000"
4bdrm Duplex in Ajah for sale,500.0,Duplex,4.0,4.0,unfurnished,"Lagos State, Ajah",Ajah,Lagos State,enterprise,"₦ 160,000,000"
4bdrm Duplex in Lekki Phase 2 for sale,500.0,Duplex,4.0,5.0,unfurnished,"Lekki, Lekki Phase 2",Lekki Phase 2,Lekki,enterprise,"₦ 180,000,000"
4bdrm Duplex in Omole Phase 1 for sale,500.0,Duplex,4.0,4.0,unfurnished,"Ikeja, Omole Phase 1",Omole Phase 1,Ikeja,enterprise,"₦ 550,000,000"
5bdrm Duplex in Lekki Phase 2 for sale,500.0,Duplex,5.0,5.0,unfurnished,"Lekki, Lekki Phase 2",Lekki Phase 2,Lekki,enterprise,"₦ 300,000,000"
5bdrm Duplex in Omole Phase 2 for sale,500.0,Duplex,5.0,5.0,unfurnished,"Ikeja, Omole Phase 2",Omole Phase 2,Ikeja,enterprise,"₦ 650,000,000"
5bdrm Duplex in Ologolo for sale,500.0,Duplex,5.0,5.0,unfurnished,"Lekki, Ologolo",Ologolo,Lekki,enterprise,"₦ 400,000,000"
"5bdrm Duplex in Price $2M, Ikoyi for sale",500.0,Duplex,5.0,5.0,unfurnished,"Lagos State, Ikoyi",Ikoyi,Lagos State,enterprise,"₦ 2,000,000,000"
5bdrm Duplex in Ajah for sale,500.0,Duplex,5.0,5.0,unfurnished,"Lagos State, Ajah",Ajah,Lagos State,enterprise,"₦ 185,000,000"
5bdrm Duplex in Ikota for sale,350.0,Duplex,5.0,5.0,unfurnished,"Lekki, Ikota",Ikota,Lekki,enterprise,"₦ 500,000,000"
2bdrm Apartment in Lekki Phase 1 for sale,1000.0,Apartment,2.0,2.0,unfurnished,"Lekki, Lekki Phase 1",Lekki Phase 1,Lekki,enterprise,"₦ 160,000,000"
2bdrm Apartment in Ologolo for sale,500.0,Apartment,2.0,2.0,unfurnished,"Lekki, Ologolo",Ologolo,Lekki,enterprise,"₦ 120,000,000"
5bdrm Duplex in Katampe Extension for sale,700.0,Duplex,5.0,6.0,unfurnished,"Katampe, Katampe Extension",Katampe Extension,Katampe,diamond,"₦ 1,200,000,000"
"2bdrm Block of Flats in Army Estate, Kubwa for sale",500.0,Block of Flats,2.0,3.0,unfurnished,"Abuja (FCT), Kubwa",Kubwa,Abuja (FCT),diamond,"₦ 60,000,000"
4bdrm Duplex in Jabi for sale,150.0,Duplex,4.0,4.0,unfurnished,"Abuja (FCT), Jabi",Jabi,Abuja (FCT),enterprise,"₦ 155,000,000"
5bdrm Duplex in Ikeja GRA for sale,250.0,Duplex,5.0,5.0,unfurnished,"Ikeja, Ikeja GRA",Ikeja GRA,Ikeja,enterprise,"₦ 1,100,000,000"
5bdrm Duplex in Ajah for sale,350.0,Duplex,5.0,5.0,unfurnished,"Lagos State, Ajah",Ajah,Lagos State,enterprise,"₦ 280,000,000"
5bdrm Duplex in Lekki for sale,500.0,Duplex,5.0,5.0,unfurnished,"Lagos State, Lekki",Lekki,Lagos State,enterprise,"₦ 460,000,000"
3bdrm Apartment in Lekki Phase 1 for sale,500.0,Apartment,3.0,3.0,unfurnished,"Lekki, Lekki Phase 1",Lekki Phase 1,Lekki,enterprise,"₦ 350,000,000"
5bdrm Duplex in Lekki Phase 1 for sale,500.0,Duplex,5.0,5.0,unfurnished,"Lekki, Lekki Phase 1",Lekki Phase 1,Lekki,enterprise,"₦ 1,200,000,000"
4bdrm Duplex in GRA Phase 1 for sale,350.0,Duplex,4.0,4.0,unfurnished,"Magodo, GRA Phase 1",GRA Phase 1,Magodo,enterprise,"₦ 450,000,000"
5bdrm Duplex in Ajah for sale,350.0,Duplex,5.0,5.0,unfurnished,"Lagos State, Ajah",Ajah,Lagos State,enterprise,"₦ 280,000,000"
4bdrm Duplex in Lekki for sale,350.0,Duplex,4.0,4.0,unfurnished,"Lagos State, Lekki",Lekki,Lagos State,enterprise,"₦ 270,000,000"
2bdrm Block of Flats in Victoria Island for sale,600.0,Block of Flats,2.0,2.0,unfurnished,"Lagos State, Victoria Island",Victoria Island,Lagos State,enterprise,"₦ 290,000,000"
5bdrm Duplex in Osapa london for sale,350.0,Duplex,5.0,5.0,unfurnished,"Lekki, Osapa london",Osapa london,Lekki,enterprise,"₦ 600,000,000"
5bdrm Duplex in Ikate for sale,500.0,Duplex,5.0,5.0,unfurnished,"Lekki, Ikate",Ikate,Lekki,enterprise,"₦ 450,000,000"
3bdrm Apartment in Anthony Village for sale,500.0,Apartment,3.0,3.0,unfurnished,"Maryland, Anthony Village",Anthony Village,Maryland,enterprise,"₦ 180,000,000"
4bdrm Duplex in Ikota for sale,350.0,Duplex,4.0,4.0,unfurnished,"Lekki, Ikota",Ikota,Lekki,enterprise,"₦ 130,000,000"
Furnished 2bdrm Apartment in Lekki Phase 1 for sale,350.0,Apartment,2.0,2.0,furnished,"Lekki, Lekki Phase 1",Lekki Phase 1,Lekki,enterprise,"₦ 500,000,000"
4bdrm Bungalow in Lugbe District for sale,600.0,Bungalow,4.0,5.0,unfurnished,"Abuja (FCT), Lugbe District",Lugbe District,Abuja (FCT),diamond,"₦ 45,000,000"
4bdrm Duplex in Dantata Estate Fo1 for sale,500.0,Duplex,4.0,5.0,unfurnished,"Abuja (FCT), Kubwa",Kubwa,Abuja (FCT),diamond,"₦ 210,000,000"
5bdrm Duplex in Wuse 2 for sale,1000.0,Duplex,5.0,6.0,unfurnished,"Abuja (FCT), Wuse 2",Wuse 2,Abuja (FCT),diamond,"₦ 850,000,000"
"4bdrm Bungalow in Daylight Property, Benin City for sale",456.0,Bungalow,4.0,4.0,unfurnished,"Edo State, Benin City",Benin City,Edo State,diamond,"₦ 22,000,000"
4bdrm Duplex in Galadimawa for sale,300.0,Duplex,4.0,4.0,unfurnished,"Abuja (FCT), Galadimawa",Galadimawa,Abuja (FCT),diamond,"₦ 200,000,000"
5bdrm Duplex in Lekki Phase 1 for sale,350.0,Duplex,5.0,5.0,unfurnished,"Lekki, Lekki Phase 1",Lekki Phase 1,Lekki,enterprise,"₦ 900,000,000"
4bdrm Duplex in Anthony Village for sale,350.0,Duplex,4.0,4.0,unfurnished,"Maryland, Anthony Village",Anthony Village,Maryland,enterprise,"₦ 300,000,000"
5bdrm Duplex in Ikota for sale,35.0,Duplex,5.0,5.0,unfurnished,"Lekki, Ikota",Ikota,Lekki,enterprise,"₦ 350,000,000"
4bdrm Duplex in Off Lekki-Epe Expressway for sale,500.0,Duplex,4.0,4.0,unfurnished,"Ajah, Off Lekki-Epe Expressway",Off Lekki-Epe Expressway,Ajah,enterprise,"₦ 150,000,000"
5bdrm Duplex in Chevron for sale,500.0,Duplex,5.0,5.0,unfurnished,"Lekki, Chevron",Chevron,Lekki,enterprise,"₦ 720,000,000"
3bdrm Bungalow in Epe for sale,350.0,Bungalow,3.0,3.0,unfurnished,"Lagos State, Epe",Epe,Lagos State,enterprise,"₦ 50,000,000"
4bdrm Duplex in Ikoyi for sale,500.0,Duplex,4.0,4.0,unfurnished,"Lagos State, Ikoyi",Ikoyi,Lagos State,enterprise,"₦ 650,000,000"
5bdrm Duplex in Ajah for sale,350.0,Duplex,5.0,5.0,unfurnished,"Lagos State, Ajah",Ajah,Lagos State,enterprise,"₦ 290,000,000"
2bdrm Apartment in Lekki Phase 1 for sale,500.0,Apartment,2.0,2.0,unfurnished,"Lekki, Lekki Phase 1",Lekki Phase 1,Lekki,enterprise,"₦ 220,000,000"
5bdrm Duplex in Ajah for sale,350.0,Duplex,5.0,5.0,unfurnished,"Lagos State, Ajah",Ajah,Lagos State,enterprise,"₦ 250,000,000"
3bdrm Duplex in VGC / Ajah for sale,1250.0,Duplex,3.0,3.0,unfurnished,"Ajah, VGC / Ajah",VGC / Ajah,Ajah,diamond,"₦ 135,000,000"
Furnished 16bdrm House in Garki Area 2 for sale,800.0,House,16.0,18.0,furnished,"Garki 1, Area 2",Area 2,Garki 1,diamond,"₦ 900,000,000"
Furnished 3bdrm Block of Flats in Katampe Main By for sale,1000.0,Block of Flats,3.0,4.0,furnished,"Abuja (FCT), Katampe",Katampe,Abuja (FCT),diamond,"₦ 130,000,000"
5bdrm Duplex in Ikoyi S.W for sale,123.0,Duplex,5.0,5.0,unfurnished,"Ikoyi, Ikoyi S.W",Ikoyi S.W,Ikoyi,diamond,"₦ 1,500,000,000"
"3bdrm Duplex in Bridge Peridot, for sale",250.0,Duplex,3.0,3.0,unfurnished,"Abuja (FCT), Mbora",Mbora,Abuja (FCT),diamond,"₦ 180,000,000"
4bdrm Duplex in Jahi for sale,200.0,Duplex,4.0,4.0,semi-furnished,"Abuja (FCT), Jahi",Jahi,Abuja (FCT),diamond,"₦ 250,000,000"
"1bdrm Apartment in Nobblesville Estate, Ibadan Polytechnic/University",250.0,Apartment,1.0,1.0,unfurnished,"Ibadan, Ibadan Polytechnic/University",Ibadan Polytechnic/University,Ibadan,enterprise,"₦ 26,400,000"
5bdrm Duplex in Chevron for sale,350.0,Duplex,5.0,5.0,unfurnished,"Lekki, Chevron",Chevron,Lekki,enterprise,"₦ 380,000,000"
4bdrm Duplex in Osapa london for sale,350.0,Duplex,4.0,4.0,unfurnished,"Lekki, Osapa london",Osapa london,Lekki,enterprise,"₦ 350,000,000"
"5bdrm Duplex in Payment Plan, Ajah for sale",500.0,Duplex,5.0,5.0,unfurnished,"Lagos State, Ajah",Ajah,Lagos State,enterprise,"₦ 162,000,000"
4bdrm Duplex in Idado for sale,350.0,Duplex,4.0,4.0,unfurnished,"Lekki, Idado",Idado,Lekki,enterprise,"₦ 230,000,000"
5bdrm Duplex in Chevron for sale,350.0,Duplex,5.0,5.0,unfurnished,"Lekki, Chevron",Chevron,Lekki,enterprise,"₦ 400,000,000"
3bdrm Apartment in Lekki Phase 1 for sale,500.0,Apartment,3.0,3.0,unfurnished,"Lekki, Lekki Phase 1",Lekki Phase 1,Lekki,enterprise,"₦ 450,000,000"
5bdrm Duplex in Chevron for sale,350.0,Duplex,5.0,5.0,unfurnished,"Lekki, Chevron",Chevron,Lekki,enterprise,"₦ 650,000,000"
2bdrm Apartment in Victoria Island for sale,1000.0,Apartment,2.0,2.0,unfurnished,"Lagos State, Victoria Island",Victoria Island,Lagos State,enterprise,"₦ 350,000,000"
3bdrm Block of Flats in Aguda / Surulere for sale,1000.0,Block of Flats,3.0,3.0,unfurnished,"Surulere, Aguda / Surulere",Aguda / Surulere,Surulere,enterprise,"₦ 100,000,000"
4bdrm Duplex in Off Lekki-Epe Expressway for sale,500.0,Duplex,4.0,4.0,unfurnished,"Ajah, Off Lekki-Epe Expressway",Off Lekki-Epe Expressway,Ajah,enterprise,"₦ 200,000,000"
5bdrm Duplex in Ikota for sale,123.0,Duplex,5.0,5.0,unfurnished,"Lekki, Ikota",Ikota,Lekki,diamond,"₦ 720,000,000"
4bdrm Duplex in Life Camp for sale,500.0,Duplex,4.0,5.0,unfurnished,"Gwarinpa, Life Camp",Life Camp,Gwarinpa,diamond,"₦ 120,000,000"
2bdrm Duplex in Kubwa for sale,500.0,Duplex,2.0,3.0,unfurnished,"Abuja (FCT), Kubwa",Kubwa,Abuja (FCT),diamond,"₦ 65,000,000"
Furnished 6bdrm Duplex in Zone 1 / Wuse for sale,800.0,Duplex,6.0,6.0,furnished,"Wuse, Zone 1 / Wuse",Zone 1 / Wuse,Wuse,diamond,"₦ 2,500,000,000"
5bdrm Duplex in New Oko Oba for sale,350.0,Duplex,5.0,5.0,unfurnished,"Agege, New Oko Oba",New Oko Oba,Agege,enterprise,"₦ 330,000,000"
3bdrm Maisonette in Lekki Phase 1 for sale,1000.0,Maisonette,3.0,3.0,unfurnished,"Lekki, Lekki Phase 1",Lekki Phase 1,Lekki,enterprise,"₦ 400,000,000"
5bdrm Duplex in Lekki Phase 2 for sale,350.0,Duplex,5.0,5.0,unfurnished,"Lekki, Lekki Phase 2",Lekki Phase 2,Lekki,enterprise,"₦ 430,000,000"
5bdrm Duplex in Ajah for sale,500.0,Duplex,5.0,5.0,unfurnished,"Lagos State, Ajah",Ajah,Lagos State,enterprise,"₦ 260,000,000"
5bdrm Duplex in Ajah for sale,350.0,Duplex,5.0,5.0,unfurnished,"Lagos State, Ajah",Ajah,Lagos State,enterprise,"₦ 290,000,000"
"5bdrm Duplex in ($5,000,000), Ikoyi S.W for sale",700.0,Duplex,5.0,5.0,unfurnished,"Ikoyi, Ikoyi S.W",Ikoyi S.W,Ikoyi,enterprise,"₦ 7,500,000,000"
5bdrm Duplex in Lekki Phase 2 for sale,500.0,Duplex,5.0,5.0,unfurnished,"Lekki, Lekki Phase 2",Lekki Phase 2,Lekki,enterprise,"₦ 395,000,000"
5bdrm Duplex in Chevron for sale,420.0,Duplex,5.0,5.0,unfurnished,"Lekki, Chevron",Chevron,Lekki,enterprise,"₦ 849,000,000"
4bdrm Duplex in Ajah for sale,350.0,Duplex,4.0,4.0,unfurnished,"Lagos State, Ajah",Ajah,Lagos State,enterprise,"₦ 220,000,000"
5bdrm Duplex in Ajah for sale,350.0,Duplex,5.0,5.0,unfurnished,"Lagos State, Ajah",Ajah,Lagos State,enterprise,"₦ 260,000,000"
3bdrm Bungalow in Aguda / Surulere for sale,250.0,Bungalow,3.0,3.0,unfurnished,"Surulere, Aguda / Surulere",Aguda / Surulere,Surulere,enterprise,"₦ 180,000,000"
3bdrm Apartment in Katampe Extension for sale,500.0,Apartment,3.0,3.0,unfurnished,"Katampe, Katampe Extension",Katampe Extension,Katampe,enterprise,"₦ 300,000,000"
5bdrm Duplex in Osapa london for sale,350.0,Duplex,5.0,5.0,unfurnished,"Lekki, Osapa london",Osapa london,Lekki,enterprise,"₦ 390,000,000"
5bdrm Duplex in Ikota for sale,350.0,Duplex,5.0,5.0,unfurnished,"Lekki, Ikota",Ikota,Lekki,enterprise,"₦ 420,000,000"
5bdrm Duplex in Ajah for sale,350.0,Duplex,5.0,5.0,unfurnished,"Lagos State, Ajah",Ajah,Lagos State,enterprise,"₦ 270,000,000"
3bdrm Block of Flats in Katampe (Main) for sale,500.0,Block of Flats,3.0,4.0,unfurnished,"Katampe, Katampe (Main)",Katampe (Main),Katampe,diamond,"₦ 100,000,000"
4bdrm Duplex in Ado / Ajah for sale,123.0,Duplex,4.0,4.0,unfurnished,"Ajah, Ado / Ajah",Ado / Ajah,Ajah,diamond,"₦ 160,000,000"
5bdrm Duplex in Guzape District for sale,500.0,Duplex,5.0,6.0,unfurnished,"Abuja (FCT), Guzape District",Guzape District,Abuja (FCT),diamond,"₦ 500,000,000"
"2bdrm Bungalow in Ire Estate, Igbogbo for sale",600.0,Bungalow,2.0,4.0,unfurnished,"Ikorodu, Igbogbo",Igbogbo,Ikorodu,diamond,"₦ 16,000,000"
"4bdrm Block of Flats in Daylight Property, Benin City for sale",546.0,Block of Flats,4.0,5.0,semi-furnished,"Edo State, Benin City",Benin City,Edo State,diamond,"₦ 75,000,000"
5bdrm Duplex in Ajah for sale,350.0,Duplex,5.0,5.0,unfurnished,"Lagos State, Ajah",Ajah,Lagos State,enterprise,"₦ 260,000,000"
3bdrm Duplex in Life Camp for sale,500.0,Duplex,3.0,3.0,unfurnished,"Gwarinpa, Life Camp",Life Camp,Gwarinpa,enterprise,"₦ 130,000,000"
3bdrm Duplex in Ojodu for sale,350.0,Duplex,3.0,3.0,unfurnished,"Lagos State, Ojodu",Ojodu,Lagos State,enterprise,"₦ 105,000,000"
5bdrm Duplex in Off Lekki-Epe Expressway for sale,350.0,Duplex,5.0,5.0,unfurnished,"Ajah, Off Lekki-Epe Expressway",Off Lekki-Epe Expressway,Ajah,enterprise,"₦ 260,000,000"
5bdrm Duplex in Lekki for sale,350.0,Duplex,5.0,5.0,unfurnished,"Lagos State, Lekki",Lekki,Lagos State,enterprise,"₦ 185,000,000"
5bdrm Duplex in Ajah for sale,500.0,Duplex,5.0,5.0,unfurnished,"Lagos State, Ajah",Ajah,Lagos State,enterprise,"₦ 180,000,000"
5bdrm Duplex in Off Lekki-Epe Expressway for sale,500.0,Duplex,5.0,5.0,unfurnished,"Ajah, Off Lekki-Epe Expressway",Off Lekki-Epe Expressway,Ajah,enterprise,"₦ 250,000,000"
4bdrm Duplex in Ajah for sale,350.0,Duplex,4.0,4.0,unfurnished,"Lagos State, Ajah",Ajah,Lagos State,enterprise,"₦ 170,000,000"
4bdrm Duplex in Lekki Phase 1 for sale,500.0,Duplex,4.0,4.0,unfurnished,"Lekki, Lekki Phase 1",Lekki Phase 1,Lekki,enterprise,"₦ 470,000,000"
4bdrm Duplex in Lekki Phase 2 for sale,500.0,Duplex,4.0,4.0,unfurnished,"Lekki, Lekki Phase 2",Lekki Phase 2,Lekki,enterprise,"₦ 260,000,000"
5bdrm Duplex in Chevron for sale,350.0,Duplex,5.0,5.0,unfurnished,"Lekki, Chevron",Chevron,Lekki,enterprise,"₦ 400,000,000"
4bdrm Duplex in Off Lekki-Epe Expressway for sale,350.0,Duplex,4.0,4.0,unfurnished,"Ajah, Off Lekki-Epe Expressway",Off Lekki-Epe Expressway,Ajah,enterprise,"₦ 230,000,000"
4bdrm Duplex in Ikeja for sale,350.0,Duplex,4.0,4.0,unfurnished,"Lagos State, Ikeja",Ikeja,Lagos State,enterprise,"₦ 410,000,000"
5bdrm Duplex in Lekki Phase 1 for sale,1050.0,Duplex,5.0,5.0,unfurnished,"Lekki, Lekki Phase 1",Lekki Phase 1,Lekki,diamond,"₦ 1,000,000,000"
"2bdrm Block of Flats in Dantata Estate, Gwarinpa for sale",500.0,Block of Flats,2.0,3.0,unfurnished,"Abuja (FCT), Gwarinpa",Gwarinpa,Abuja (FCT),diamond,"₦ 80,000,000"
2bdrm Apartment in Ikate for sale,1000.0,Apartment,2.0,2.0,unfurnished,"Lekki, Ikate",Ikate,Lekki,enterprise,"₦ 160,000,000"
4bdrm Duplex in Ologolo for sale,500.0,Duplex,4.0,4.0,unfurnished,"Lekki, Ologolo",Ologolo,Lekki,enterprise,"₦ 160,000,000"
2bdrm Apartment in Lekki Phase 1 for sale,1000.0,Apartment,2.0,2.0,unfurnished,"Lekki, Lekki Phase 1",Lekki Phase 1,Lekki,enterprise,"₦ 340,000,000"
4bdrm Duplex in Mende for sale,500.0,Duplex,4.0,4.0,unfurnished,"Maryland, Mende",Mende,Maryland,enterprise,"₦ 350,000,000"
4bdrm Duplex in Lekki for sale,350.0,Duplex,4.0,4.0,unfurnished,"Lagos State, Lekki",Lekki,Lagos State,enterprise,"₦ 240,000,000"
2bdrm Apartment in Ikate for sale,500.0,Apartment,2.0,2.0,unfurnished,"Lekki, Ikate",Ikate,Lekki,enterprise,"₦ 135,000,000"
3bdrm Apartment in Ikeja GRA for sale,500.0,Apartment,3.0,3.0,unfurnished,"Ikeja, Ikeja GRA",Ikeja GRA,Ikeja,enterprise,"₦ 300,000,000"
4bdrm Duplex in Lekki Phase 2 for sale,350.0,Duplex,4.0,4.0,unfurnished,"Lekki, Lekki Phase 2",Lekki Phase 2,Lekki,enterprise,"₦ 110,000,000"
5bdrm Duplex in VGC / Ajah for sale,500.0,Duplex,5.0,5.0,unfurnished,"Ajah, VGC / Ajah",VGC / Ajah,Ajah,enterprise,"₦ 450,000,000"
5bdrm Duplex in Lekki for sale,350.0,Duplex,5.0,5.0,unfurnished,"Lagos State, Lekki",Lekki,Lagos State,enterprise,"₦ 490,000,000"
5bdrm Duplex in Ajah for sale,350.0,Duplex,5.0,5.0,unfurnished,"Lagos State, Ajah",Ajah,Lagos State,enterprise,"₦ 225,000,000"
4bdrm Duplex in Sangotedo for sale,500.0,Duplex,4.0,4.0,unfurnished,"Ajah, Sangotedo",Sangotedo,Ajah,enterprise,"₦ 170,000,000"
5bdrm Duplex in Osapa london for sale,500.0,Duplex,5.0,5.0,unfurnished,"Lekki, Osapa london",Osapa london,Lekki,enterprise,"₦ 830,000,000"
4bdrm Duplex in Ikoyi for sale,350.0,Duplex,4.0,4.0,unfurnished,"Lagos State, Ikoyi",Ikoyi,Lagos State,enterprise,"₦ 1,200,000,000"
3bdrm Apartment in Victoria Island for sale,1000.0,Apartment,3.0,3.0,unfurnished,"Lagos State, Victoria Island",Victoria Island,Lagos State,enterprise,"₦ 450,000,000"
5bdrm Duplex in Ikota for sale,350.0,Duplex,5.0,5.0,unfurnished,"Lekki, Ikota",Ikota,Lekki,enterprise,"₦ 350,000,000"
4bdrm Duplex in Ajah for sale,350.0,Duplex,4.0,4.0,unfurnished,"Lagos State, Ajah",Ajah,Lagos State,enterprise,"₦ 210,000,000"
2bdrm Block of Flats in Ikorodu for sale,330.0,Block of Flats,2.0,2.0,unfurnished,"Lagos State, Ikorodu",Ikorodu,Lagos State,enterprise,"₦ 25,000,000"
2bdrm Block of Flats in Jahi Abuja for sale,500.0,Block of Flats,2.0,3.0,unfurnished,"Abuja (FCT), Jahi",Jahi,Abuja (FCT),diamond,"₦ 130,000,000"
4bdrm Duplex in Abraham Adesanya Estate for sale,150.0,Duplex,4.0,4.0,unfurnished,"Ajah, Abraham Adesanya Estate",Abraham Adesanya Estate,Ajah,diamond,"₦ 138,000,000"
2bdrm Block of Flats in Kubwa for sale,443.0,Block of Flats,2.0,3.0,unfurnished,"Abuja (FCT), Kubwa",Kubwa,Abuja (FCT),diamond,"₦ 300,000,000"
6bdrm Duplex in Lekki Phase 1 for sale,1250.0,Duplex,6.0,6.0,unfurnished,"Lekki, Lekki Phase 1",Lekki Phase 1,Lekki,diamond,"₦ 1,300,000,000"
1bdrm Block of Flats in Kubwa for sale,300.0,Block of Flats,1.0,2.0,unfurnished,"Abuja (FCT), Kubwa",Kubwa,Abuja (FCT),diamond,"₦ 40,000,000"
2bdrm Bungalow in Kubwa District for sale,500.0,Bungalow,2.0,3.0,unfurnished,"Abuja (FCT), Kubwa",Kubwa,Abuja (FCT),diamond,"₦ 35,000,000"
"2bdrm Apartment in Ofin Estate, Igbogbo for sale",300.0,Apartment,2.0,2.0,unfurnished,"Ikorodu, Igbogbo",Igbogbo,Ikorodu,diamond,"₦ 11,000,000"
Furnished 5bdrm Duplex in Lekki Phase 2 for sale,500.0,Duplex,5.0,5.0,furnished,"Lekki, Lekki Phase 2",Lekki Phase 2,Lekki,diamond,"₦ 350,000,000"
4bdrm Duplex in Jahi for sale,300.0,Duplex,4.0,4.0,unfurnished,"Abuja (FCT), Jahi",Jahi,Abuja (FCT),diamond,"₦ 280,000,000"
3bdrm Block of Flats in Ikeja GRA for sale,500.0,Block of Flats,3.0,3.0,unfurnished,"Ikeja, Ikeja GRA",Ikeja GRA,Ikeja,enterprise,"₦ 270,000,000"
3bdrm Apartment in Ikate for sale,350.0,Apartment,3.0,3.0,unfurnished,"Lekki, Ikate",Ikate,Lekki,enterprise,"₦ 180,000,000"
4bdrm Duplex in Ikota for sale,500.0,Duplex,4.0,4.0,unfurnished,"Lekki, Ikota",Ikota,Lekki,enterprise,"₦ 250,000,000"
4bdrm Duplex in Ajah for sale,350.0,Duplex,4.0,4.0,unfurnished,"Lagos State, Ajah",Ajah,Lagos State,enterprise,"₦ 155,000,000"
4bdrm Duplex in Chevron for sale,350.0,Duplex,4.0,4.0,unfurnished,"Lekki, Chevron",Chevron,Lekki,enterprise,"₦ 380,000,000"
4bdrm Duplex in Ajah for sale,350.0,Duplex,4.0,4.0,unfurnished,"Lagos State, Ajah",Ajah,Lagos State,enterprise,"₦ 260,000,000"
4bdrm Duplex in Maryland for sale,350.0,Duplex,4.0,4.0,unfurnished,"Lagos State, Maryland",Maryland,Lagos State,enterprise,"₦ 270,000,000"
2bdrm Apartment in Sangotedo for sale,1000.0,Apartment,2.0,2.0,unfurnished,"Ajah, Sangotedo",Sangotedo,Ajah,enterprise,"₦ 75,000,000"
5bdrm Duplex in Ikate for sale,350.0,Duplex,5.0,5.0,unfurnished,"Lekki, Ikate",Ikate,Lekki,enterprise,"₦ 450,000,000"
5bdrm Duplex in Ikota for sale,350.0,Duplex,5.0,5.0,unfurnished,"Lekki, Ikota",Ikota,Lekki,enterprise,"₦ 350,000,000"
4bdrm Duplex in Thomas Estate for sale,600.0,Duplex,4.0,4.0,unfurnished,"Ajah, Thomas Estate",Thomas Estate,Ajah,enterprise,"₦ 165,000,000"
4bdrm Duplex in Mende for sale,500.0,Duplex,4.0,4.0,unfurnished,"Maryland, Mende",Mende,Maryland,enterprise,"₦ 360,000,000"
5bdrm Duplex in Osapa london for sale,1000.0,Duplex,5.0,5.0,unfurnished,"Lekki, Osapa london",Osapa london,Lekki,enterprise,"₦ 1,800,000,000"
4bdrm Duplex in Ikota for sale,500.0,Duplex,4.0,4.0,unfurnished,"Lekki, Ikota",Ikota,Lekki,enterprise,"₦ 170,000,000"
4bdrm Duplex in Abraham Adesanya Estate for sale,500.0,Duplex,4.0,4.0,unfurnished,"Ajah, Abraham Adesanya Estate",Abraham Adesanya Estate,Ajah,enterprise,"₦ 150,000,000"
3bdrm Apartment in Ikeja GRA for sale,500.0,Apartment,3.0,3.0,unfurnished,"Ikeja, Ikeja GRA",Ikeja GRA,Ikeja,enterprise,"₦ 450,000,000"
5bdrm Duplex in Chevron for sale,350.0,Duplex,5.0,5.0,unfurnished,"Lekki, Chevron",Chevron,Lekki,enterprise,"₦ 500,000,000"
"4bdrm Duplex in Karasana, Gwarinpa for sale",500.0,Duplex,4.0,5.0,unfurnished,"Abuja (FCT), Gwarinpa",Gwarinpa,Abuja (FCT),diamond,"₦ 130,000,000"
"2bdrm Bungalow in Bricks City, Kubwa for sale",500.0,Bungalow,2.0,3.0,unfurnished,"Abuja (FCT), Kubwa",Kubwa,Abuja (FCT),diamond,"₦ 50,000,000"
"4bdrm Duplex in Dantata Estate Fo1, for sale",400.0,Duplex,4.0,5.0,unfurnished,"Abuja (FCT), Kubwa",Kubwa,Abuja (FCT),diamond,"₦ 120,000,000"
3bdrm Block of Flats in Mabushi for sale,300.0,Block of Flats,3.0,4.0,unfurnished,"Abuja (FCT), Mabushi",Mabushi,Abuja (FCT),diamond,"₦ 150,000,000"
3bdrm Duplex in Idu Industrial for sale,200.0,Duplex,3.0,3.0,unfurnished,"Abuja (FCT), Idu Industrial",Idu Industrial,Abuja (FCT),diamond,"₦ 60,000,000"
5bdrm Duplex in Osapa london for sale,350.0,Duplex,5.0,5.0,unfurnished,"Lekki, Osapa london",Osapa london,Lekki,enterprise,"₦ 440,000,000"
5bdrm Duplex in Old Ikoyi for sale,550.0,Duplex,5.0,5.0,unfurnished,"Ikoyi, Old Ikoyi",Old Ikoyi,Ikoyi,enterprise,"₦ 5,100,000,000"
5bdrm Duplex in Ikeja GRA for sale,350.0,Duplex,5.0,5.0,unfurnished,"Ikeja, Ikeja GRA",Ikeja GRA,Ikeja,enterprise,"₦ 850,000,000"
"3bdrm Bungalow in Mowe -Ofada, Abeokuta South for sale",300.0,Bungalow,3.0,4.0,unfurnished,"Ogun State, Abeokuta South",Abeokuta South,Ogun State,enterprise,"₦ 40,000,000"
5bdrm Duplex in Ajah for sale,350.0,Duplex,5.0,5.0,unfurnished,"Lagos State, Ajah",Ajah,Lagos State,enterprise,"₦ 250,000,000"
5bdrm Duplex in Ajah for sale,350.0,Duplex,5.0,5.0,unfurnished,"Lagos State, Ajah",Ajah,Lagos State,enterprise,"₦ 300,000,000"
5bdrm Duplex in Lekki for sale,500.0,Duplex,5.0,5.0,unfurnished,"Lagos State, Lekki",Lekki,Lagos State,enterprise,"₦ 630,000,000"
3bdrm Bungalow in Igbogbo for sale,300.0,Bungalow,3.0,3.0,unfurnished,"Ikorodu, Igbogbo",Igbogbo,Ikorodu,enterprise,"₦ 25,000,000"
5bdrm Duplex in Off Lekki-Epe Expressway for sale,500.0,Duplex,5.0,5.0,unfurnished,"Ajah, Off Lekki-Epe Expressway",Off Lekki-Epe Expressway,Ajah,enterprise,"₦ 400,000,000"
4bdrm Duplex in Off Lekki-Epe Expressway for sale,500.0,Duplex,4.0,4.0,unfurnished,"Ajah, Off Lekki-Epe Expressway",Off Lekki-Epe Expressway,Ajah,enterprise,"₦ 140,000,000"
5bdrm Duplex in Lekki Phase 1 for sale,500.0,Duplex,5.0,5.0,unfurnished,"Lekki, Lekki Phase 1",Lekki Phase 1,Lekki,enterprise,"₦ 900,000,000"
5bdrm Duplex in Lekki Phase 1 for sale,580.0,Duplex,5.0,5.0,unfurnished,"Lekki, Lekki Phase 1",Lekki Phase 1,Lekki,enterprise,"₦ 1,300,000,000"
"3bdrm Maisonette in Dora Estate, Lekki Phase 1 for sale",123.0,Maisonette,3.0,4.0,unfurnished,"Lekki, Lekki Phase 1",Lekki Phase 1,Lekki,diamond,"₦ 380,000,000"
2bdrm Block of Flats in Life Camp for sale,700.0,Block of Flats,2.0,3.0,unfurnished,"Gwarinpa, Life Camp",Life Camp,Gwarinpa,diamond,"₦ 60,000,000"
2bdrm Apartment in Lekki Phase 1 for sale,123.0,Apartment,2.0,3.0,unfurnished,"Lekki, Lekki Phase 1",Lekki Phase 1,Lekki,diamond,"₦ 330,000,000"
2bdrm Block of Flats in Idu for sale,500.0,Block of Flats,2.0,3.0,unfurnished,"Jiwa, Idu",Idu,Jiwa,diamond,"₦ 75,000,000"
Furnished 5bdrm Duplex in Guzape District for sale,500.0,Duplex,5.0,6.0,furnished,"Abuja (FCT), Guzape District",Guzape District,Abuja (FCT),diamond,"₦ 600,000,000"
"Furnished 2bdrm Apartment in Palm City, Lekki Phase 1 for sale",300.0,Apartment,2.0,2.0,furnished,"Lekki, Lekki Phase 1",Lekki Phase 1,Lekki,vip_gold,"₦ 250,000,000"
5bdrm Duplex in Osapa london for sale,250.0,Duplex,5.0,5.0,unfurnished,"Lekki, Osapa london",Osapa london,Lekki,enterprise,"₦ 600,000,000"
4bdrm Duplex in Lekki for sale,350.0,Duplex,4.0,4.0,unfurnished,"Lagos State, Lekki",Lekki,Lagos State,enterprise,"₦ 170,000,000"
2bdrm Apartment in Victoria Island for sale,500.0,Apartment,2.0,2.0,unfurnished,"Lagos State, Victoria Island",Victoria Island,Lagos State,enterprise,"₦ 185,000,000"
5bdrm Duplex in Lekki Phase 1 for sale,500.0,Duplex,5.0,5.0,unfurnished,"Lekki, Lekki Phase 1",Lekki Phase 1,Lekki,enterprise,"₦ 1,300,000,000"
"4bdrm Duplex in Payment Plans, Guzape District for sale",350.0,Duplex,4.0,5.0,unfurnished,"Abuja (FCT), Guzape District",Guzape District,Abuja (FCT),enterprise,"₦ 280,000,000"
5bdrm Duplex in Lekki for sale,350.0,Duplex,5.0,5.0,unfurnished,"Lagos State, Lekki",Lekki,Lagos State,enterprise,"₦ 400,000,000"
2bdrm Apartment in Ikate for sale,1000.0,Apartment,2.0,2.0,unfurnished,"Lekki, Ikate",Ikate,Lekki,enterprise,"₦ 160,000,000"
Furnished 4bdrm Maisonette in Ikate for sale,500.0,Maisonette,4.0,4.0,furnished,"Lekki, Ikate",Ikate,Lekki,enterprise,"₦ 320,000,000"
4bdrm Duplex in Lekki Phase 1 for sale,500.0,Duplex,4.0,4.0,unfurnished,"Lekki, Lekki Phase 1",Lekki Phase 1,Lekki,enterprise,"₦ 385,000,000"
3bdrm Duplex in Off Lekki-Epe Expressway for sale,350.0,Duplex,3.0,3.0,unfurnished,"Ajah, Off Lekki-Epe Expressway",Off Lekki-Epe Expressway,Ajah,enterprise,"₦ 110,000,000"
5bdrm Duplex in Idado for sale,350.0,Duplex,5.0,5.0,unfurnished,"Lekki, Idado",Idado,Lekki,enterprise,"₦ 350,000,000"
5bdrm Duplex in GRA Phase 2 Shangisha for sale,500.0,Duplex,5.0,5.0,unfurnished,"Magodo, GRA Phase 2 Shangisha",GRA Phase 2 Shangisha,Magodo,enterprise,"₦ 370,000,000"
4bdrm Duplex in Off Lekki-Epe Expressway for sale,500.0,Duplex,4.0,4.0,unfurnished,"Ajah, Off Lekki-Epe Expressway",Off Lekki-Epe Expressway,Ajah,enterprise,"₦ 150,000,000"
Furnished 4bdrm Duplex in Agungi for sale,350.0,Duplex,4.0,4.0,furnished,"Lekki, Agungi",Agungi,Lekki,enterprise,"₦ 350,000,000"
3bdrm Apartment in Life Camp for sale,500.0,Apartment,3.0,3.0,unfurnished,"Gwarinpa, Life Camp",Life Camp,Gwarinpa,enterprise,"₦ 120,000,000"
4bdrm Duplex in Durumi for sale,500.0,Duplex,4.0,5.0,unfurnished,"Abuja (FCT), Durumi",Durumi,Abuja (FCT),diamond,"₦ 300,000,000"
4bdrm Duplex in Area 1 for sale,500.0,Duplex,4.0,5.0,unfurnished,"Garki 1, Area 1",Area 1,Garki 1,diamond,"₦ 250,000,000"
4bdrm Duplex in Lekki Phase 2 for sale,123.0,Duplex,4.0,4.0,unfurnished,"Lekki, Lekki Phase 2",Lekki Phase 2,Lekki,diamond,"₦ 220,000,000"
3bdrm Duplex in Kubwa for sale,500.0,Duplex,3.0,4.0,unfurnished,"Abuja (FCT), Kubwa",Kubwa,Abuja (FCT),diamond,"₦ 130,000,000"
"3bdrm Apartment in The Den Heights, Lekki Phase 1 for sale",250.0,Apartment,3.0,3.0,unfurnished,"Lekki, Lekki Phase 1",Lekki Phase 1,Lekki,enterprise,"₦ 430,000,000"
5bdrm Duplex in Sangotedo for sale,250.0,Duplex,5.0,5.0,unfurnished,"Ajah, Sangotedo",Sangotedo,Ajah,enterprise,"₦ 400,000,000"
3bdrm Apartment in Ipaja / Ipaja for sale,250.0,Apartment,3.0,3.0,unfurnished,"Ipaja, Ipaja / Ipaja",Ipaja / Ipaja,Ipaja,enterprise,"₦ 81,000,000"
5bdrm Duplex in Ajah for sale,600.0,Duplex,5.0,5.0,unfurnished,"Lagos State, Ajah",Ajah,Lagos State,enterprise,"₦ 280,000,000"
Mini Flat in Off Lekki-Epe Expressway for sale,1000.0,,1.0,1.0,unfurnished,"Ajah, Off Lekki-Epe Expressway",Off Lekki-Epe Expressway,Ajah,enterprise,"₦ 65,000,000"
4bdrm Duplex in Ajah for sale,350.0,Duplex,4.0,4.0,unfurnished,"Lagos State, Ajah",Ajah,Lagos State,enterprise,"₦ 135,000,000"
4bdrm Duplex in Ajah for sale,350.0,Duplex,4.0,4.0,unfurnished,"Lagos State, Ajah",Ajah,Lagos State,enterprise,"₦ 120,000,000"
2bdrm Apartment in Lekki Phase 1 for sale,1000.0,Apartment,2.0,2.0,unfurnished,"Lekki, Lekki Phase 1",Lekki Phase 1,Lekki,enterprise,"₦ 170,000,000"
5bdrm Duplex in Ajah for sale,350.0,Duplex,5.0,5.0,unfurnished,"Lagos State, Ajah",Ajah,Lagos State,enterprise,"₦ 185,000,000"
5bdrm Duplex in Lekki for sale,350.0,Duplex,5.0,5.0,unfurnished,"Lagos State, Lekki",Lekki,Lagos State,enterprise,"₦ 220,000,000"
5bdrm Duplex in Chevron for sale,500.0,Duplex,5.0,5.0,unfurnished,"Lekki, Chevron",Chevron,Lekki,enterprise,"₦ 298,000,000"
4bdrm Duplex in Ikota for sale,350.0,Duplex,4.0,4.0,unfurnished,"Lekki, Ikota",Ikota,Lekki,enterprise,"₦ 280,000,000"
5bdrm Duplex in Chevron for sale,350.0,Duplex,5.0,5.0,unfurnished,"Lekki, Chevron",Chevron,Lekki,enterprise,"₦ 350,000,000"
2bdrm Apartment in Ikate for sale,1000.0,Apartment,2.0,2.0,unfurnished,"Lekki, Ikate",Ikate,Lekki,enterprise,"₦ 150,000,000"
4bdrm Duplex in Lekki Phase 2 for sale,500.0,Duplex,4.0,4.0,unfurnished,"Lekki, Lekki Phase 2",Lekki Phase 2,Lekki,enterprise,"₦ 280,000,000"
3bdrm Apartment in Lekki Phase 1 for sale,250.0,Apartment,3.0,3.0,unfurnished,"Lekki, Lekki Phase 1",Lekki Phase 1,Lekki,diamond,"₦ 400,000,000"
5bdrm Apartment in Osapa london for sale,170.0,Apartment,5.0,6.0,unfurnished,"Lekki, Osapa london",Osapa london,Lekki,diamond,"₦ 600,000,000"
3bdrm Block of Flats in Wuye for sale,500.0,Block of Flats,3.0,4.0,unfurnished,"Abuja (FCT), Wuye",Wuye,Abuja (FCT),diamond,"₦ 160,000,000"
3bdrm Bungalow in Dawaki for sale,700.0,Bungalow,3.0,4.0,unfurnished,"Gwarinpa, Dawaki",Dawaki,Gwarinpa,diamond,"₦ 50,000,000"
3bdrm Bungalow in Gwarinpa for sale,700.0,Bungalow,3.0,4.0,unfurnished,"Abuja (FCT), Gwarinpa",Gwarinpa,Abuja (FCT),diamond,"₦ 270,000,000"
2bdrm Block of Flats in Durumi for sale,500.0,Block of Flats,2.0,3.0,unfurnished,"Abuja (FCT), Durumi",Durumi,Abuja (FCT),diamond,"₦ 75,000,000"
Furnished 10bdrm Block of Flats in Igbogbo Estate for sale,600.0,Block of Flats,10.0,10.0,furnished,"Ikorodu, Igbogbo",Igbogbo,Ikorodu,diamond,"₦ 40,000,000"
"2bdrm Apartment in Daylight Property, Benin City for sale",560.0,Apartment,2.0,2.0,unfurnished,"Edo State, Benin City",Benin City,Edo State,diamond,"₦ 25,000,000"
4bdrm Duplex in Guzape Main for sale,1500.0,Duplex,4.0,4.0,unfurnished,"Abuja (FCT), Guzape District",Guzape District,Abuja (FCT),False,"₦ 1,100,000,000"
"3bdrm Duplex in Civic Residence, Abraham Adesanya for sale",250.0,Duplex,3.0,3.0,unfurnished,"Surulere, Abraham Adesanya",Abraham Adesanya,Surulere,enterprise,"₦ 160,000,000"
5bdrm Duplex in Ajah for sale,500.0,Duplex,5.0,5.0,unfurnished,"Lagos State, Ajah",Ajah,Lagos State,enterprise,"₦ 350,000,000"
Furnished 2bdrm Apartment in Ikate for sale,500.0,Apartment,2.0,2.0,furnished,"Lekki, Ikate",Ikate,Lekki,enterprise,"₦ 135,000,000"
"4bdrm Duplex in Payment Plan, Allen Avenue for sale",1000.0,Duplex,4.0,4.0,unfurnished,"Ikeja, Allen Avenue",Allen Avenue,Ikeja,enterprise,"₦ 425,000,000"
5bdrm Duplex in Ajah for sale,350.0,Duplex,5.0,5.0,unfurnished,"Lagos State, Ajah",Ajah,Lagos State,enterprise,"₦ 145,000,000"
1bdrm Apartment in Ajah for sale,500.0,Apartment,1.0,1.0,unfurnished,"Lagos State, Ajah",Ajah,Lagos State,enterprise,"₦ 40,000,000"
5bdrm Duplex in Osapa london for sale,350.0,Duplex,5.0,5.0,unfurnished,"Lekki, Osapa london",Osapa london,Lekki,enterprise,"₦ 650,000,000"
4bdrm Duplex in Durumi for sale,350.0,Duplex,4.0,5.0,unfurnished,"Abuja (FCT), Durumi",Durumi,Abuja (FCT),enterprise,"₦ 250,000,000"
4bdrm Duplex in Ikate for sale,500.0,Duplex,4.0,4.0,unfurnished,"Lekki, Ikate",Ikate,Lekki,enterprise,"₦ 300,000,000"
4bdrm Duplex in Ajah for sale,350.0,Duplex,4.0,4.0,unfurnished,"Lagos State, Ajah",Ajah,Lagos State,enterprise,"₦ 140,000,000"
5bdrm Duplex in Ikota for sale,350.0,Duplex,5.0,5.0,unfurnished,"Lekki, Ikota",Ikota,Lekki,enterprise,"₦ 300,000,000"
3bdrm Duplex in Lekki Phase 2 for sale,500.0,Duplex,3.0,3.0,unfurnished,"Lekki, Lekki Phase 2",Lekki Phase 2,Lekki,enterprise,"₦ 190,000,000"
5bdrm Duplex in Lekki for sale,500.0,Duplex,5.0,5.0,unfurnished,"Lagos State, Lekki",Lekki,Lagos State,enterprise,"₦ 250,000,000"
4bdrm Duplex in Guzape District for sale,1000.0,Duplex,4.0,5.0,unfurnished,"Abuja (FCT), Guzape District",Guzape District,Abuja (FCT),diamond,"₦ 300,000,000"
5bdrm House in Kado for sale,500.0,House,5.0,6.0,unfurnished,"Abuja (FCT), Kado",Kado,Abuja (FCT),diamond,"₦ 400,000,000"
Furnished 5bdrm Duplex in Osapa london for sale,500.0,Duplex,5.0,5.0,furnished,"Lekki, Osapa london",Osapa london,Lekki,diamond,"₦ 1,720,000,000"
4bdrm Block of Flats in Jabi for sale,1000.0,Block of Flats,4.0,4.0,unfurnished,"Abuja (FCT), Jabi",Jabi,Abuja (FCT),False,"₦ 200,000,000"
"4bdrm Duplex in Adozillion Court, Omole Phase 2 for sale",250.0,Duplex,4.0,4.0,unfurnished,"Ikeja, Omole Phase 2",Omole Phase 2,Ikeja,enterprise,"₦ 450,000,000"
"3bdrm Duplex in Ambiance 2.0, Sangotedo for sale",250.0,Duplex,3.0,3.0,unfurnished,"Ajah, Sangotedo",Sangotedo,Ajah,enterprise,"₦ 145,000,000"
3bdrm Duplex in Ajah for sale,500.0,Duplex,3.0,3.0,unfurnished,"Lagos State, Ajah",Ajah,Lagos State,enterprise,"₦ 95,000,000"
5bdrm Duplex in Lekki for sale,350.0,Duplex,5.0,5.0,unfurnished,"Lagos State, Lekki",Lekki,Lagos State,enterprise,"₦ 350,000,000"
5bdrm Duplex in Lekki for sale,500.0,Duplex,5.0,5.0,unfurnished,"Lagos State, Lekki",Lekki,Lagos State,enterprise,"₦ 450,000,000"
5bdrm Duplex in VGC / Ajah for sale,650.0,Duplex,5.0,5.0,unfurnished,"Ajah, VGC / Ajah",VGC / Ajah,Ajah,enterprise,"₦ 800,000,000"
3bdrm Apartment in Lekki Phase 1 for sale,1000.0,Apartment,3.0,3.0,unfurnished,"Lekki, Lekki Phase 1",Lekki Phase 1,Lekki,enterprise,"₦ 500,000,000"
4bdrm Duplex in Maryland for sale,350.0,Duplex,4.0,4.0,unfurnished,"Lagos State, Maryland",Maryland,Lagos State,enterprise,"₦ 270,000,000"
2bdrm Apartment in Victoria Island for sale,500.0,Apartment,2.0,2.0,unfurnished,"Lagos State, Victoria Island",Victoria Island,Lagos State,enterprise,"₦ 290,000,000"
5bdrm Duplex in Ajah for sale,350.0,Duplex,5.0,5.0,unfurnished,"Lagos State, Ajah",Ajah,Lagos State,enterprise,"₦ 260,000,000"
5bdrm Duplex in Ikate for sale,350.0,Duplex,5.0,5.0,unfurnished,"Lekki, Ikate",Ikate,Lekki,enterprise,"₦ 550,000,000"
5bdrm Duplex in Gudu for sale,1000.0,Duplex,5.0,5.0,unfurnished,"Abuja (FCT), Gudu",Gudu,Abuja (FCT),enterprise,"₦ 165,000,000"
4bdrm Duplex in Ajah for sale,500.0,Duplex,4.0,4.0,unfurnished,"Lagos State, Ajah",Ajah,Lagos State,enterprise,"₦ 180,000,000"
5bdrm Duplex in Osapa london for sale,500.0,Duplex,5.0,5.0,unfurnished,"Lekki, Osapa london",Osapa london,Lekki,enterprise,"₦ 990,000,000"
5bdrm Duplex in Lekki Phase 2 for sale,500.0,Duplex,5.0,5.0,unfurnished,"Lekki, Lekki Phase 2",Lekki Phase 2,Lekki,enterprise,"₦ 530,000,000"
2bdrm Apartment in Sangotedo for sale,500.0,Apartment,2.0,2.0,unfurnished,"Ajah, Sangotedo",Sangotedo,Ajah,enterprise,"₦ 75,000,000"
5bdrm Duplex in Alaka Estate for sale,500.0,Duplex,5.0,5.0,unfurnished,"Surulere, Alaka Estate",Alaka Estate,Surulere,enterprise,"₦ 450,000,000"
5bdrm Duplex in Lekki for sale,350.0,Duplex,5.0,5.0,unfurnished,"Lagos State, Lekki",Lekki,Lagos State,enterprise,"₦ 350,000,000"
5bdrm House in Gerard Road for sale,1250.0,House,5.0,5.0,unfurnished,"Ikoyi, Gerard Road",Gerard Road,Ikoyi,diamond,"₦ 2,500,000,000"
"3bdrm Bungalow in Fawole Estate, Igbogbo for sale",600.0,Bungalow,3.0,3.0,unfurnished,"Ikorodu, Igbogbo",Igbogbo,Ikorodu,diamond,"₦ 20,000,000"
"Furnished 3bdrm Bungalow in Love Estate, Igbogbo for sale",600.0,Bungalow,3.0,3.0,furnished,"Ikorodu, Igbogbo",Igbogbo,Ikorodu,diamond,"₦ 25,000,000"
3bdrm Apartment in Katampe (Main) for sale,250.0,Apartment,3.0,3.0,unfurnished,"Katampe, Katampe (Main)",Katampe (Main),Katampe,diamond,"₦ 160,000,000"
"2bdrm Duplex in Emerald Duplex, Ogombo for sale",250.0,Duplex,2.0,2.0,unfurnished,"Ajah, Ogombo",Ogombo,Ajah,enterprise,"₦ 150,000,000"
5bdrm Duplex in Ikota for sale,350.0,Duplex,5.0,5.0,unfurnished,"Lekki, Ikota",Ikota,Lekki,enterprise,"₦ 460,000,000"
5bdrm Duplex in Lekki for sale,350.0,Duplex,5.0,5.0,unfurnished,"Lagos State, Lekki",Lekki,Lagos State,enterprise,"₦ 420,000,000"
5bdrm Duplex in Lekki Phase 2 for sale,500.0,Duplex,5.0,5.0,unfurnished,"Lekki, Lekki Phase 2",Lekki Phase 2,Lekki,enterprise,"₦ 400,000,000"
"6bdrm Duplex in $3.4M, Ikoyi for sale",500.0,Duplex,6.0,6.0,unfurnished,"Lagos State, Ikoyi",Ikoyi,Lagos State,enterprise,"₦ 3,400,000,000"
4bdrm Duplex in Ikota for sale,355.0,Duplex,4.0,4.0,unfurnished,"Lekki, Ikota",Ikota,Lekki,enterprise,"₦ 155,000,000"
5bdrm Duplex in Ikeja GRA for sale,300.0,Duplex,5.0,5.0,unfurnished,"Ikeja, Ikeja GRA",Ikeja GRA,Ikeja,enterprise,"₦ 1,000,000,000"
5bdrm Duplex in Lekki Phase 1 for sale,350.0,Duplex,5.0,5.0,unfurnished,"Lekki, Lekki Phase 1",Lekki Phase 1,Lekki,enterprise,"₦ 550,000,000"
Furnished 4bdrm Duplex in Western Avenue for sale,500.0,Duplex,4.0,4.0,furnished,"Surulere, Western Avenue",Western Avenue,Surulere,enterprise,"₦ 450,000,000"
5bdrm Duplex in Ajah for sale,350.0,Duplex,5.0,5.0,unfurnished,"Lagos State, Ajah",Ajah,Lagos State,enterprise,"₦ 250,000,000"
6bdrm Duplex in Lekki Phase 2 for sale,350.0,Duplex,6.0,6.0,unfurnished,"Lekki, Lekki Phase 2",Lekki Phase 2,Lekki,enterprise,"₦ 400,000,000"
4bdrm Duplex in Ajah for sale,500.0,Duplex,4.0,4.0,unfurnished,"Lagos State, Ajah",Ajah,Lagos State,enterprise,"₦ 250,000,000"
4bdrm Duplex in Ajah for sale,350.0,Duplex,4.0,4.0,unfurnished,"Lagos State, Ajah",Ajah,Lagos State,enterprise,"₦ 170,000,000"
"3bdrm Block of Flats in Daylight Property, Benin City for sale",465.0,Block of Flats,3.0,3.0,unfurnished,"Edo State, Benin City",Benin City,Edo State,diamond,"₦ 13,000,000"
"4bdrm Duplex in Hrc, Ajah for sale",600.0,Duplex,4.0,4.0,semi-furnished,"Lagos State, Ajah",Ajah,Lagos State,False,"₦ 140,000,000"
2bdrm Apartment in Katampe (Main) for sale,220.0,Apartment,2.0,2.0,unfurnished,"Katampe, Katampe (Main)",Katampe (Main),Katampe,diamond,"₦ 90,000,000"
"3bdrm Duplex in Sherwood Court, Sangotedo for sale",250.0,Duplex,3.0,3.0,unfurnished,"Ajah, Sangotedo",Sangotedo,Ajah,enterprise,"₦ 150,000,000"
5bdrm Duplex in Lekki for sale,500.0,Duplex,5.0,5.0,unfurnished,"Lagos State, Lekki",Lekki,Lagos State,enterprise,"₦ 420,000,000"
2bdrm Maisonette in Ogudu for sale,1000.0,Maisonette,2.0,2.0,unfurnished,"Lagos State, Ogudu",Ogudu,Lagos State,enterprise,"₦ 100,000,000"
2bdrm Apartment in Ikate for sale,500.0,Apartment,2.0,2.0,unfurnished,"Lekki, Ikate",Ikate,Lekki,enterprise,"₦ 220,000,000"
4bdrm Duplex in Ikota for sale,500.0,Duplex,4.0,4.0,unfurnished,"Lekki, Ikota",Ikota,Lekki,enterprise,"₦ 220,000,000"
5bdrm Duplex in Osapa london for sale,500.0,Duplex,5.0,5.0,unfurnished,"Lekki, Osapa london",Osapa london,Lekki,enterprise,"₦ 1,200,000,000"
3bdrm Duplex in Omole Phase 2 for sale,350.0,Duplex,3.0,3.0,unfurnished,"Ikeja, Omole Phase 2",Omole Phase 2,Ikeja,enterprise,"₦ 300,000,000"
4bdrm Duplex in Ologolo for sale,350.0,Duplex,4.0,4.0,unfurnished,"Lekki, Ologolo",Ologolo,Lekki,enterprise,"₦ 250,000,000"
3bdrm Apartment in Ikate for sale,500.0,Apartment,3.0,3.0,unfurnished,"Lekki, Ikate",Ikate,Lekki,enterprise,"₦ 190,000,000"
5bdrm Duplex in Lekki Phase 1 for sale,350.0,Duplex,5.0,5.0,unfurnished,"Lekki, Lekki Phase 1",Lekki Phase 1,Lekki,enterprise,"₦ 750,000,000"
4bdrm Duplex in Ikota for sale,350.0,Duplex,4.0,4.0,unfurnished,"Lekki, Ikota",Ikota,Lekki,enterprise,"₦ 170,000,000"
5bdrm Duplex in Adeniyi Jones Ikeja for sale,150.0,Duplex,5.0,6.0,semi-furnished,"Ikeja, Adeniyi Jones",Adeniyi Jones,Ikeja,diamond,"₦ 650,000,000"
4bdrm Duplex in Dawaki for sale,700.0,Duplex,4.0,5.0,unfurnished,"Gwarinpa, Dawaki",Dawaki,Gwarinpa,diamond,"₦ 350,000,000"
5bdrm Duplex in Lugbe District for sale,800.0,Duplex,5.0,6.0,unfurnished,"Abuja (FCT), Lugbe District",Lugbe District,Abuja (FCT),diamond,"₦ 170,000,000"
4bdrm Duplex in Asokoro Main for sale,1000.0,Duplex,4.0,4.0,unfurnished,"Abuja (FCT), Asokoro",Asokoro,Abuja (FCT),False,"₦ 850,000,000"
5bdrm Duplex in GRA Phase 1 for sale,500.0,Duplex,5.0,5.0,unfurnished,"Magodo, GRA Phase 1",GRA Phase 1,Magodo,enterprise,"₦ 600,000,000"
5bdrm Duplex in Ikota for sale,350.0,Duplex,5.0,5.0,unfurnished,"Lekki, Ikota",Ikota,Lekki,enterprise,"₦ 350,000,000"
4bdrm Duplex in Off Lekki-Epe Expressway for sale,350.0,Duplex,4.0,4.0,unfurnished,"Ajah, Off Lekki-Epe Expressway",Off Lekki-Epe Expressway,Ajah,enterprise,"₦ 130,000,000"
4bdrm Duplex in Chevron for sale,500.0,Duplex,4.0,4.0,unfurnished,"Lekki, Chevron",Chevron,Lekki,enterprise,"₦ 330,000,000"
5bdrm Duplex in Lekki Phase 1 for sale,350.0,Duplex,5.0,5.0,unfurnished,"Lekki, Lekki Phase 1",Lekki Phase 1,Lekki,enterprise,"₦ 750,000,000"
4bdrm Duplex in Lekki for sale,350.0,Duplex,4.0,4.0,unfurnished,"Lagos State, Lekki",Lekki,Lagos State,enterprise,"₦ 150,000,000"
"5bdrm Duplex in $3M, Ikoyi for sale",350.0,Duplex,5.0,5.0,unfurnished,"Lagos State, Ikoyi",Ikoyi,Lagos State,enterprise,"₦ 3,000,000,000"
5bdrm Duplex in Ajah for sale,350.0,Duplex,5.0,5.0,unfurnished,"Lagos State, Ajah",Ajah,Lagos State,enterprise,"₦ 360,000,000"
4bdrm Duplex in Ikoyi for sale,350.0,Duplex,4.0,4.0,unfurnished,"Lagos State, Ikoyi",Ikoyi,Lagos State,enterprise,"₦ 650,000,000"
4bdrm Duplex in Ajah for sale,350.0,Duplex,4.0,4.0,unfurnished,"Lagos State, Ajah",Ajah,Lagos State,enterprise,"₦ 130,000,000"
4bdrm Duplex in Ikate for sale,1000.0,Duplex,4.0,4.0,unfurnished,"Lekki, Ikate",Ikate,Lekki,enterprise,"₦ 300,000,000"
5bdrm Duplex in Lekki for sale,350.0,Duplex,5.0,5.0,unfurnished,"Lagos State, Lekki",Lekki,Lagos State,enterprise,"₦ 350,000,000"
5bdrm Duplex in Ajah for sale,350.0,Duplex,5.0,5.0,unfurnished,"Lagos State, Ajah",Ajah,Lagos State,enterprise,"₦ 300,000,000"
3bdrm Block of Flats in Life Camp for sale,500.0,Block of Flats,3.0,3.0,unfurnished,"Gwarinpa, Life Camp",Life Camp,Gwarinpa,diamond,"₦ 75,000,000"
"4bdrm Duplex in Brains And Hammers, Life Camp for sale",900.0,Duplex,4.0,4.0,unfurnished,"Gwarinpa, Life Camp",Life Camp,Gwarinpa,False,"₦ 90,000,000"
3bdrm Apartment in Jahi for sale,1000.0,Apartment,3.0,3.0,unfurnished,"Abuja (FCT), Jahi",Jahi,Abuja (FCT),False,"₦ 220,000,000"
1bdrm Apartment in Katampe (Main) for sale,190.0,Apartment,1.0,1.0,semi-furnished,"Katampe, Katampe (Main)",Katampe (Main),Katampe,diamond,"₦ 90,000,000"
"2bdrm Apartment in Echellon Apartment, Awoyaya for sale",250.0,Apartment,2.0,2.0,unfurnished,"Ibeju, Awoyaya",Awoyaya,Ibeju,enterprise,"₦ 87,000,000"
4bdrm Duplex in Ikota for sale,350.0,Duplex,4.0,4.0,unfurnished,"Lekki, Ikota",Ikota,Lekki,enterprise,"₦ 260,000,000"
5bdrm Duplex in Osapa london for sale,500.0,Duplex,5.0,5.0,unfurnished,"Lekki, Osapa london",Osapa london,Lekki,enterprise,"₦ 600,000,000"
4bdrm Duplex in Ajah for sale,500.0,Duplex,4.0,4.0,unfurnished,"Lagos State, Ajah",Ajah,Lagos State,enterprise,"₦ 180,000,000"
5bdrm Duplex in Lekki for sale,500.0,Duplex,5.0,5.0,unfurnished,"Lagos State, Lekki",Lekki,Lagos State,enterprise,"₦ 1,200,000,000"
5bdrm Duplex in Ikota for sale,500.0,Duplex,5.0,5.0,unfurnished,"Lekki, Ikota",Ikota,Lekki,enterprise,"₦ 450,000,000"
"6bdrm Duplex in $3.4M, Ikoyi for sale",500.0,Duplex,6.0,6.0,unfurnished,"Lagos State, Ikoyi",Ikoyi,Lagos State,enterprise,"₦ 3,400,000,000"
4bdrm Duplex in Ikota for sale,355.0,Duplex,4.0,4.0,unfurnished,"Lekki, Ikota",Ikota,Lekki,enterprise,"₦ 155,000,000"
5bdrm Duplex in Ikeja GRA for sale,300.0,Duplex,5.0,5.0,unfurnished,"Ikeja, Ikeja GRA",Ikeja GRA,Ikeja,enterprise,"₦ 1,000,000,000"
5bdrm Duplex in Lekki Phase 1 for sale,350.0,Duplex,5.0,5.0,unfurnished,"Lekki, Lekki Phase 1",Lekki Phase 1,Lekki,enterprise,"₦ 550,000,000"
Furnished 4bdrm Duplex in Western Avenue for sale,500.0,Duplex,4.0,4.0,furnished,"Surulere, Western Avenue",Western Avenue,Surulere,enterprise,"₦ 450,000,000"
5bdrm Duplex in Ajah for sale,350.0,Duplex,5.0,5.0,unfurnished,"Lagos State, Ajah",Ajah,Lagos State,enterprise,"₦ 250,000,000"
6bdrm Duplex in Lekki Phase 2 for sale,350.0,Duplex,6.0,6.0,unfurnished,"Lekki, Lekki Phase 2",Lekki Phase 2,Lekki,enterprise,"₦ 400,000,000"
4bdrm Duplex in Ajah for sale,500.0,Duplex,4.0,4.0,unfurnished,"Lagos State, Ajah",Ajah,Lagos State,enterprise,"₦ 250,000,000"
4bdrm Duplex in Ajah for sale,350.0,Duplex,4.0,4.0,unfurnished,"Lagos State, Ajah",Ajah,Lagos State,enterprise,"₦ 170,000,000"
"3bdrm Block of Flats in Daylight Property, Benin City for sale",465.0,Block of Flats,3.0,3.0,unfurnished,"Edo State, Benin City",Benin City,Edo State,diamond,"₦ 13,000,000"
"4bdrm Duplex in Hrc, Ajah for sale",600.0,Duplex,4.0,4.0,semi-furnished,"Lagos State, Ajah",Ajah,Lagos State,False,"₦ 140,000,000"
2bdrm Apartment in Katampe (Main) for sale,220.0,Apartment,2.0,2.0,unfurnished,"Katampe, Katampe (Main)",Katampe (Main),Katampe,diamond,"₦ 90,000,000"
"3bdrm Duplex in Sherwood Court, Sangotedo for sale",250.0,Duplex,3.0,3.0,unfurnished,"Ajah, Sangotedo",Sangotedo,Ajah,enterprise,"₦ 150,000,000"
5bdrm Duplex in Lekki for sale,500.0,Duplex,5.0,5.0,unfurnished,"Lagos State, Lekki",Lekki,Lagos State,enterprise,"₦ 420,000,000"
2bdrm Maisonette in Ogudu for sale,1000.0,Maisonette,2.0,2.0,unfurnished,"Lagos State, Ogudu",Ogudu,Lagos State,enterprise,"₦ 100,000,000"
2bdrm Apartment in Ikate for sale,500.0,Apartment,2.0,2.0,unfurnished,"Lekki, Ikate",Ikate,Lekki,enterprise,"₦ 220,000,000"
4bdrm Duplex in Ikota for sale,500.0,Duplex,4.0,4.0,unfurnished,"Lekki, Ikota",Ikota,Lekki,enterprise,"₦ 220,000,000"
5bdrm Duplex in Osapa london for sale,500.0,Duplex,5.0,5.0,unfurnished,"Lekki, Osapa london",Osapa london,Lekki,enterprise,"₦ 1,200,000,000"
3bdrm Duplex in Omole Phase 2 for sale,350.0,Duplex,3.0,3.0,unfurnished,"Ikeja, Omole Phase 2",Omole Phase 2,Ikeja,enterprise,"₦ 300,000,000"
4bdrm Duplex in Ologolo for sale,350.0,Duplex,4.0,4.0,unfurnished,"Lekki, Ologolo",Ologolo,Lekki,enterprise,"₦ 250,000,000"
3bdrm Apartment in Ikate for sale,500.0,Apartment,3.0,3.0,unfurnished,"Lekki, Ikate",Ikate,Lekki,enterprise,"₦ 190,000,000"
5bdrm Duplex in Lekki Phase 1 for sale,350.0,Duplex,5.0,5.0,unfurnished,"Lekki, Lekki Phase 1",Lekki Phase 1,Lekki,enterprise,"₦ 750,000,000"
4bdrm Duplex in Ikota for sale,350.0,Duplex,4.0,4.0,unfurnished,"Lekki, Ikota",Ikota,Lekki,enterprise,"₦ 170,000,000"
5bdrm Duplex in Adeniyi Jones Ikeja for sale,150.0,Duplex,5.0,6.0,semi-furnished,"Ikeja, Adeniyi Jones",Adeniyi Jones,Ikeja,diamond,"₦ 650,000,000"
4bdrm Duplex in Dawaki for sale,700.0,Duplex,4.0,5.0,unfurnished,"Gwarinpa, Dawaki",Dawaki,Gwarinpa,diamond,"₦ 350,000,000"
5bdrm Duplex in Lugbe District for sale,800.0,Duplex,5.0,6.0,unfurnished,"Abuja (FCT), Lugbe District",Lugbe District,Abuja (FCT),diamond,"₦ 170,000,000"
4bdrm Duplex in Asokoro Main for sale,1000.0,Duplex,4.0,4.0,unfurnished,"Abuja (FCT), Asokoro",Asokoro,Abuja (FCT),False,"₦ 850,000,000"
5bdrm Duplex in Ajah for sale,350.0,Duplex,5.0,5.0,unfurnished,"Lagos State, Ajah",Ajah,Lagos State,enterprise,"₦ 360,000,000"
5bdrm Duplex in GRA Phase 1 for sale,500.0,Duplex,5.0,5.0,unfurnished,"Magodo, GRA Phase 1",GRA Phase 1,Magodo,enterprise,"₦ 600,000,000"
5bdrm Duplex in Ikota for sale,350.0,Duplex,5.0,5.0,unfurnished,"Lekki, Ikota",Ikota,Lekki,enterprise,"₦ 350,000,000"
4bdrm Duplex in Off Lekki-Epe Expressway for sale,350.0,Duplex,4.0,4.0,unfurnished,"Ajah, Off Lekki-Epe Expressway",Off Lekki-Epe Expressway,Ajah,enterprise,"₦ 130,000,000"
4bdrm Duplex in Chevron for sale,500.0,Duplex,4.0,4.0,unfurnished,"Lekki, Chevron",Chevron,Lekki,enterprise,"₦ 330,000,000"
5bdrm Duplex in Lekki Phase 1 for sale,350.0,Duplex,5.0,5.0,unfurnished,"Lekki, Lekki Phase 1",Lekki Phase 1,Lekki,enterprise,"₦ 750,000,000"
4bdrm Duplex in Lekki for sale,350.0,Duplex,4.0,4.0,unfurnished,"Lagos State, Lekki",Lekki,Lagos State,enterprise,"₦ 150,000,000"
"5bdrm Duplex in $3M, Ikoyi for sale",350.0,Duplex,5.0,5.0,unfurnished,"Lagos State, Ikoyi",Ikoyi,Lagos State,enterprise,"₦ 3,000,000,000"
4bdrm Duplex in Ikoyi for sale,350.0,Duplex,4.0,4.0,unfurnished,"Lagos State, Ikoyi",Ikoyi,Lagos State,enterprise,"₦ 650,000,000"
4bdrm Duplex in Ajah for sale,350.0,Duplex,4.0,4.0,unfurnished,"Lagos State, Ajah",Ajah,Lagos State,enterprise,"₦ 130,000,000"
4bdrm Duplex in Ikate for sale,1000.0,Duplex,4.0,4.0,unfurnished,"Lekki, Ikate",Ikate,Lekki,enterprise,"₦ 300,000,000"
5bdrm Duplex in Ajah for sale,350.0,Duplex,5.0,5.0,unfurnished,"Lagos State, Ajah",Ajah,Lagos State,enterprise,"₦ 300,000,000"
5bdrm Duplex in Lekki for sale,350.0,Duplex,5.0,5.0,unfurnished,"Lagos State, Lekki",Lekki,Lagos State,enterprise,"₦ 350,000,000"
3bdrm Block of Flats in Life Camp for sale,500.0,Block of Flats,3.0,3.0,unfurnished,"Gwarinpa, Life Camp",Life Camp,Gwarinpa,diamond,"₦ 75,000,000"
"4bdrm Duplex in Brains And Hammers, Life Camp for sale",900.0,Duplex,4.0,4.0,unfurnished,"Gwarinpa, Life Camp",Life Camp,Gwarinpa,False,"₦ 90,000,000"
3bdrm Apartment in Jahi for sale,1000.0,Apartment,3.0,3.0,unfurnished,"Abuja (FCT), Jahi",Jahi,Abuja (FCT),False,"₦ 220,000,000"
1bdrm Apartment in Katampe (Main) for sale,190.0,Apartment,1.0,1.0,semi-furnished,"Katampe, Katampe (Main)",Katampe (Main),Katampe,diamond,"₦ 90,000,000"
"2bdrm Apartment in Echellon Apartment, Awoyaya for sale",250.0,Apartment,2.0,2.0,unfurnished,"Ibeju, Awoyaya",Awoyaya,Ibeju,enterprise,"₦ 87,000,000"
5bdrm Duplex in Ikota for sale,350.0,Duplex,5.0,5.0,unfurnished,"Lekki, Ikota",Ikota,Lekki,enterprise,"₦ 360,000,000"
5bdrm Duplex in Gaduwa for sale,1000.0,Duplex,5.0,5.0,unfurnished,"Abuja (FCT), Gaduwa",Gaduwa,Abuja (FCT),enterprise,"₦ 250,000,000"
4bdrm Duplex in Banana Island for sale,500.0,Duplex,4.0,4.0,unfurnished,"Ikoyi, Banana Island",Banana Island,Ikoyi,enterprise,"₦ 3,500,000,000"
3bdrm Duplex in Ikate for sale,500.0,Duplex,3.0,3.0,unfurnished,"Lekki, Ikate",Ikate,Lekki,enterprise,"₦ 200,000,000"
4bdrm Duplex in Ikota for sale,350.0,Duplex,4.0,4.0,unfurnished,"Lekki, Ikota",Ikota,Lekki,enterprise,"₦ 260,000,000"
4bdrm Duplex in Ajah for sale,500.0,Duplex,4.0,4.0,unfurnished,"Lagos State, Ajah",Ajah,Lagos State,enterprise,"₦ 180,000,000"
5bdrm Duplex in Osapa london for sale,500.0,Duplex,5.0,5.0,unfurnished,"Lekki, Osapa london",Osapa london,Lekki,enterprise,"₦ 600,000,000"
5bdrm Duplex in Lekki for sale,500.0,Duplex,5.0,5.0,unfurnished,"Lagos State, Lekki",Lekki,Lagos State,enterprise,"₦ 1,200,000,000"
5bdrm Duplex in Ikota for sale,500.0,Duplex,5.0,5.0,unfurnished,"Lekki, Ikota",Ikota,Lekki,enterprise,"₦ 450,000,000"
5bdrm Duplex in Ajah for sale,500.0,Duplex,5.0,5.0,unfurnished,"Lagos State, Ajah",Ajah,Lagos State,enterprise,"₦ 650,000,000"
3bdrm Duplex in Aguda / Surulere for sale,1000.0,Duplex,3.0,3.0,unfurnished,"Surulere, Aguda / Surulere",Aguda / Surulere,Surulere,enterprise,"₦ 250,000,000"
4bdrm Duplex in Ajah for sale,350.0,Duplex,4.0,4.0,unfurnished,"Lagos State, Ajah",Ajah,Lagos State,enterprise,"₦ 160,000,000"
4bdrm Duplex in Ikoyi for sale,350.0,Duplex,4.0,4.0,unfurnished,"Lagos State, Ikoyi",Ikoyi,Lagos State,enterprise,"₦ 550,000,000"
3bdrm Apartment in Victoria Island for sale,350.0,Apartment,3.0,3.0,unfurnished,"Lagos State, Victoria Island",Victoria Island,Lagos State,enterprise,"₦ 380,000,000"
5bdrm Duplex in Lekki for sale,350.0,Duplex,5.0,5.0,unfurnished,"Lagos State, Lekki",Lekki,Lagos State,enterprise,"₦ 140,000,000"
5bdrm Duplex in Lekki for sale,350.0,Duplex,5.0,5.0,unfurnished,"Lagos State, Lekki",Lekki,Lagos State,enterprise,"₦ 800,000,000"
5bdrm Duplex in Chevron for sale,350.0,Duplex,5.0,5.0,unfurnished,"Lekki, Chevron",Chevron,Lekki,enterprise,"₦ 350,000,000"
6bdrm Duplex in Ikate for sale,500.0,Duplex,6.0,6.0,unfurnished,"Lekki, Ikate",Ikate,Lekki,enterprise,"₦ 1,600,000,000"
Mini Flat in Magodo for sale,500.0,,1.0,1.0,unfurnished,"Lagos State, Magodo",Magodo,Lagos State,enterprise,"₦ 45,000,000"
5bdrm Duplex in Lekki Phase 1 for sale,350.0,Duplex,5.0,5.0,unfurnished,"Lekki, Lekki Phase 1",Lekki Phase 1,Lekki,enterprise,"₦ 850,000,000"
"5bdrm Duplex in Greenwood, Ibeju for sale",600.0,Duplex,5.0,5.0,semi-furnished,"Lagos State, Ibeju",Ibeju,Lagos State,diamond,"₦ 170,000,000"
"4bdrm Duplex in Brain Nd Hammer City, Life Camp for sale",500.0,Duplex,4.0,5.0,unfurnished,"Gwarinpa, Life Camp",Life Camp,Gwarinpa,diamond,"₦ 120,000,000"
7bdrm Duplex in Guzape Main for sale,1500.0,Duplex,7.0,7.0,unfurnished,"Abuja (FCT), Guzape District",Guzape District,Abuja (FCT),False,"₦ 2,000,000,000"
4bdrm Duplex in Ogudu for sale,350.0,Duplex,4.0,4.0,unfurnished,"Lagos State, Ogudu",Ogudu,Lagos State,enterprise,"₦ 270,000,000"
4bdrm Duplex in Ajah for sale,500.0,Duplex,4.0,4.0,unfurnished,"Lagos State, Ajah",Ajah,Lagos State,enterprise,"₦ 290,000,000"
3bdrm Duplex in Surulere for sale,500.0,Duplex,3.0,3.0,unfurnished,"Lagos State, Surulere",Surulere,Lagos State,enterprise,"₦ 250,000,000"
2bdrm Apartment in Lekki Phase 1 for sale,600.0,Apartment,2.0,2.0,unfurnished,"Lekki, Lekki Phase 1",Lekki Phase 1,Lekki,enterprise,"₦ 160,000,000"
Mini Flat in Lekki Phase 2 for sale,500.0,,1.0,1.0,unfurnished,"Lekki, Lekki Phase 2",Lekki Phase 2,Lekki,enterprise,"₦ 63,000,000"
5bdrm Duplex in Lekki Phase 1 for sale,350.0,Duplex,5.0,5.0,unfurnished,"Lekki, Lekki Phase 1",Lekki Phase 1,Lekki,enterprise,"₦ 1,100,000,000"
5bdrm Duplex in Ajah for sale,350.0,Duplex,5.0,5.0,unfurnished,"Lagos State, Ajah",Ajah,Lagos State,enterprise,"₦ 200,000,000"
4bdrm Duplex in Ikate for sale,1000.0,Duplex,4.0,4.0,unfurnished,"Lekki, Ikate",Ikate,Lekki,enterprise,"₦ 250,000,000"
4bdrm Duplex in Chevron for sale,500.0,Duplex,4.0,4.0,unfurnished,"Lekki, Chevron",Chevron,Lekki,enterprise,"₦ 460,000,000"
3bdrm Duplex in Lekki for sale,350.0,Duplex,3.0,3.0,unfurnished,"Lagos State, Lekki",Lekki,Lagos State,enterprise,"₦ 180,000,000"
4bdrm Duplex in Ikota for sale,350.0,Duplex,4.0,4.0,unfurnished,"Lekki, Ikota",Ikota,Lekki,enterprise,"₦ 150,000,000"
5bdrm Duplex in Lekki Phase 1 for sale,350.0,Duplex,5.0,5.0,unfurnished,"Lekki, Lekki Phase 1",Lekki Phase 1,Lekki,enterprise,"₦ 950,000,000"
3bdrm Block of Flats in GRA Phase 2 Shangisha for sale,500.0,Block of Flats,3.0,3.0,unfurnished,"Magodo, GRA Phase 2 Shangisha",GRA Phase 2 Shangisha,Magodo,enterprise,"₦ 220,000,000"
2bdrm Apartment in Ikate for sale,1000.0,Apartment,2.0,2.0,unfurnished,"Lekki, Ikate",Ikate,Lekki,enterprise,"₦ 200,000,000"
4bdrm Duplex in Life Camp for sale,700.0,Duplex,4.0,4.0,unfurnished,"Gwarinpa, Life Camp",Life Camp,Gwarinpa,diamond,"₦ 150,000,000"
4bdrm Duplex in Gwarinpa for sale,700.0,Duplex,4.0,5.0,unfurnished,"Abuja (FCT), Gwarinpa",Gwarinpa,Abuja (FCT),diamond,"₦ 300,000,000"
4bdrm Duplex in Guzape Main for sale,1000.0,Duplex,4.0,4.0,unfurnished,"Abuja (FCT), Guzape District",Guzape District,Abuja (FCT),False,"₦ 450,000,000"
4bdrm Duplex in Guzape for sale,1000.0,Duplex,4.0,4.0,unfurnished,"Abuja (FCT), Guzape District",Guzape District,Abuja (FCT),False,"₦ 420,000,000"
4bdrm Duplex in Asokoro for sale,1000.0,Duplex,4.0,4.0,unfurnished,"Abuja (FCT), Asokoro",Asokoro,Abuja (FCT),False,"₦ 500,000,000"
3bdrm Apartment in Jakande for sale,1000.0,Apartment,3.0,3.0,unfurnished,"Lekki, Jakande",Jakande,Lekki,enterprise,"₦ 150,000,000"
6bdrm Duplex in Ajah for sale,500.0,Duplex,6.0,6.0,unfurnished,"Lagos State, Ajah",Ajah,Lagos State,enterprise,"₦ 850,000,000"
5bdrm Duplex in Ikota for sale,450.0,Duplex,5.0,5.0,unfurnished,"Lekki, Ikota",Ikota,Lekki,enterprise,"₦ 470,000,000"
"2bdrm Maisonette in & 3Bedroom, FHA for sale",1000.0,Maisonette,2.0,2.0,unfurnished,"Lugbe District, FHA",FHA,Lugbe District,enterprise,"₦ 69,000,000"
5bdrm Duplex in Ikota for sale,350.0,Duplex,5.0,5.0,unfurnished,"Lekki, Ikota",Ikota,Lekki,enterprise,"₦ 450,000,000"
5bdrm Duplex in Chevron for sale,300.0,Duplex,5.0,5.0,unfurnished,"Lekki, Chevron",Chevron,Lekki,enterprise,"₦ 520,000,000"
5bdrm Duplex in Off Lekki-Epe Expressway for sale,310.0,Duplex,5.0,5.0,unfurnished,"Ajah, Off Lekki-Epe Expressway",Off Lekki-Epe Expressway,Ajah,enterprise,"₦ 310,000,000"
4bdrm Duplex in Lekki Phase 2 for sale,350.0,Duplex,4.0,4.0,unfurnished,"Lekki, Lekki Phase 2",Lekki Phase 2,Lekki,enterprise,"₦ 180,000,000"
4bdrm Duplex in Lekki for sale,350.0,Duplex,4.0,4.0,unfurnished,"Lagos State, Lekki",Lekki,Lagos State,enterprise,"₦ 300,000,000"
5bdrm Duplex in Lekki Phase 1 for sale,500.0,Duplex,5.0,5.0,unfurnished,"Lekki, Lekki Phase 1",Lekki Phase 1,Lekki,enterprise,"₦ 980,000,000"
5bdrm Duplex in VGC / Ajah for sale,500.0,Duplex,5.0,5.0,unfurnished,"Ajah, VGC / Ajah",VGC / Ajah,Ajah,enterprise,"₦ 1,300,000,000"
5bdrm Duplex in Ajah for sale,350.0,Duplex,5.0,5.0,unfurnished,"Lagos State, Ajah",Ajah,Lagos State,enterprise,"₦ 300,000,000"
5bdrm Duplex in Ikate for sale,350.0,Duplex,5.0,5.0,unfurnished,"Lekki, Ikate",Ikate,Lekki,enterprise,"₦ 750,000,000"
4bdrm Duplex in Ikota for sale,350.0,Duplex,4.0,4.0,unfurnished,"Lekki, Ikota",Ikota,Lekki,enterprise,"₦ 280,000,000"
4bdrm Duplex in Ajah for sale,350.0,Duplex,4.0,4.0,unfurnished,"Lagos State, Ajah",Ajah,Lagos State,enterprise,"₦ 180,000,000"
"4bdrm Duplex in Army Estate, Kubwa for sale",500.0,Duplex,4.0,5.0,unfurnished,"Abuja (FCT), Kubwa",Kubwa,Abuja (FCT),diamond,"₦ 160,000,000"
Furnished 2bdrm Block of Flats in Katampe (Main) for sale,500.0,Block of Flats,2.0,3.0,furnished,"Katampe, Katampe (Main)",Katampe (Main),Katampe,diamond,"₦ 150,000,000"
"4bdrm Bungalow in Daylight Property, Benin City for sale",456.0,Bungalow,4.0,4.0,unfurnished,"Edo State, Benin City",Benin City,Edo State,diamond,"₦ 16,000,000"
5bdrm Duplex in Jahi for sale,400.0,Duplex,5.0,5.0,semi-furnished,"Abuja (FCT), Jahi",Jahi,Abuja (FCT),diamond,"₦ 600,000,000"
5bdrm Duplex in Ajah for sale,350.0,Duplex,5.0,5.0,unfurnished,"Lagos State, Ajah",Ajah,Lagos State,enterprise,"₦ 150,000,000"
5bdrm Duplex in Ikota for sale,500.0,Duplex,5.0,5.0,unfurnished,"Lekki, Ikota",Ikota,Lekki,enterprise,"₦ 420,000,000"
5bdrm Duplex in Chevron for sale,350.0,Duplex,5.0,5.0,unfurnished,"Lekki, Chevron",Chevron,Lekki,enterprise,"₦ 680,000,000"
1bdrm Apartment in Lekki Phase 1 for sale,1000.0,Apartment,1.0,1.0,unfurnished,"Lekki, Lekki Phase 1",Lekki Phase 1,Lekki,enterprise,"₦ 170,000,000"
4bdrm Duplex in Ikate for sale,500.0,Duplex,4.0,4.0,unfurnished,"Lekki, Ikate",Ikate,Lekki,enterprise,"₦ 1,200,000,000"
4bdrm Maisonette in Lekki Phase 1 for sale,1000.0,Maisonette,4.0,4.0,unfurnished,"Lekki, Lekki Phase 1",Lekki Phase 1,Lekki,enterprise,"₦ 300,000,000"
4bdrm Duplex in Ikate for sale,500.0,Duplex,4.0,4.0,unfurnished,"Lekki, Ikate",Ikate,Lekki,enterprise,"₦ 185,000,000"
4bdrm Duplex in Ikota for sale,350.0,Duplex,4.0,4.0,unfurnished,"Lekki, Ikota",Ikota,Lekki,enterprise,"₦ 170,000,000"
4bdrm Duplex in Lekki for sale,500.0,Duplex,4.0,4.0,unfurnished,"Lagos State, Lekki",Lekki,Lagos State,enterprise,"₦ 250,000,000"
3bdrm Block of Flats in Surulere for sale,600.0,Block of Flats,3.0,3.0,unfurnished,"Lagos State, Surulere",Surulere,Lagos State,enterprise,"₦ 110,000,000"
5bdrm Duplex in Kiami for sale,1000.0,Duplex,5.0,5.0,unfurnished,"Lugbe District, Kiami",Kiami,Lugbe District,enterprise,"₦ 120,000,000"
3bdrm Bungalow in Kubwa for sale,700.0,Bungalow,3.0,4.0,unfurnished,"Abuja (FCT), Kubwa",Kubwa,Abuja (FCT),diamond,"₦ 75,000,000"
"3bdrm Block of Flats in Daylight Property, Benin City for sale",624.0,Block of Flats,3.0,3.0,unfurnished,"Edo State, Benin City",Benin City,Edo State,diamond,"₦ 50,000,000"
4bdrm Duplex in Guzape for sale,1000.0,Duplex,4.0,4.0,unfurnished,"Abuja (FCT), Guzape District",Guzape District,Abuja (FCT),False,"₦ 400,000,000"
4bdrm Duplex in Ajah for sale,350.0,Duplex,4.0,4.0,unfurnished,"Lagos State, Ajah",Ajah,Lagos State,enterprise,"₦ 220,000,000"
4bdrm Maisonette in Banana Island for sale,350.0,Maisonette,4.0,4.0,unfurnished,"Ikoyi, Banana Island",Banana Island,Ikoyi,enterprise,"₦ 800,000,000"
4bdrm Duplex in Ikota for sale,350.0,Duplex,4.0,4.0,unfurnished,"Lekki, Ikota",Ikota,Lekki,enterprise,"₦ 250,000,000"
4bdrm Duplex in Ajah for sale,350.0,Duplex,4.0,4.0,unfurnished,"Lagos State, Ajah",Ajah,Lagos State,enterprise,"₦ 95,000,000"
5bdrm Duplex in Ajah for sale,500.0,Duplex,5.0,5.0,unfurnished,"Lagos State, Ajah",Ajah,Lagos State,enterprise,"₦ 250,000,000"
4bdrm Duplex in GRA Phase 1 for sale,500.0,Duplex,4.0,4.0,unfurnished,"Magodo, GRA Phase 1",GRA Phase 1,Magodo,enterprise,"₦ 280,000,000"
5bdrm Duplex in Ajah for sale,500.0,Duplex,5.0,5.0,unfurnished,"Lagos State, Ajah",Ajah,Lagos State,enterprise,"₦ 250,000,000"
12bdrm Room & Parlour in Benin City for sale,500.0,Room & Parlour,12.0,12.0,unfurnished,"Edo State, Benin City",Benin City,Edo State,enterprise,"₦ 25,000,000"
5bdrm Duplex in Lekki for sale,350.0,Duplex,5.0,5.0,unfurnished,"Lagos State, Lekki",Lekki,Lagos State,enterprise,"₦ 300,000,000"
2bdrm Apartment in Lekki Phase 1 for sale,500.0,Apartment,2.0,2.0,unfurnished,"Lekki, Lekki Phase 1",Lekki Phase 1,Lekki,enterprise,"₦ 280,000,000"
4bdrm Duplex in Lekki for sale,350.0,Duplex,4.0,4.0,unfurnished,"Lagos State, Lekki",Lekki,Lagos State,enterprise,"₦ 170,000,000"
4bdrm Duplex in Life Camp for sale,700.0,Duplex,4.0,5.0,unfurnished,"Gwarinpa, Life Camp",Life Camp,Gwarinpa,diamond,"₦ 100,000,000"
4bdrm Duplex in Life Camp for sale,500.0,Duplex,4.0,5.0,unfurnished,"Gwarinpa, Life Camp",Life Camp,Gwarinpa,diamond,"₦ 65,000,000"
"Mini Flat in Daylight Property, Benin City for sale",456.0,,1.0,1.0,unfurnished,"Edo State, Benin City",Benin City,Edo State,diamond,"₦ 9,000,000"
"Furnished 5bdrm Duplex in 5 Bedroom Duplex, Owerri for sale",300.0,Duplex,5.0,5.0,furnished,"Imo State, Owerri",Owerri,Imo State,diamond,"₦ 180,000,000"
"Furnished 3bdrm Duplex in Belham Estate, Karsana for sale",200.0,Duplex,3.0,3.0,furnished,"Gwagwa, Karsana",Karsana,Gwagwa,diamond,"₦ 220,000,000"
5bdrm Duplex in Lekki Phase 1 for sale,350.0,Duplex,5.0,5.0,unfurnished,"Lekki, Lekki Phase 1",Lekki Phase 1,Lekki,enterprise,"₦ 850,000,000"
5bdrm Duplex in Off Lekki-Epe Expressway for sale,350.0,Duplex,5.0,5.0,unfurnished,"Ajah, Off Lekki-Epe Expressway",Off Lekki-Epe Expressway,Ajah,enterprise,"₦ 250,000,000"
5bdrm Duplex in Lekki Phase 1 for sale,500.0,Duplex,5.0,5.0,unfurnished,"Lekki, Lekki Phase 1",Lekki Phase 1,Lekki,enterprise,"₦ 980,000,000"
5bdrm Duplex in Lekki for sale,350.0,Duplex,5.0,5.0,unfurnished,"Lagos State, Lekki",Lekki,Lagos State,enterprise,"₦ 400,000,000"
5bdrm Duplex in Ikota for sale,350.0,Duplex,5.0,5.0,unfurnished,"Lekki, Ikota",Ikota,Lekki,enterprise,"₦ 300,000,000"
5bdrm Duplex in Lekki for sale,350.0,Duplex,5.0,5.0,unfurnished,"Lagos State, Lekki",Lekki,Lagos State,enterprise,"₦ 550,000,000"
"4bdrm Penthouse in ($1.2M), Victoria Island for sale",350.0,Penthouse,4.0,4.0,unfurnished,"Lagos State, Victoria Island",Victoria Island,Lagos State,enterprise,"₦ 1,200,000,000"
5bdrm Apartment in Adamo for sale,600.0,Apartment,5.0,5.0,unfurnished,"Ikorodu, Adamo",Adamo,Ikorodu,enterprise,"₦ 28,000,000"
4bdrm Penthouse in Ikate for sale,1000.0,Penthouse,4.0,4.0,unfurnished,"Lekki, Ikate",Ikate,Lekki,enterprise,"₦ 450,000,000"
4bdrm Duplex in Lekki Phase 2 for sale,500.0,Duplex,4.0,4.0,unfurnished,"Lekki, Lekki Phase 2",Lekki Phase 2,Lekki,enterprise,"₦ 200,000,000"
3bdrm Bungalow in Kubwa for sale,450.0,Bungalow,3.0,4.0,unfurnished,"Abuja (FCT), Kubwa",Kubwa,Abuja (FCT),diamond,"₦ 55,000,000"
"2bdrm Apartment in Autograph Lagos, Ikate for sale",250.0,Apartment,2.0,2.0,unfurnished,"Lekki, Ikate",Ikate,Lekki,enterprise,"₦ 200,000,000"
"3bdrm Bungalow in Urban Signature, Eleko for sale",250.0,Bungalow,3.0,3.0,unfurnished,"Ibeju, Eleko",Eleko,Ibeju,enterprise,"₦ 95,000,000"
5bdrm Duplex in Old Ikoyi for sale,500.0,Duplex,5.0,5.0,unfurnished,"Ikoyi, Old Ikoyi",Old Ikoyi,Ikoyi,enterprise,"₦ 1,500,000,000"
5bdrm Block of Flats in Agric for sale,600.0,Block of Flats,5.0,5.0,unfurnished,"Ikorodu, Agric",Agric,Ikorodu,enterprise,"₦ 100,000,000"
5bdrm Duplex in Agungi for sale,350.0,Duplex,5.0,5.0,unfurnished,"Lekki, Agungi",Agungi,Lekki,enterprise,"₦ 230,000,000"
4bdrm Duplex in Ajah for sale,500.0,Duplex,4.0,4.0,unfurnished,"Lagos State, Ajah",Ajah,Lagos State,enterprise,"₦ 120,000,000"
2bdrm Apartment in Ikate for sale,1000.0,Apartment,2.0,2.0,unfurnished,"Lekki, Ikate",Ikate,Lekki,enterprise,"₦ 145,000,000"
4bdrm Duplex in Ajah for sale,350.0,Duplex,4.0,4.0,unfurnished,"Lagos State, Ajah",Ajah,Lagos State,enterprise,"₦ 170,000,000"
5bdrm Duplex in Osapa london for sale,500.0,Duplex,5.0,5.0,unfurnished,"Lekki, Osapa london",Osapa london,Lekki,enterprise,"₦ 1,550,000,000"
5bdrm Duplex in Chevron for sale,500.0,Duplex,5.0,5.0,unfurnished,"Lekki, Chevron",Chevron,Lekki,enterprise,"₦ 480,000,000"
4bdrm Duplex in Old Ikoyi for sale,1000.0,Duplex,4.0,4.0,unfurnished,"Ikoyi, Old Ikoyi",Old Ikoyi,Ikoyi,enterprise,"₦ 1,750,000,000"
4bdrm Duplex in Lekki Phase 2 for sale,350.0,Duplex,4.0,4.0,unfurnished,"Lekki, Lekki Phase 2",Lekki Phase 2,Lekki,enterprise,"₦ 95,000,000"
2bdrm Apartment in Ikate for sale,600.0,Apartment,2.0,2.0,unfurnished,"Lekki, Ikate",Ikate,Lekki,enterprise,"₦ 125,000,000"
2bdrm Apartment in Victoria Island for sale,1000.0,Apartment,2.0,2.0,unfurnished,"Lagos State, Victoria Island",Victoria Island,Lagos State,enterprise,"₦ 290,000,000"
4bdrm Duplex in Ajah for sale,500.0,Duplex,4.0,4.0,unfurnished,"Lagos State, Ajah",Ajah,Lagos State,enterprise,"₦ 180,000,000"
4bdrm Duplex in Ikota for sale,350.0,Duplex,4.0,4.0,unfurnished,"Lekki, Ikota",Ikota,Lekki,enterprise,"₦ 180,000,000"
4bdrm Duplex in Dawaki for sale,700.0,Duplex,4.0,5.0,unfurnished,"Gwarinpa, Dawaki",Dawaki,Gwarinpa,diamond,"₦ 220,000,000"
4bdrm Duplex in Ikota for sale,350.0,Duplex,4.0,4.0,unfurnished,"Lekki, Ikota",Ikota,Lekki,enterprise,"₦ 170,000,000"
5bdrm Duplex in Ikota for sale,350.0,Duplex,5.0,5.0,unfurnished,"Lekki, Ikota",Ikota,Lekki,enterprise,"₦ 250,000,000"
5bdrm Duplex in Bourdillon for sale,500.0,Duplex,5.0,5.0,unfurnished,"Ikoyi, Bourdillon",Bourdillon,Ikoyi,enterprise,"₦ 5,000,000,000"
5bdrm Duplex in Off Lekki-Epe Expressway for sale,350.0,Duplex,5.0,5.0,unfurnished,"Ajah, Off Lekki-Epe Expressway",Off Lekki-Epe Expressway,Ajah,enterprise,"₦ 300,000,000"
4bdrm Duplex in Ikate for sale,600.0,Duplex,4.0,4.0,unfurnished,"Lekki, Ikate",Ikate,Lekki,enterprise,"₦ 250,000,000"
5bdrm Duplex in Lekki Phase 2 for sale,500.0,Duplex,5.0,5.0,unfurnished,"Lekki, Lekki Phase 2",Lekki Phase 2,Lekki,enterprise,"₦ 550,000,000"
5bdrm Duplex in Lekki for sale,350.0,Duplex,5.0,5.0,unfurnished,"Lagos State, Lekki",Lekki,Lagos State,enterprise,"₦ 500,000,000"
5bdrm Duplex in Lekki Phase 1 for sale,500.0,Duplex,5.0,5.0,unfurnished,"Lekki, Lekki Phase 1",Lekki Phase 1,Lekki,enterprise,"₦ 550,000,000"
5bdrm Duplex in Chevron for sale,350.0,Duplex,5.0,5.0,unfurnished,"Lekki, Chevron",Chevron,Lekki,enterprise,"₦ 420,000,000"
5bdrm Duplex in Ajah for sale,500.0,Duplex,5.0,5.0,unfurnished,"Lagos State, Ajah",Ajah,Lagos State,enterprise,"₦ 285,000,000"
5bdrm Duplex in Lekki for sale,350.0,Duplex,5.0,5.0,unfurnished,"Lagos State, Lekki",Lekki,Lagos State,enterprise,"₦ 250,000,000"
6bdrm Duplex in Osapa london for sale,500.0,Duplex,6.0,6.0,unfurnished,"Lekki, Osapa london",Osapa london,Lekki,enterprise,"₦ 1,700,000,000"
5bdrm Duplex in Lekki for sale,350.0,Duplex,5.0,5.0,unfurnished,"Lagos State, Lekki",Lekki,Lagos State,enterprise,"₦ 350,000,000"
4bdrm Duplex in Ikota for sale,350.0,Duplex,4.0,4.0,unfurnished,"Lekki, Ikota",Ikota,Lekki,enterprise,"₦ 220,000,000"
5bdrm Duplex in Lekki for sale,350.0,Duplex,5.0,5.0,unfurnished,"Lagos State, Lekki",Lekki,Lagos State,enterprise,"₦ 450,000,000"
4bdrm Duplex in Ikota for sale,500.0,Duplex,4.0,4.0,unfurnished,"Lekki, Ikota",Ikota,Lekki,enterprise,"₦ 130,000,000"
Furnished 4bdrm Duplex in Chevron for sale,278.0,Duplex,4.0,4.0,furnished,"Lekki, Chevron",Chevron,Lekki,diamond,"₦ 280,000,000"
"3bdrm Block of Flats in Berger Clinic, Life Camp for sale",700.0,Block of Flats,3.0,4.0,unfurnished,"Gwarinpa, Life Camp",Life Camp,Gwarinpa,diamond,"₦ 130,000,000"
5bdrm Duplex in Katampe (Main) for sale,400.0,Duplex,5.0,5.0,unfurnished,"Katampe, Katampe (Main)",Katampe (Main),Katampe,diamond,"₦ 550,000,000"
3bdrm Apartment in Ikeja GRA for sale,250.0,Apartment,3.0,3.0,unfurnished,"Ikeja, Ikeja GRA",Ikeja GRA,Ikeja,enterprise,"₦ 440,000,000"
4bdrm Duplex in Ajah for sale,350.0,Duplex,4.0,4.0,unfurnished,"Lagos State, Ajah",Ajah,Lagos State,enterprise,"₦ 250,000,000"
5bdrm Duplex in GRA Phase 2 Shangisha for sale,500.0,Duplex,5.0,5.0,unfurnished,"Magodo, GRA Phase 2 Shangisha",GRA Phase 2 Shangisha,Magodo,enterprise,"₦ 750,000,000"
5bdrm Duplex in Lekki for sale,350.0,Duplex,5.0,5.0,unfurnished,"Lagos State, Lekki",Lekki,Lagos State,enterprise,"₦ 380,000,000"
4bdrm Duplex in Ikate for sale,350.0,Duplex,4.0,4.0,unfurnished,"Lekki, Ikate",Ikate,Lekki,enterprise,"₦ 450,000,000"
5bdrm Duplex in Osapa london for sale,350.0,Duplex,5.0,5.0,unfurnished,"Lekki, Osapa london",Osapa london,Lekki,enterprise,"₦ 550,000,000"
4bdrm Duplex in Lekki Phase 2 for sale,350.0,Duplex,4.0,4.0,unfurnished,"Lekki, Lekki Phase 2",Lekki Phase 2,Lekki,enterprise,"₦ 200,000,000"
Furnished 4bdrm Duplex in Chevron for sale,350.0,Duplex,4.0,4.0,furnished,"Lekki, Chevron",Chevron,Lekki,enterprise,"₦ 260,000,000"
4bdrm Duplex in Yaba for sale,1000.0,Duplex,4.0,4.0,unfurnished,"Lagos State, Yaba",Yaba,Lagos State,enterprise,"₦ 200,000,000"
4bdrm Duplex in Lekki Phase 2 for sale,500.0,Duplex,4.0,4.0,unfurnished,"Lekki, Lekki Phase 2",Lekki Phase 2,Lekki,enterprise,"₦ 150,000,000"
5bdrm Duplex in Ajah for sale,350.0,Duplex,5.0,5.0,unfurnished,"Lagos State, Ajah",Ajah,Lagos State,enterprise,"₦ 300,000,000"
5bdrm Duplex in Lekki for sale,350.0,Duplex,5.0,5.0,unfurnished,"Lagos State, Lekki",Lekki,Lagos State,enterprise,"₦ 220,000,000"
4bdrm Duplex in Ajah for sale,500.0,Duplex,4.0,4.0,unfurnished,"Lagos State, Ajah",Ajah,Lagos State,enterprise,"₦ 500,000,000"
5bdrm Duplex in Ikota for sale,350.0,Duplex,5.0,5.0,unfurnished,"Lekki, Ikota",Ikota,Lekki,enterprise,"₦ 350,000,000"
4bdrm Duplex in Ajah for sale,350.0,Duplex,4.0,4.0,unfurnished,"Lagos State, Ajah",Ajah,Lagos State,enterprise,"₦ 180,000,000"
5bdrm Duplex in Ikota for sale,350.0,Duplex,5.0,5.0,unfurnished,"Lekki, Ikota",Ikota,Lekki,enterprise,"₦ 490,000,000"
4bdrm Duplex in Ikota for sale,350.0,Duplex,4.0,4.0,unfurnished,"Lekki, Ikota",Ikota,Lekki,enterprise,"₦ 250,000,000"
Furnished 5bdrm House in Makurdi for sale,939.0,House,5.0,4.0,furnished,"Benue State, Makurdi",Makurdi,Benue State,False,"₦ 85,000,000"
2bdrm Duplex in Katampe (Main) for sale,500.0,Duplex,2.0,3.0,unfurnished,"Katampe, Katampe (Main)",Katampe (Main),Katampe,diamond,"₦ 90,000,000"
3bdrm Block of Flats in Kubwa for sale,700.0,Block of Flats,3.0,4.0,unfurnished,"Abuja (FCT), Kubwa",Kubwa,Abuja (FCT),diamond,"₦ 50,000,000"
3bdrm Bungalow in Dutse-Alhaji for sale,700.0,Bungalow,3.0,4.0,unfurnished,"Abuja (FCT), Dutse-Alhaji",Dutse-Alhaji,Abuja (FCT),diamond,"₦ 30,000,000"
"4bdrm House in Ire Estate, Igbogbo for sale",600.0,House,4.0,4.0,unfurnished,"Ikorodu, Igbogbo",Igbogbo,Ikorodu,diamond,"₦ 20,000,000"
"4bdrm Duplex in Guza Main, Guzape District for sale",1000.0,Duplex,4.0,4.0,unfurnished,"Abuja (FCT), Guzape District",Guzape District,Abuja (FCT),False,"₦ 800,000,000"
3bdrm Duplex in Galadimawa for sale,180.0,Duplex,3.0,3.0,semi-furnished,"Abuja (FCT), Galadimawa",Galadimawa,Abuja (FCT),diamond,"₦ 160,000,000"
5bdrm Duplex in Chevron for sale,500.0,Duplex,5.0,5.0,unfurnished,"Lekki, Chevron",Chevron,Lekki,enterprise,"₦ 900,000,000"
5bdrm Duplex in Chevron for sale,500.0,Duplex,5.0,5.0,unfurnished,"Lekki, Chevron",Chevron,Lekki,enterprise,"₦ 400,000,000"
2bdrm Apartment in Lekki Phase 1 for sale,500.0,Apartment,2.0,2.0,unfurnished,"Lekki, Lekki Phase 1",Lekki Phase 1,Lekki,enterprise,"₦ 300,000,000"
"4bdrm Duplex in $900, 000, Old Ikoyi for sale",1000.0,Duplex,4.0,4.0,unfurnished,"Ikoyi, Old Ikoyi",Old Ikoyi,Ikoyi,enterprise,"₦ 900,000,000"
3bdrm Duplex in Lekki for sale,500.0,Duplex,3.0,5.0,unfurnished,"Lagos State, Lekki",Lekki,Lagos State,enterprise,"₦ 560,000,000"
5bdrm Duplex in Lekki for sale,350.0,Duplex,5.0,5.0,unfurnished,"Lagos State, Lekki",Lekki,Lagos State,enterprise,"₦ 600,000,000"
5bdrm Duplex in Osapa london for sale,500.0,Duplex,5.0,5.0,unfurnished,"Lekki, Osapa london",Osapa london,Lekki,enterprise,"₦ 390,000,000"
4bdrm Duplex in Off Lekki-Epe Expressway for sale,500.0,Duplex,4.0,4.0,unfurnished,"Ajah, Off Lekki-Epe Expressway",Off Lekki-Epe Expressway,Ajah,enterprise,"₦ 150,000,000"
5bdrm Duplex in Ikoyi for sale,500.0,Duplex,5.0,5.0,unfurnished,"Lagos State, Ikoyi",Ikoyi,Lagos State,enterprise,"₦ 2,800,000,000"
5bdrm Duplex in Lekki Phase 2 for sale,350.0,Duplex,5.0,5.0,unfurnished,"Lekki, Lekki Phase 2",Lekki Phase 2,Lekki,enterprise,"₦ 385,000,000"
5bdrm Duplex in Ikeja GRA for sale,1000.0,Duplex,5.0,5.0,unfurnished,"Ikeja, Ikeja GRA",Ikeja GRA,Ikeja,enterprise,"₦ 1,100,000,000"
5bdrm Duplex in Ikota for sale,500.0,Duplex,5.0,5.0,unfurnished,"Lekki, Ikota",Ikota,Lekki,enterprise,"₦ 380,000,000"
2bdrm Apartment in Osapa london for sale,500.0,Apartment,2.0,2.0,unfurnished,"Lekki, Osapa london",Osapa london,Lekki,enterprise,"₦ 180,000,000"
2bdrm Apartment in Ilasan for sale,1000.0,Apartment,2.0,2.0,unfurnished,"Lekki, Ilasan",Ilasan,Lekki,enterprise,"₦ 125,000,000"
4bdrm Duplex in Oregun for sale,500.0,Duplex,4.0,4.0,unfurnished,"Ikeja, Oregun",Oregun,Ikeja,enterprise,"₦ 300,000,000"
4bdrm Duplex in Ikota for sale,350.0,Duplex,4.0,4.0,unfurnished,"Lekki, Ikota",Ikota,Lekki,enterprise,"₦ 220,000,000"
"5bdrm Duplex in Lekki, Osapa london for sale",350.0,Duplex,5.0,5.0,unfurnished,"Lekki, Osapa london",Osapa london,Lekki,enterprise,"₦ 300,000,000"
2bdrm Apartment in Guzape District for sale,180.0,Apartment,2.0,2.0,semi-furnished,"Abuja (FCT), Guzape District",Guzape District,Abuja (FCT),diamond,"₦ 120,000,000"
5bdrm Duplex in Ajah for sale,350.0,Duplex,5.0,5.0,unfurnished,"Lagos State, Ajah",Ajah,Lagos State,enterprise,"₦ 230,000,000"
5bdrm Duplex in Sangotedo for sale,500.0,Duplex,5.0,5.0,unfurnished,"Ajah, Sangotedo",Sangotedo,Ajah,enterprise,"₦ 400,000,000"
5bdrm Duplex in Lekki for sale,350.0,Duplex,5.0,5.0,unfurnished,"Lagos State, Lekki",Lekki,Lagos State,enterprise,"₦ 300,000,000"
2bdrm Apartment in Lekki Phase 1 for sale,600.0,Apartment,2.0,2.0,unfurnished,"Lekki, Lekki Phase 1",Lekki Phase 1,Lekki,enterprise,"₦ 250,000,000"
4bdrm Duplex in Ajah for sale,350.0,Duplex,4.0,4.0,unfurnished,"Lagos State, Ajah",Ajah,Lagos State,enterprise,"₦ 140,000,000"
5bdrm Duplex in Ajah for sale,350.0,Duplex,5.0,5.0,unfurnished,"Lagos State, Ajah",Ajah,Lagos State,enterprise,"₦ 250,000,000"
5bdrm Duplex in Lekki Phase 1 for sale,500.0,Duplex,5.0,5.0,unfurnished,"Lekki, Lekki Phase 1",Lekki Phase 1,Lekki,enterprise,"₦ 700,000,000"
3bdrm Duplex in Kiami for sale,1000.0,Duplex,3.0,3.0,unfurnished,"Lugbe District, Kiami",Kiami,Lugbe District,enterprise,"₦ 70,000,000"
5bdrm Duplex in Idado for sale,350.0,Duplex,5.0,5.0,unfurnished,"Lekki, Idado",Idado,Lekki,enterprise,"₦ 450,000,000"
3bdrm Duplex in Agungi for sale,500.0,Duplex,3.0,3.0,unfurnished,"Lekki, Agungi",Agungi,Lekki,enterprise,"₦ 170,000,000"
5bdrm Duplex in Magodo for sale,350.0,Duplex,5.0,5.0,unfurnished,"Lagos State, Magodo",Magodo,Lagos State,enterprise,"₦ 400,000,000"
2bdrm Apartment in Lekki for sale,500.0,Apartment,2.0,2.0,unfurnished,"Lagos State, Lekki",Lekki,Lagos State,enterprise,"₦ 120,000,000"
5bdrm Duplex in Ajah for sale,350.0,Duplex,5.0,5.0,unfurnished,"Lagos State, Ajah",Ajah,Lagos State,enterprise,"₦ 230,000,000"
4bdrm Duplex in Ajah for sale,350.0,Duplex,4.0,4.0,unfurnished,"Lagos State, Ajah",Ajah,Lagos State,enterprise,"₦ 250,000,000"
"4bdrm Duplex in Akwaka Estate, Port-Harcourt for sale",289.0,Duplex,4.0,5.0,unfurnished,"Rivers State, Port-Harcourt",Port-Harcourt,Rivers State,enterprise,"₦ 190,000,000"
5bdrm Duplex in Lekki Phase 1 for sale,200.0,Duplex,5.0,5.0,unfurnished,"Lekki, Lekki Phase 1",Lekki Phase 1,Lekki,diamond,"₦ 350,000,000"
1bdrm Block of Flats in Life Camp for sale,700.0,Block of Flats,1.0,2.0,unfurnished,"Gwarinpa, Life Camp",Life Camp,Gwarinpa,diamond,"₦ 18,000,000"
4bdrm Duplex in Life Camp for sale,700.0,Duplex,4.0,4.0,unfurnished,"Gwarinpa, Life Camp",Life Camp,Gwarinpa,diamond,"₦ 65,000,000"
4bdrm Duplex in Guzape Main for sale,1000.0,Duplex,4.0,4.0,unfurnished,"Abuja (FCT), Guzape District",Guzape District,Abuja (FCT),False,"₦ 450,000,000"
"2bdrm Apartment in Ambiance Apartments, Lekki Phase 1 for sale",250.0,Apartment,2.0,2.0,unfurnished,"Lekki, Lekki Phase 1",Lekki Phase 1,Lekki,enterprise,"₦ 250,000,000"
5bdrm Duplex in Lekki Phase 1 for sale,500.0,Duplex,5.0,5.0,unfurnished,"Lekki, Lekki Phase 1",Lekki Phase 1,Lekki,enterprise,"₦ 980,000,000"
3bdrm Duplex in Ajah for sale,500.0,Duplex,3.0,3.0,unfurnished,"Lagos State, Ajah",Ajah,Lagos State,enterprise,"₦ 80,000,000"
5bdrm Duplex in Chevron for sale,500.0,Duplex,5.0,5.0,unfurnished,"Lekki, Chevron",Chevron,Lekki,enterprise,"₦ 450,000,000"
8bdrm Block of Flats in Jumofak for sale,600.0,Block of Flats,8.0,8.0,unfurnished,"Ikorodu, Jumofak",Jumofak,Ikorodu,enterprise,"₦ 75,000,000"
5bdrm Duplex in Banana Island for sale,500.0,Duplex,5.0,5.0,unfurnished,"Ikoyi, Banana Island",Banana Island,Ikoyi,enterprise,"₦ 5,500,000,000"
5bdrm Duplex in Ajah for sale,320.0,Duplex,5.0,5.0,unfurnished,"Lagos State, Ajah",Ajah,Lagos State,enterprise,"₦ 250,000,000"
4bdrm Duplex in Ajah for sale,500.0,Duplex,4.0,4.0,unfurnished,"Lagos State, Ajah",Ajah,Lagos State,enterprise,"₦ 200,000,000"
4bdrm Duplex in Ajah for sale,350.0,Duplex,4.0,4.0,unfurnished,"Lagos State, Ajah",Ajah,Lagos State,enterprise,"₦ 260,000,000"
5bdrm Duplex in Chevron for sale,500.0,Duplex,5.0,5.0,unfurnished,"Lekki, Chevron",Chevron,Lekki,enterprise,"₦ 550,000,000"
4bdrm Duplex in Ajah for sale,350.0,Duplex,4.0,4.0,unfurnished,"Lagos State, Ajah",Ajah,Lagos State,enterprise,"₦ 140,000,000"
6bdrm Duplex in Akin Olugbade for sale,350.0,Duplex,6.0,6.0,unfurnished,"Victoria Island, Akin Olugbade",Akin Olugbade,Victoria Island,enterprise,"₦ 1,800,000,000"
5bdrm Duplex in Ajah for sale,350.0,Duplex,5.0,5.0,unfurnished,"Lagos State, Ajah",Ajah,Lagos State,enterprise,"₦ 300,000,000"
4bdrm Duplex in Ikota for sale,350.0,Duplex,4.0,4.0,unfurnished,"Lekki, Ikota",Ikota,Lekki,enterprise,"₦ 230,000,000"
3bdrm Duplex in Ajah for sale,350.0,Duplex,3.0,3.0,unfurnished,"Lagos State, Ajah",Ajah,Lagos State,enterprise,"₦ 90,000,000"
4bdrm Bungalow in Lugbe District for sale,700.0,Bungalow,4.0,5.0,unfurnished,"Abuja (FCT), Lugbe District",Lugbe District,Abuja (FCT),diamond,"₦ 160,000,000"
Furnished 6bdrm Duplex in Osapa london for sale,650.0,Duplex,6.0,6.0,furnished,"Lekki, Osapa london",Osapa london,Lekki,diamond,"₦ 1,720,000,000"
4bdrm Duplex in Ikota for sale,350.0,Duplex,4.0,4.0,unfurnished,"Lekki, Ikota",Ikota,Lekki,enterprise,"₦ 180,000,000"
3bdrm Duplex in Ajah for sale,500.0,Duplex,3.0,3.0,unfurnished,"Lagos State, Ajah",Ajah,Lagos State,enterprise,"₦ 105,000,000"
2bdrm Apartment in Lekki Phase 2 for sale,500.0,Apartment,2.0,2.0,unfurnished,"Lekki, Lekki Phase 2",Lekki Phase 2,Lekki,enterprise,"₦ 125,000,000"
5bdrm Duplex in Lekki Phase 2 for sale,350.0,Duplex,5.0,5.0,unfurnished,"Lekki, Lekki Phase 2",Lekki Phase 2,Lekki,enterprise,"₦ 270,000,000"
5bdrm Duplex in Ikate for sale,500.0,Duplex,5.0,5.0,unfurnished,"Lekki, Ikate",Ikate,Lekki,enterprise,"₦ 980,000,000"
2bdrm Apartment in Lekki for sale,500.0,Apartment,2.0,2.0,unfurnished,"Lagos State, Lekki",Lekki,Lagos State,enterprise,"₦ 150,000,000"
5bdrm Duplex in Ajah for sale,350.0,Duplex,5.0,5.0,unfurnished,"Lagos State, Ajah",Ajah,Lagos State,enterprise,"₦ 250,000,000"
2bdrm Apartment in Lekki Phase 1 for sale,1000.0,Apartment,2.0,2.0,unfurnished,"Lekki, Lekki Phase 1",Lekki Phase 1,Lekki,enterprise,"₦ 250,000,000"
4bdrm Duplex in Lekki Phase 1 for sale,500.0,Duplex,4.0,4.0,unfurnished,"Lekki, Lekki Phase 1",Lekki Phase 1,Lekki,enterprise,"₦ 450,000,000"
5bdrm Duplex in Lekki for sale,350.0,Duplex,5.0,5.0,unfurnished,"Lagos State, Lekki",Lekki,Lagos State,enterprise,"₦ 380,000,000"
"5bdrm Bungalow in Oluana, Ibadan for sale",532.0,Bungalow,5.0,7.0,unfurnished,"Oyo State, Ibadan",Ibadan,Oyo State,diamond,"₦ 75,000,000"
"Furnished 4bdrm Duplex in Gbalajam, Port-Harcourt for sale",330.0,Duplex,4.0,5.0,furnished,"Rivers State, Port-Harcourt",Port-Harcourt,Rivers State,enterprise,"₦ 330,000,000"
4bdrm Duplex in Lekki Phase 2 for sale,123.0,Duplex,4.0,4.0,unfurnished,"Lekki, Lekki Phase 2",Lekki Phase 2,Lekki,diamond,"₦ 260,000,000"
3bdrm Block of Flats in Durumi for sale,500.0,Block of Flats,3.0,4.0,unfurnished,"Abuja (FCT), Durumi",Durumi,Abuja (FCT),diamond,"₦ 120,000,000"
3bdrm Block of Flats in Katampe (Main) for sale,500.0,Block of Flats,3.0,4.0,unfurnished,"Katampe, Katampe (Main)",Katampe (Main),Katampe,diamond,"₦ 200,000,000"
"Furnished 4bdrm Duplex in Ajah, Thomas Estate for sale",400.0,Duplex,4.0,5.0,furnished,"Ajah, Thomas Estate",Thomas Estate,Ajah,False,"₦ 280,000,000"
"4bdrm Duplex in Citadel Oasis, Abraham Adesanya for sale",300.0,Duplex,4.0,4.0,unfurnished,"Surulere, Abraham Adesanya",Abraham Adesanya,Surulere,enterprise,"₦ 240,000,000"
4bdrm Duplex in Igbo-efon for sale,600.0,Duplex,4.0,4.0,unfurnished,"Lekki, Igbo-efon",Igbo-efon,Lekki,enterprise,"₦ 140,000,000"
4bdrm Duplex in Off Lekki-Epe Expressway for sale,350.0,Duplex,4.0,4.0,unfurnished,"Ajah, Off Lekki-Epe Expressway",Off Lekki-Epe Expressway,Ajah,enterprise,"₦ 170,000,000"
5bdrm Duplex in Ajah for sale,350.0,Duplex,5.0,5.0,unfurnished,"Lagos State, Ajah",Ajah,Lagos State,enterprise,"₦ 280,000,000"
5bdrm Duplex in Ologolo for sale,350.0,Duplex,5.0,5.0,unfurnished,"Lekki, Ologolo",Ologolo,Lekki,enterprise,"₦ 340,000,000"
Mini Flat in Palmgroove for sale,1000.0,,1.0,1.0,unfurnished,"Shomolu, Palmgroove",Palmgroove,Shomolu,enterprise,"₦ 53,000,000"
4bdrm Duplex in Ajah for sale,500.0,Duplex,4.0,4.0,unfurnished,"Lagos State, Ajah",Ajah,Lagos State,enterprise,"₦ 130,000,000"
Furnished 4bdrm Duplex in Lekki for sale,1000.0,Duplex,4.0,4.0,furnished,"Lagos State, Lekki",Lekki,Lagos State,enterprise,"₦ 120,000,000"
4bdrm Duplex in Ajah for sale,350.0,Duplex,4.0,4.0,unfurnished,"Lagos State, Ajah",Ajah,Lagos State,enterprise,"₦ 145,000,000"
3bdrm Duplex in Ado / Ajah for sale,500.0,Duplex,3.0,4.0,unfurnished,"Ajah, Ado / Ajah",Ado / Ajah,Ajah,enterprise,"₦ 75,000,000"
4bdrm Duplex in Osapa london for sale,350.0,Duplex,4.0,4.0,unfurnished,"Lekki, Osapa london",Osapa london,Lekki,enterprise,"₦ 180,000,000"
5bdrm Duplex in Chevron for sale,500.0,Duplex,5.0,5.0,unfurnished,"Lekki, Chevron",Chevron,Lekki,enterprise,"₦ 500,000,000"
4bdrm Duplex in Ajah for sale,350.0,Duplex,4.0,4.0,unfurnished,"Lagos State, Ajah",Ajah,Lagos State,enterprise,"₦ 190,000,000"
2bdrm Apartment in Victoria Island Extension for sale,1000.0,Apartment,2.0,2.0,unfurnished,"Victoria Island, Victoria Island Extension",Victoria Island Extension,Victoria Island,enterprise,"₦ 290,000,000"
5bdrm Duplex in VGC / Ajah for sale,800.0,Duplex,5.0,5.0,unfurnished,"Ajah, VGC / Ajah",VGC / Ajah,Ajah,enterprise,"₦ 900,000,000"
4bdrm Duplex in Lekki for sale,500.0,Duplex,4.0,4.0,unfurnished,"Lagos State, Lekki",Lekki,Lagos State,enterprise,"₦ 145,000,000"
5bdrm Duplex in Lekki Phase 2 for sale,350.0,Duplex,5.0,5.0,unfurnished,"Lekki, Lekki Phase 2",Lekki Phase 2,Lekki,enterprise,"₦ 450,000,000"
5bdrm Duplex in Lekki Phase 2 for sale,500.0,Duplex,5.0,5.0,unfurnished,"Lekki, Lekki Phase 2",Lekki Phase 2,Lekki,enterprise,"₦ 430,000,000"
3bdrm Duplex in Chevron for sale,500.0,Duplex,3.0,3.0,unfurnished,"Lekki, Chevron",Chevron,Lekki,enterprise,"₦ 110,000,000"
4bdrm Duplex in Life Camp for sale,500.0,Duplex,4.0,5.0,unfurnished,"Gwarinpa, Life Camp",Life Camp,Gwarinpa,diamond,"₦ 240,000,000"
3bdrm Block of Flats in Life Camp for sale,700.0,Block of Flats,3.0,4.0,unfurnished,"Gwarinpa, Life Camp",Life Camp,Gwarinpa,diamond,"₦ 80,000,000"
"3bdrm Duplex in Ambiance Iii, Peninsula Estate for sale",250.0,Duplex,3.0,3.0,unfurnished,"Ajah, Peninsula Estate",Peninsula Estate,Ajah,enterprise,"₦ 160,000,000"
3bdrm Duplex in Off Lekki-Epe Expressway for sale,500.0,Duplex,3.0,3.0,unfurnished,"Ajah, Off Lekki-Epe Expressway",Off Lekki-Epe Expressway,Ajah,enterprise,"₦ 110,000,000"
2bdrm Apartment in Lekki Phase 2 for sale,500.0,Apartment,2.0,2.0,unfurnished,"Lekki, Lekki Phase 2",Lekki Phase 2,Lekki,enterprise,"₦ 85,000,000"
3bdrm Apartment in Ikeja GRA for sale,1000.0,Apartment,3.0,3.0,unfurnished,"Ikeja, Ikeja GRA",Ikeja GRA,Ikeja,enterprise,"₦ 450,000,000"
5bdrm Duplex in Chevron for sale,500.0,Duplex,5.0,5.0,unfurnished,"Lekki, Chevron",Chevron,Lekki,enterprise,"₦ 350,000,000"
5bdrm Duplex in Ikota for sale,3500.0,Duplex,5.0,5.0,unfurnished,"Lekki, Ikota",Ikota,Lekki,enterprise,"₦ 370,000,000"
4bdrm Duplex in Maryland for sale,350.0,Duplex,4.0,4.0,unfurnished,"Lagos State, Maryland",Maryland,Lagos State,enterprise,"₦ 280,000,000"
5bdrm Duplex in Ajah for sale,350.0,Duplex,5.0,5.0,unfurnished,"Lagos State, Ajah",Ajah,Lagos State,enterprise,"₦ 250,000,000"
5bdrm Duplex in Ajah for sale,350.0,Duplex,5.0,5.0,unfurnished,"Lagos State, Ajah",Ajah,Lagos State,enterprise,"₦ 280,000,000"
3bdrm Duplex in Sangotedo for sale,350.0,Duplex,3.0,3.0,unfurnished,"Ajah, Sangotedo",Sangotedo,Ajah,enterprise,"₦ 120,000,000"
5bdrm Duplex in VGC / Ajah for sale,350.0,Duplex,5.0,5.0,unfurnished,"Ajah, VGC / Ajah",VGC / Ajah,Ajah,enterprise,"₦ 370,000,000"
4bdrm Duplex in Ikorodu for sale,500.0,Duplex,4.0,4.0,unfurnished,"Lagos State, Ikorodu",Ikorodu,Lagos State,enterprise,"₦ 100,000,000"
4bdrm Duplex in Ikota for sale,500.0,Duplex,4.0,4.0,unfurnished,"Lekki, Ikota",Ikota,Lekki,enterprise,"₦ 230,000,000"
4bdrm Duplex in Ikota for sale,350.0,Duplex,4.0,4.0,unfurnished,"Lekki, Ikota",Ikota,Lekki,enterprise,"₦ 160,000,000"
5bdrm Duplex in Ajah for sale,350.0,Duplex,5.0,5.0,unfurnished,"Lagos State, Ajah",Ajah,Lagos State,enterprise,"₦ 245,000,000"
5bdrm Duplex in Old Ikoyi for sale,600.0,Duplex,5.0,5.0,unfurnished,"Ikoyi, Old Ikoyi",Old Ikoyi,Ikoyi,enterprise,"₦ 1,000,000,000"
5bdrm Duplex in Lekki for sale,350.0,Duplex,5.0,5.0,unfurnished,"Lagos State, Lekki",Lekki,Lagos State,enterprise,"₦ 400,000,000"
4bdrm Duplex in Ajah for sale,350.0,Duplex,4.0,4.0,unfurnished,"Lagos State, Ajah",Ajah,Lagos State,enterprise,"₦ 125,000,000"
5bdrm Duplex in Ikoyi S.W for sale,350.0,Duplex,5.0,5.0,unfurnished,"Ikoyi, Ikoyi S.W",Ikoyi S.W,Ikoyi,enterprise,"₦ 1,500,000,000"
5bdrm Duplex in Ikota for sale,350.0,Duplex,5.0,5.0,unfurnished,"Lekki, Ikota",Ikota,Lekki,enterprise,"₦ 280,000,000"
4bdrm Duplex in Lekki Phase 2 for sale,500.0,Duplex,4.0,4.0,unfurnished,"Lekki, Lekki Phase 2",Lekki Phase 2,Lekki,enterprise,"₦ 130,000,000"
4bdrm Duplex in Chevron for sale,500.0,Duplex,4.0,4.0,unfurnished,"Lekki, Chevron",Chevron,Lekki,enterprise,"₦ 450,000,000"
2bdrm Duplex in Kubwa for sale,500.0,Duplex,2.0,3.0,unfurnished,"Abuja (FCT), Kubwa",Kubwa,Abuja (FCT),diamond,"₦ 70,000,000"
4bdrm Duplex in Life Camp for sale,500.0,Duplex,4.0,4.0,unfurnished,"Gwarinpa, Life Camp",Life Camp,Gwarinpa,diamond,"₦ 120,000,000"
4bdrm Duplex in Life Camp for sale,1000.0,Duplex,4.0,5.0,unfurnished,"Gwarinpa, Life Camp",Life Camp,Gwarinpa,diamond,"₦ 100,000,000"
Furnished 5bdrm Duplex in Owerri for sale,500.0,Duplex,5.0,5.0,furnished,"Imo State, Owerri",Owerri,Imo State,diamond,"₦ 180,000,000"
Furnished 2bdrm Apartment in Jahi for sale,300.0,Apartment,2.0,2.0,furnished,"Abuja (FCT), Jahi",Jahi,Abuja (FCT),diamond,"₦ 190,000,000"
5bdrm Duplex in Ajah for sale,500.0,Duplex,5.0,5.0,unfurnished,"Lagos State, Ajah",Ajah,Lagos State,enterprise,"₦ 280,000,000"
4bdrm Duplex in Ajah for sale,350.0,Duplex,4.0,4.0,unfurnished,"Lagos State, Ajah",Ajah,Lagos State,enterprise,"₦ 240,000,000"
5bdrm Duplex in Ajah for sale,350.0,Duplex,5.0,5.0,unfurnished,"Lagos State, Ajah",Ajah,Lagos State,enterprise,"₦ 280,000,000"
4bdrm Duplex in Chevron for sale,350.0,Duplex,4.0,4.0,unfurnished,"Lekki, Chevron",Chevron,Lekki,enterprise,"₦ 280,000,000"
4bdrm Duplex in Mende for sale,350.0,Duplex,4.0,4.0,unfurnished,"Maryland, Mende",Mende,Maryland,enterprise,"₦ 320,000,000"
5bdrm Duplex in Ikota for sale,500.0,Duplex,5.0,5.0,unfurnished,"Lekki, Ikota",Ikota,Lekki,enterprise,"₦ 580,000,000"
5bdrm Duplex in Ajah for sale,350.0,Duplex,5.0,5.0,unfurnished,"Lagos State, Ajah",Ajah,Lagos State,enterprise,"₦ 260,000,000"
5bdrm Duplex in Ikoyi for sale,500.0,Duplex,5.0,5.0,unfurnished,"Lagos State, Ikoyi",Ikoyi,Lagos State,enterprise,"₦ 3,500,000,000"
"Furnished 3bdrm Maisonette in Gwarinpa, Life Camp for sale",500.0,Maisonette,3.0,3.0,furnished,"Gwarinpa, Life Camp",Life Camp,Gwarinpa,enterprise,"₦ 300,000,000"
4bdrm Duplex in Chevron for sale,350.0,Duplex,4.0,4.0,unfurnished,"Lekki, Chevron",Chevron,Lekki,enterprise,"₦ 200,000,000"
5bdrm Duplex in Ikate for sale,500.0,Duplex,5.0,5.0,unfurnished,"Lekki, Ikate",Ikate,Lekki,enterprise,"₦ 1,000,000,000"
5bdrm Duplex in Lekki Phase 1 for sale,350.0,Duplex,5.0,5.0,unfurnished,"Lekki, Lekki Phase 1",Lekki Phase 1,Lekki,enterprise,"₦ 820,000,000"
2bdrm Apartment in Lekki Phase 1 for sale,500.0,Apartment,2.0,2.0,unfurnished,"Lekki, Lekki Phase 1",Lekki Phase 1,Lekki,enterprise,"₦ 300,000,000"
"5bdrm Duplex in Alhaji Estate, Port-Harcourt for sale",930.0,Duplex,5.0,6.0,unfurnished,"Rivers State, Port-Harcourt",Port-Harcourt,Rivers State,enterprise,"₦ 300,000,000"
3bdrm Bungalow in Hajj Camp Gwagwalada for sale,800.0,Bungalow,3.0,4.0,unfurnished,"Abuja (FCT), Gwagwalada",Gwagwalada,Abuja (FCT),diamond,"₦ 55,000,000"
5bdrm Duplex in Lekki Phase 1 for sale,1250.0,Duplex,5.0,5.0,unfurnished,"Lekki, Lekki Phase 1",Lekki Phase 1,Lekki,diamond,"₦ 1,200,000,000"
"Furnished 3bdrm Bungalow in Oreta Estate, Igbogbo for sale",300.0,Bungalow,3.0,4.0,furnished,"Ikorodu, Igbogbo",Igbogbo,Ikorodu,diamond,"₦ 14,000,000"
"Furnished 2bdrm Bungalow in Ofin Estate, Igbogbo for sale",300.0,Bungalow,2.0,3.0,furnished,"Ikorodu, Igbogbo",Igbogbo,Ikorodu,diamond,"₦ 13,000,000"
3bdrm Duplex in Karmo for sale,200.0,Duplex,3.0,3.0,semi-furnished,"Abuja (FCT), Karmo",Karmo,Abuja (FCT),diamond,"₦ 140,000,000"
"3bdrm Bungalow in Bluestone 2.0, Iseri for sale",600.0,Bungalow,3.0,3.0,unfurnished,"Ogun State, Iseri",Iseri,Ogun State,enterprise,"₦ 47,500,000"
4bdrm Duplex in Lugbe District for sale,500.0,Duplex,4.0,4.0,unfurnished,"Abuja (FCT), Lugbe District",Lugbe District,Abuja (FCT),enterprise,"₦ 230,000,000"
2bdrm Apartment in Ikate for sale,1000.0,Apartment,2.0,2.0,unfurnished,"Lekki, Ikate",Ikate,Lekki,enterprise,"₦ 220,000,000"
5bdrm Duplex in Magodo for sale,350.0,Duplex,5.0,5.0,unfurnished,"Lagos State, Magodo",Magodo,Lagos State,enterprise,"₦ 380,000,000"
4bdrm Duplex in Ajah for sale,350.0,Duplex,4.0,4.0,unfurnished,"Lagos State, Ajah",Ajah,Lagos State,enterprise,"₦ 120,000,000"
4bdrm Penthouse in Lekki Phase 1 for sale,500.0,Penthouse,4.0,4.0,unfurnished,"Lekki, Lekki Phase 1",Lekki Phase 1,Lekki,enterprise,"₦ 350,000,000"
5bdrm Duplex in Lekki Phase 1 for sale,1000.0,Duplex,5.0,5.0,unfurnished,"Lekki, Lekki Phase 1",Lekki Phase 1,Lekki,enterprise,"₦ 600,000,000"
5bdrm Duplex in Ajah for sale,350.0,Duplex,5.0,5.0,unfurnished,"Lagos State, Ajah",Ajah,Lagos State,enterprise,"₦ 250,000,000"
4bdrm Duplex in Ajah for sale,350.0,Duplex,4.0,4.0,unfurnished,"Lagos State, Ajah",Ajah,Lagos State,enterprise,"₦ 150,000,000"
4bdrm Duplex in Ajah for sale,500.0,Duplex,4.0,4.0,unfurnished,"Lagos State, Ajah",Ajah,Lagos State,enterprise,"₦ 220,000,000"
5bdrm Duplex in Lekki for sale,350.0,Duplex,5.0,5.0,unfurnished,"Lagos State, Lekki",Lekki,Lagos State,enterprise,"₦ 230,000,000"
4bdrm Duplex in Ikota for sale,350.0,Duplex,4.0,4.0,unfurnished,"Lekki, Ikota",Ikota,Lekki,enterprise,"₦ 170,000,000"
"4bdrm Bungalow in Biala Estate, Iwo Road for sale",1250.0,Bungalow,4.0,2.0,unfurnished,"Ibadan, Iwo Road",Iwo Road,Ibadan,False,"₦ 18,000,000"
3bdrm Duplex in Kubwa for sale,500.0,Duplex,3.0,4.0,unfurnished,"Abuja (FCT), Kubwa",Kubwa,Abuja (FCT),diamond,"₦ 150,000,000"
2bdrm Block of Flats in Kubwa for sale,500.0,Block of Flats,2.0,3.0,unfurnished,"Abuja (FCT), Kubwa",Kubwa,Abuja (FCT),diamond,"₦ 39,000,000"
5bdrm Duplex in Guzape Main for sale,1000.0,Duplex,5.0,7.0,unfurnished,"Abuja (FCT), Guzape District",Guzape District,Abuja (FCT),False,"₦ 1,600,000,000"
5bdrm Duplex in Lekki Phase 2 for sale,500.0,Duplex,5.0,5.0,unfurnished,"Lekki, Lekki Phase 2",Lekki Phase 2,Lekki,enterprise,"₦ 390,000,000"
4bdrm Duplex in Chevron for sale,350.0,Duplex,4.0,4.0,unfurnished,"Lekki, Chevron",Chevron,Lekki,enterprise,"₦ 320,000,000"
Furnished 2bdrm Duplex in Ajah for sale,500.0,Duplex,2.0,2.0,furnished,"Lagos State, Ajah",Ajah,Lagos State,enterprise,"₦ 120,000,000"
5bdrm Duplex in Ajah for sale,350.0,Duplex,5.0,5.0,unfurnished,"Lagos State, Ajah",Ajah,Lagos State,enterprise,"₦ 260,000,000"
2bdrm Block of Flats in Kiami for sale,1000.0,Block of Flats,2.0,2.0,unfurnished,"Lugbe District, Kiami",Kiami,Lugbe District,enterprise,"₦ 55,000,000"
5bdrm Duplex in Lekki Phase 2 for sale,500.0,Duplex,5.0,5.0,unfurnished,"Lekki, Lekki Phase 2",Lekki Phase 2,Lekki,enterprise,"₦ 650,000,000"
5bdrm Duplex in Lekki Phase 1 for sale,350.0,Duplex,5.0,5.0,unfurnished,"Lekki, Lekki Phase 1",Lekki Phase 1,Lekki,enterprise,"₦ 900,000,000"
5bdrm Duplex in Chevron for sale,350.0,Duplex,5.0,5.0,unfurnished,"Lekki, Chevron",Chevron,Lekki,enterprise,"₦ 400,000,000"
5bdrm Duplex in Lekki for sale,350.0,Duplex,5.0,5.0,unfurnished,"Lagos State, Lekki",Lekki,Lagos State,enterprise,"₦ 390,000,000"
5bdrm Duplex in Lekki for sale,500.0,Duplex,5.0,5.0,unfurnished,"Lagos State, Lekki",Lekki,Lagos State,enterprise,"₦ 950,000,000"
"4bdrm Duplex in Otunla, Bogije for sale",600.0,Duplex,4.0,4.0,semi-furnished,"Ibeju, Bogije",Bogije,Ibeju,diamond,"₦ 120,000,000"
"3bdrm Block of Flats in 2 Flats, Benin City for sale",466.0,Block of Flats,3.0,3.0,unfurnished,"Edo State, Benin City",Benin City,Edo State,diamond,"₦ 25,000,000"
"5bdrm Bungalow in Daylight Property, Benin City for sale",456.0,Bungalow,5.0,5.0,semi-furnished,"Edo State, Benin City",Benin City,Edo State,diamond,"₦ 17,000,000"
5bdrm Duplex in Apo Resettlement for sale,700.0,Duplex,5.0,5.0,semi-furnished,"Apo District, Apo Resettlement",Apo Resettlement,Apo District,diamond,"₦ 550,000,000"
"4bdrm Penthouse in Emerald Signature, Sangotedo for sale",250.0,Penthouse,4.0,4.0,unfurnished,"Ajah, Sangotedo",Sangotedo,Ajah,enterprise,"₦ 300,000,000"
2bdrm Apartment in Lekki for sale,1000.0,Apartment,2.0,2.0,unfurnished,"Lagos State, Lekki",Lekki,Lagos State,enterprise,"₦ 88,000,000"
5bdrm Duplex in Ologolo for sale,500.0,Duplex,5.0,5.0,unfurnished,"Lekki, Ologolo",Ologolo,Lekki,enterprise,"₦ 290,000,000"
5bdrm Duplex in Ajah for sale,500.0,Duplex,5.0,5.0,unfurnished,"Lagos State, Ajah",Ajah,Lagos State,enterprise,"₦ 320,000,000"
5bdrm Duplex in Omole Phase 2 for sale,350.0,Duplex,5.0,5.0,unfurnished,"Ikeja, Omole Phase 2",Omole Phase 2,Ikeja,enterprise,"₦ 470,000,000"
3bdrm Apartment in Lekki for sale,600.0,Apartment,3.0,3.0,unfurnished,"Lagos State, Lekki",Lekki,Lagos State,enterprise,"₦ 65,000,000"
3bdrm Apartment in Lekki Phase 1 for sale,1000.0,Apartment,3.0,3.0,unfurnished,"Lekki, Lekki Phase 1",Lekki Phase 1,Lekki,enterprise,"₦ 380,000,000"
3bdrm Block of Flats in Life Camp for sale,500.0,Block of Flats,3.0,4.0,unfurnished,"Gwarinpa, Life Camp",Life Camp,Gwarinpa,diamond,"₦ 95,000,000"
4bdrm Duplex in Lekki Phase 2 for sale,123.0,Duplex,4.0,4.0,unfurnished,"Lekki, Lekki Phase 2",Lekki Phase 2,Lekki,diamond,"₦ 280,000,000"
3bdrm Block of Flats in Katampe (Main) for sale,700.0,Block of Flats,3.0,4.0,unfurnished,"Katampe, Katampe (Main)",Katampe (Main),Katampe,diamond,"₦ 110,000,000"
Furnished 4bdrm Bungalow in Igbogbo Estate for sale,600.0,Bungalow,4.0,3.0,furnished,"Ikorodu, Igbogbo",Igbogbo,Ikorodu,diamond,"₦ 30,000,000"
4bdrm Duplex in Ajah for sale,350.0,Duplex,4.0,4.0,unfurnished,"Lagos State, Ajah",Ajah,Lagos State,enterprise,"₦ 130,000,000"
4bdrm Duplex in Ajah for sale,350.0,Duplex,4.0,4.0,unfurnished,"Lagos State, Ajah",Ajah,Lagos State,enterprise,"₦ 220,000,000"
4bdrm Duplex in Ikota for sale,350.0,Duplex,4.0,4.0,unfurnished,"Lekki, Ikota",Ikota,Lekki,enterprise,"₦ 230,000,000"
5bdrm Duplex in Lekki Phase 2 for sale,350.0,Duplex,5.0,5.0,unfurnished,"Lekki, Lekki Phase 2",Lekki Phase 2,Lekki,enterprise,"₦ 650,000,000"
5bdrm Duplex in Lekki Phase 1 for sale,350.0,Duplex,5.0,5.0,unfurnished,"Lekki, Lekki Phase 1",Lekki Phase 1,Lekki,enterprise,"₦ 850,000,000"
2bdrm Apartment in Ajah for sale,1000.0,Apartment,2.0,2.0,unfurnished,"Lagos State, Ajah",Ajah,Lagos State,enterprise,"₦ 75,000,000"
5bdrm Duplex in Osapa london for sale,500.0,Duplex,5.0,5.0,unfurnished,"Lekki, Osapa london",Osapa london,Lekki,enterprise,"₦ 1,100,000,000"
5bdrm Duplex in Ikate for sale,350.0,Duplex,5.0,5.0,unfurnished,"Lekki, Ikate",Ikate,Lekki,enterprise,"₦ 450,000,000"
3bdrm Apartment in Victoria Island for sale,1000.0,Apartment,3.0,3.0,unfurnished,"Lagos State, Victoria Island",Victoria Island,Lagos State,enterprise,"₦ 450,000,000"
Furnished 2bdrm Apartment in Lekki Phase 1 for sale,500.0,Apartment,2.0,2.0,furnished,"Lekki, Lekki Phase 1",Lekki Phase 1,Lekki,enterprise,"₦ 230,000,000"
5bdrm Duplex in Chevron for sale,350.0,Duplex,5.0,5.0,unfurnished,"Lekki, Chevron",Chevron,Lekki,enterprise,"₦ 350,000,000"
3bdrm Apartment in Ikeja for sale,500.0,Apartment,3.0,3.0,unfurnished,"Lagos State, Ikeja",Ikeja,Lagos State,enterprise,"₦ 190,000,000"
5bdrm Duplex in Ologolo for sale,350.0,Duplex,5.0,5.0,unfurnished,"Lekki, Ologolo",Ologolo,Lekki,enterprise,"₦ 390,000,000"
4bdrm Duplex in Ajah for sale,350.0,Duplex,4.0,4.0,unfurnished,"Lagos State, Ajah",Ajah,Lagos State,enterprise,"₦ 250,000,000"
3bdrm Duplex in Kubwa for sale,500.0,Duplex,3.0,4.0,unfurnished,"Abuja (FCT), Kubwa",Kubwa,Abuja (FCT),diamond,"₦ 96,000,000"
3bdrm Duplex in Kubwa for sale,500.0,Duplex,3.0,4.0,unfurnished,"Abuja (FCT), Kubwa",Kubwa,Abuja (FCT),diamond,"₦ 120,000,000"
"Furnished 4bdrm Bungalow in Akindana Estate, Igbogbo for sale",600.0,Bungalow,4.0,5.0,furnished,"Ikorodu, Igbogbo",Igbogbo,Ikorodu,diamond,"₦ 22,000,000"
"3bdrm Block of Flats in Mini Eatate, Wuye for sale",1000.0,Block of Flats,3.0,4.0,unfurnished,"Abuja (FCT), Wuye",Wuye,Abuja (FCT),enterprise,"₦ 150,000,000"
5bdrm Duplex in Jahi for sale,500.0,Duplex,5.0,5.0,unfurnished,"Abuja (FCT), Jahi",Jahi,Abuja (FCT),enterprise,"₦ 550,000,000"
4bdrm Duplex in Ologolo for sale,350.0,Duplex,4.0,4.0,unfurnished,"Lekki, Ologolo",Ologolo,Lekki,enterprise,"₦ 200,000,000"
5bdrm Duplex in Ajah for sale,350.0,Duplex,5.0,5.0,unfurnished,"Lagos State, Ajah",Ajah,Lagos State,enterprise,"₦ 220,000,000"
5bdrm Duplex in Lekki Phase 2 for sale,500.0,Duplex,5.0,5.0,unfurnished,"Lekki, Lekki Phase 2",Lekki Phase 2,Lekki,enterprise,"₦ 480,000,000"
5bdrm Duplex in Lekki for sale,350.0,Duplex,5.0,5.0,unfurnished,"Lagos State, Lekki",Lekki,Lagos State,enterprise,"₦ 230,000,000"
4bdrm Duplex in Agungi for sale,500.0,Duplex,4.0,4.0,unfurnished,"Lekki, Agungi",Agungi,Lekki,enterprise,"₦ 190,000,000"
4bdrm Duplex in Ajah for sale,350.0,Duplex,4.0,4.0,unfurnished,"Lagos State, Ajah",Ajah,Lagos State,enterprise,"₦ 150,000,000"
3bdrm Apartment in Ipaja Road for sale,1000.0,Apartment,3.0,3.0,unfurnished,"Ipaja, Ipaja Road",Ipaja Road,Ipaja,enterprise,"₦ 81,000,000"
5bdrm Duplex in Chevron for sale,350.0,Duplex,5.0,5.0,unfurnished,"Lekki, Chevron",Chevron,Lekki,enterprise,"₦ 380,000,000"
5bdrm Duplex in Chevron for sale,500.0,Duplex,5.0,5.0,unfurnished,"Lekki, Chevron",Chevron,Lekki,enterprise,"₦ 450,000,000"
5bdrm Duplex in Lekki Phase 2 for sale,350.0,Duplex,5.0,5.0,unfurnished,"Lekki, Lekki Phase 2",Lekki Phase 2,Lekki,enterprise,"₦ 330,000,000"
5bdrm Duplex in Lekki Phase 1 for sale,350.0,Duplex,5.0,5.0,unfurnished,"Lekki, Lekki Phase 1",Lekki Phase 1,Lekki,enterprise,"₦ 600,000,000"
4bdrm Duplex in Kaura for sale,500.0,Duplex,4.0,5.0,unfurnished,"Abuja (FCT), Kaura",Kaura,Abuja (FCT),diamond,"₦ 200,000,000"
"Furnished 4bdrm Bungalow in Fashola Estate, Igbogbo for sale",600.0,Bungalow,4.0,4.0,furnished,"Ikorodu, Igbogbo",Igbogbo,Ikorodu,diamond,"₦ 50,000,000"
4bdrm Duplex in Guzape Main for sale,1000.0,Duplex,4.0,4.0,unfurnished,"Abuja (FCT), Guzape District",Guzape District,Abuja (FCT),False,"₦ 350,000,000"
4bdrm Duplex in Utako for sale,300.0,Duplex,4.0,4.0,unfurnished,"Abuja (FCT), Utako",Utako,Abuja (FCT),diamond,"₦ 450,000,000"
3bdrm Apartment in Lekki Phase 1 for sale,1000.0,Apartment,3.0,3.0,unfurnished,"Lekki, Lekki Phase 1",Lekki Phase 1,Lekki,enterprise,"₦ 260,000,000"
5bdrm Duplex in Ikota for sale,350.0,Duplex,5.0,5.0,unfurnished,"Lekki, Ikota",Ikota,Lekki,enterprise,"₦ 430,000,000"
4bdrm House in Lekki Phase 1 for sale,450.0,House,4.0,4.0,unfurnished,"Lekki, Lekki Phase 1",Lekki Phase 1,Lekki,enterprise,"₦ 450,000,000"
5bdrm Duplex in Magodo for sale,350.0,Duplex,5.0,5.0,unfurnished,"Lagos State, Magodo",Magodo,Lagos State,enterprise,"₦ 550,000,000"
5bdrm Duplex in Osapa london for sale,500.0,Duplex,5.0,5.0,unfurnished,"Lekki, Osapa london",Osapa london,Lekki,enterprise,"₦ 300,000,000"
5bdrm Duplex in Ikate for sale,350.0,Duplex,5.0,5.0,unfurnished,"Lekki, Ikate",Ikate,Lekki,enterprise,"₦ 460,000,000"
Furnished 2bdrm Apartment in Jakande for sale,500.0,Apartment,2.0,2.0,furnished,"Lekki, Jakande",Jakande,Lekki,enterprise,"₦ 120,000,000"
4bdrm Duplex in Ajah for sale,350.0,Duplex,4.0,4.0,unfurnished,"Lagos State, Ajah",Ajah,Lagos State,enterprise,"₦ 180,000,000"
5bdrm Duplex in Chevron for sale,350.0,Duplex,5.0,5.0,unfurnished,"Lekki, Chevron",Chevron,Lekki,enterprise,"₦ 390,000,000"
5bdrm Duplex in Ikate for sale,500.0,Duplex,5.0,5.0,unfurnished,"Lekki, Ikate",Ikate,Lekki,enterprise,"₦ 850,000,000"
4bdrm Duplex in Durumi Abuja for sale,500.0,Duplex,4.0,5.0,unfurnished,"Abuja (FCT), Durumi",Durumi,Abuja (FCT),diamond,"₦ 400,000,000"
3bdrm Block of Flats in Life Camp for sale,500.0,Block of Flats,3.0,4.0,unfurnished,"Gwarinpa, Life Camp",Life Camp,Gwarinpa,diamond,"₦ 100,000,000"
"4bdrm Duplex in Brains And Hammers, Life Camp for sale",500.0,Duplex,4.0,4.0,unfurnished,"Gwarinpa, Life Camp",Life Camp,Gwarinpa,False,"₦ 95,000,000"
5bdrm Duplex in Ikota for sale,350.0,Duplex,5.0,5.0,unfurnished,"Lekki, Ikota",Ikota,Lekki,enterprise,"₦ 300,000,000"
5bdrm Duplex in Osapa london for sale,500.0,Duplex,5.0,5.0,unfurnished,"Lekki, Osapa london",Osapa london,Lekki,enterprise,"₦ 430,000,000"
2bdrm Apartment in Ikate for sale,1000.0,Apartment,2.0,2.0,unfurnished,"Lekki, Ikate",Ikate,Lekki,enterprise,"₦ 110,000,000"
4bdrm Duplex in Ikota for sale,350.0,Duplex,4.0,4.0,unfurnished,"Lekki, Ikota",Ikota,Lekki,enterprise,"₦ 115,000,000"
5bdrm Mansion in Osapa london for sale,500.0,Mansion,5.0,5.0,unfurnished,"Lekki, Osapa london",Osapa london,Lekki,enterprise,"₦ 1,550,000,000"
5bdrm Duplex in Lekki Phase 1 for sale,5000.0,Duplex,5.0,5.0,unfurnished,"Lekki, Lekki Phase 1",Lekki Phase 1,Lekki,enterprise,"₦ 1,500,000,000"
5bdrm Duplex in Ikate for sale,350.0,Duplex,5.0,5.0,unfurnished,"Lekki, Ikate",Ikate,Lekki,enterprise,"₦ 500,000,000"
5bdrm Duplex in Idado for sale,500.0,Duplex,5.0,5.0,unfurnished,"Lekki, Idado",Idado,Lekki,enterprise,"₦ 480,000,000"
5bdrm Duplex in Lekki for sale,350.0,Duplex,5.0,5.0,unfurnished,"Lagos State, Lekki",Lekki,Lagos State,enterprise,"₦ 280,000,000"
2bdrm Apartment in Victoria Island Extension for sale,1000.0,Apartment,2.0,2.0,unfurnished,"Victoria Island, Victoria Island Extension",Victoria Island Extension,Victoria Island,enterprise,"₦ 500,000,000"
4bdrm Duplex in Ikota for sale,350.0,Duplex,4.0,4.0,unfurnished,"Lekki, Ikota",Ikota,Lekki,enterprise,"₦ 125,000,000"
4bdrm House in Banana Island for sale,350.0,House,4.0,4.0,unfurnished,"Ikoyi, Banana Island",Banana Island,Ikoyi,enterprise,"₦ 2,000,000,000"
5bdrm Duplex in Chevron for sale,300.0,Duplex,5.0,5.0,unfurnished,"Lekki, Chevron",Chevron,Lekki,enterprise,"₦ 450,000,000"
4bdrm Duplex in Off Lekki-Epe Expressway for sale,500.0,Duplex,4.0,4.0,unfurnished,"Ajah, Off Lekki-Epe Expressway",Off Lekki-Epe Expressway,Ajah,enterprise,"₦ 140,000,000"
5bdrm Duplex in Ajao Estate for sale,500.0,Duplex,5.0,5.0,unfurnished,"Isolo, Ajao Estate",Ajao Estate,Isolo,enterprise,"₦ 260,000,000"
1bdrm Block of Flats in Life Camp for sale,500.0,Block of Flats,1.0,2.0,unfurnished,"Gwarinpa, Life Camp",Life Camp,Gwarinpa,diamond,"₦ 18,000,000"
2bdrm Block of Flats in Life Camp for sale,500.0,Block of Flats,2.0,3.0,unfurnished,"Gwarinpa, Life Camp",Life Camp,Gwarinpa,diamond,"₦ 80,000,000"
"2bdrm Bungalow in Yotomi Estate, Ifo for Sale",300.0,Bungalow,2.0,2.0,semi-furnished,"Ogun State, Ifo",Ifo,Ogun State,False,"₦ 5,999,999"
5bdrm Duplex in Osapa london for sale,500.0,Duplex,5.0,5.0,unfurnished,"Lekki, Osapa london",Osapa london,Lekki,enterprise,"₦ 700,000,000"
5bdrm Duplex in Ikate for sale,350.0,Duplex,5.0,5.0,unfurnished,"Lekki, Ikate",Ikate,Lekki,enterprise,"₦ 300,000,000"
5bdrm Duplex in Ajah for sale,350.0,Duplex,5.0,5.0,unfurnished,"Lagos State, Ajah",Ajah,Lagos State,enterprise,"₦ 230,000,000"
5bdrm Duplex in Chevron for sale,350.0,Duplex,5.0,5.0,unfurnished,"Lekki, Chevron",Chevron,Lekki,enterprise,"₦ 550,000,000"
5bdrm Duplex in Ado / Ajah for sale,350.0,Duplex,5.0,5.0,unfurnished,"Ajah, Ado / Ajah",Ado / Ajah,Ajah,enterprise,"₦ 190,000,000"
4bdrm Duplex in Chevron for sale,300.0,Duplex,4.0,4.0,unfurnished,"Lekki, Chevron",Chevron,Lekki,enterprise,"₦ 450,000,000"
3bdrm Duplex in Off Lekki-Epe Expressway for sale,500.0,Duplex,3.0,3.0,unfurnished,"Ajah, Off Lekki-Epe Expressway",Off Lekki-Epe Expressway,Ajah,enterprise,"₦ 125,000,000"
4bdrm Duplex in Lekki for sale,500.0,Duplex,4.0,4.0,unfurnished,"Lagos State, Lekki",Lekki,Lagos State,enterprise,"₦ 170,000,000"
6bdrm Duplex in Old Ikoyi for sale,500.0,Duplex,6.0,6.0,unfurnished,"Ikoyi, Old Ikoyi",Old Ikoyi,Ikoyi,enterprise,"₦ 2,574,000,000"
5bdrm Duplex in Ajah for sale,320.0,Duplex,5.0,5.0,unfurnished,"Lagos State, Ajah",Ajah,Lagos State,enterprise,"₦ 350,000,000"
5bdrm Duplex in Ikota for sale,350.0,Duplex,5.0,5.0,unfurnished,"Lekki, Ikota",Ikota,Lekki,enterprise,"₦ 350,000,000"
5bdrm House in Ikeja for sale,500.0,House,5.0,5.0,unfurnished,"Lagos State, Ikeja",Ikeja,Lagos State,enterprise,"₦ 500,000,000"
5bdrm Duplex in Lekki for sale,500.0,Duplex,5.0,5.0,unfurnished,"Lagos State, Lekki",Lekki,Lagos State,enterprise,"₦ 650,000,000"
5bdrm Duplex in Osapa london for sale,500.0,Duplex,5.0,5.0,unfurnished,"Lekki, Osapa london",Osapa london,Lekki,enterprise,"₦ 450,000,000"
5bdrm Duplex in Festac for sale,350.0,Duplex,5.0,5.0,unfurnished,"Amuwo-Odofin, Festac",Festac,Amuwo-Odofin,enterprise,"₦ 270,000,000"
5bdrm Duplex in Lekki Phase 1 for sale,350.0,Duplex,5.0,5.0,unfurnished,"Lekki, Lekki Phase 1",Lekki Phase 1,Lekki,enterprise,"₦ 600,000,000"
3bdrm Block of Flats in Life Camp for sale,700.0,Block of Flats,3.0,3.0,unfurnished,"Gwarinpa, Life Camp",Life Camp,Gwarinpa,diamond,"₦ 80,000,000"
4bdrm Duplex in Life Camp for sale,500.0,Duplex,4.0,4.0,unfurnished,"Gwarinpa, Life Camp",Life Camp,Gwarinpa,diamond,"₦ 120,000,000"
4bdrm Bungalow in Apo District for sale,700.0,Bungalow,4.0,5.0,unfurnished,"Abuja (FCT), Apo District",Apo District,Abuja (FCT),diamond,"₦ 110,000,000"
7bdrm Duplex in Apple Junction for sale,800.0,Duplex,7.0,8.0,semi-furnished,"Amuwo-Odofin, Apple Junction",Apple Junction,Amuwo-Odofin,False,"₦ 570,000,000"
"3bdrm Bungalow in Queens Homes, Ogun Waterside for sale",250.0,Bungalow,3.0,3.0,unfurnished,"Ogun State, Ogun Waterside",Ogun Waterside,Ogun State,enterprise,"₦ 60,000,000"
"4bdrm Bungalow in Eri Bungalows, Elerangbe for sale",250.0,Bungalow,4.0,4.0,unfurnished,"Ibeju, Elerangbe",Elerangbe,Ibeju,enterprise,"₦ 85,000,000"
4bdrm Duplex in Ajah for sale,350.0,Duplex,4.0,4.0,unfurnished,"Lagos State, Ajah",Ajah,Lagos State,enterprise,"₦ 160,000,000"
5bdrm Duplex in Lekki for sale,350.0,Duplex,5.0,5.0,unfurnished,"Lagos State, Lekki",Lekki,Lagos State,enterprise,"₦ 480,000,000"
5bdrm Duplex in Chevron for sale,350.0,Duplex,5.0,5.0,unfurnished,"Lekki, Chevron",Chevron,Lekki,enterprise,"₦ 450,000,000"
5bdrm Duplex in Lekki Phase 2 for sale,350.0,Duplex,5.0,5.0,unfurnished,"Lekki, Lekki Phase 2",Lekki Phase 2,Lekki,enterprise,"₦ 250,000,000"
5bdrm Duplex in Chevron for sale,350.0,Duplex,5.0,5.0,unfurnished,"Lekki, Chevron",Chevron,Lekki,enterprise,"₦ 350,000,000"
5bdrm Duplex in Lekki for sale,350.0,Duplex,5.0,5.0,unfurnished,"Lagos State, Lekki",Lekki,Lagos State,enterprise,"₦ 420,000,000"
5bdrm Duplex in Chevron for sale,350.0,Duplex,5.0,5.0,unfurnished,"Lekki, Chevron",Chevron,Lekki,enterprise,"₦ 690,000,000"
5bdrm Duplex in Ikota for sale,350.0,Duplex,5.0,5.0,unfurnished,"Lekki, Ikota",Ikota,Lekki,enterprise,"₦ 250,000,000"
2bdrm Apartment in Agungi for sale,500.0,Apartment,2.0,2.0,unfurnished,"Lekki, Agungi",Agungi,Lekki,enterprise,"₦ 100,000,000"
3bdrm Apartment in Ikate for sale,500.0,Apartment,3.0,3.0,unfurnished,"Lekki, Ikate",Ikate,Lekki,enterprise,"₦ 170,000,000"
5bdrm Duplex in Lekki for sale,500.0,Duplex,5.0,5.0,unfurnished,"Lagos State, Lekki",Lekki,Lagos State,enterprise,"₦ 420,000,000"
5bdrm Duplex in Durumi for sale,1000.0,Duplex,5.0,6.0,unfurnished,"Abuja (FCT), Durumi",Durumi,Abuja (FCT),diamond,"₦ 300,000,000"
3bdrm Bungalow in Galadimawa for sale,450.0,Bungalow,3.0,3.0,semi-furnished,"Abuja (FCT), Galadimawa",Galadimawa,Abuja (FCT),diamond,"₦ 160,000,000"
4bdrm Duplex in Jabi for sale,200.0,Duplex,4.0,4.0,unfurnished,"Abuja (FCT), Jabi",Jabi,Abuja (FCT),diamond,"₦ 190,000,000"
4bdrm Duplex in Lekki for sale,350.0,Duplex,4.0,4.0,unfurnished,"Lagos State, Lekki",Lekki,Lagos State,enterprise,"₦ 240,000,000"
4bdrm Duplex in Jahi for sale,350.0,Duplex,4.0,4.0,unfurnished,"Abuja (FCT), Jahi",Jahi,Abuja (FCT),enterprise,"₦ 220,000,000"
8bdrm Duplex in Ibeju for sale,5000.0,Duplex,8.0,8.0,unfurnished,"Lagos State, Ibeju",Ibeju,Lagos State,enterprise,"₦ 750,000,000"
4bdrm Bungalow in Ibeshe / Ikorodu for sale,600.0,Bungalow,4.0,4.0,unfurnished,"Ikorodu, Ibeshe / Ikorodu",Ibeshe / Ikorodu,Ikorodu,enterprise,"₦ 55,000,000"
4bdrm Duplex in Chevron for sale,350.0,Duplex,4.0,4.0,unfurnished,"Lekki, Chevron",Chevron,Lekki,enterprise,"₦ 220,000,000"
4bdrm Duplex in Lekki for sale,500.0,Duplex,4.0,4.0,unfurnished,"Lagos State, Lekki",Lekki,Lagos State,enterprise,"₦ 280,000,000"
4bdrm Duplex in Ajah for sale,350.0,Duplex,4.0,4.0,unfurnished,"Lagos State, Ajah",Ajah,Lagos State,enterprise,"₦ 140,000,000"
4bdrm Duplex in Lekki for sale,350.0,Duplex,4.0,4.0,unfurnished,"Lagos State, Lekki",Lekki,Lagos State,enterprise,"₦ 210,000,000"
5bdrm Duplex in Chevron for sale,350.0,Duplex,5.0,5.0,unfurnished,"Lekki, Chevron",Chevron,Lekki,enterprise,"₦ 350,000,000"
4bdrm Duplex in Chevron for sale,500.0,Duplex,4.0,4.0,unfurnished,"Lekki, Chevron",Chevron,Lekki,enterprise,"₦ 200,000,000"
5bdrm Duplex in Ologolo for sale,350.0,Duplex,5.0,5.0,unfurnished,"Lekki, Ologolo",Ologolo,Lekki,enterprise,"₦ 600,000,000"
"3bdrm Block of Flats in Army Estate, Kubwa for sale",500.0,Block of Flats,3.0,4.0,unfurnished,"Abuja (FCT), Kubwa",Kubwa,Abuja (FCT),diamond,"₦ 85,000,000"
"2bdrm Block of Flats in Nigeria Ghana School, Life Camp for sale",700.0,Block of Flats,2.0,3.0,unfurnished,"Gwarinpa, Life Camp",Life Camp,Gwarinpa,diamond,"₦ 90,000,000"
4bdrm Duplex in Life Camp for sale,300.0,Duplex,4.0,5.0,unfurnished,"Gwarinpa, Life Camp",Life Camp,Gwarinpa,diamond,"₦ 110,000,000"
5bdrm Duplex in Lekki Phase 1 for sale,1250.0,Duplex,5.0,5.0,unfurnished,"Lekki, Lekki Phase 1",Lekki Phase 1,Lekki,diamond,"₦ 550,000,000"
3bdrm Duplex in Kubwa for sale,500.0,Duplex,3.0,4.0,unfurnished,"Abuja (FCT), Kubwa",Kubwa,Abuja (FCT),diamond,"₦ 100,000,000"
4bdrm Duplex in Guzape Main for sale,1000.0,Duplex,4.0,4.0,unfurnished,"Abuja (FCT), Guzape District",Guzape District,Abuja (FCT),False,"₦ 650,000,000"
"Furnished 3bdrm Duplex in Paradise 2 Estate, Katampe (Main) for sale",180.0,Duplex,3.0,3.0,furnished,"Katampe, Katampe (Main)",Katampe (Main),Katampe,diamond,"₦ 270,000,000"
"3bdrm Duplex in Capital Loft, Eleko for sale",300.0,Duplex,3.0,3.0,unfurnished,"Ibeju, Eleko",Eleko,Ibeju,enterprise,"₦ 109,440,000"
3bdrm Bungalow in Ijede / Ikorodu for sale,600.0,Bungalow,3.0,3.0,unfurnished,"Ikorodu, Ijede / Ikorodu",Ijede / Ikorodu,Ikorodu,enterprise,"₦ 45,000,000"
Furnished 1bdrm Apartment in Thomas Estate for sale,500.0,Apartment,1.0,1.0,furnished,"Ajah, Thomas Estate",Thomas Estate,Ajah,enterprise,"₦ 35,000,000"
4bdrm Duplex in Ajah for sale,350.0,Duplex,4.0,4.0,unfurnished,"Lagos State, Ajah",Ajah,Lagos State,enterprise,"₦ 145,000,000"
4bdrm Duplex in Surulere for sale,500.0,Duplex,4.0,4.0,unfurnished,"Lagos State, Surulere",Surulere,Lagos State,enterprise,"₦ 300,000,000"
4bdrm Duplex in Ikota for sale,500.0,Duplex,4.0,4.0,unfurnished,"Lekki, Ikota",Ikota,Lekki,enterprise,"₦ 165,000,000"
2bdrm Apartment in Lekki Phase 1 for sale,500.0,Apartment,2.0,2.0,unfurnished,"Lekki, Lekki Phase 1",Lekki Phase 1,Lekki,enterprise,"₦ 270,000,000"
5bdrm Duplex in Ikota for sale,350.0,Duplex,5.0,5.0,unfurnished,"Lekki, Ikota",Ikota,Lekki,enterprise,"₦ 250,000,000"
4bdrm Duplex in Ikota for sale,350.0,Duplex,4.0,4.0,unfurnished,"Lekki, Ikota",Ikota,Lekki,enterprise,"₦ 170,000,000"
5bdrm Duplex in Lekki Phase 1 for sale,350.0,Duplex,5.0,5.0,unfurnished,"Lekki, Lekki Phase 1",Lekki Phase 1,Lekki,enterprise,"₦ 850,000,000"
6bdrm Duplex in Ikate for sale,350.0,Duplex,6.0,6.0,unfurnished,"Lekki, Ikate",Ikate,Lekki,enterprise,"₦ 1,600,000,000"
5bdrm Duplex in Ajah for sale,350.0,Duplex,5.0,5.0,unfurnished,"Lagos State, Ajah",Ajah,Lagos State,enterprise,"₦ 180,000,000"
4bdrm Duplex in Ikoyi for sale,350.0,Duplex,4.0,4.0,unfurnished,"Lagos State, Ikoyi",Ikoyi,Lagos State,enterprise,"₦ 850,000,000"
6bdrm Duplex in Osapa london for sale,500.0,Duplex,6.0,6.0,unfurnished,"Lekki, Osapa london",Osapa london,Lekki,enterprise,"₦ 1,900,000,000"
Furnished 3bdrm Duplex in Ajah for sale,500.0,Duplex,3.0,3.0,furnished,"Lagos State, Ajah",Ajah,Lagos State,enterprise,"₦ 110,000,000"
4bdrm Duplex in Ikoyi S.W for sale,500.0,Duplex,4.0,4.0,unfurnished,"Ikoyi, Ikoyi S.W",Ikoyi S.W,Ikoyi,enterprise,"₦ 1,300,000,000"
5bdrm Duplex in Lekki for sale,350.0,Duplex,5.0,5.0,unfurnished,"Lagos State, Lekki",Lekki,Lagos State,enterprise,"₦ 300,000,000"
2bdrm Duplex in Lekki Phase 2 for sale,100.0,Duplex,2.0,2.0,unfurnished,"Lekki, Lekki Phase 2",Lekki Phase 2,Lekki,enterprise,"₦ 120,000,000"
5bdrm Duplex in Ajah for sale,350.0,Duplex,5.0,5.0,unfurnished,"Lagos State, Ajah",Ajah,Lagos State,enterprise,"₦ 260,000,000"
2bdrm Apartment in Ikate for sale,1000.0,Apartment,2.0,2.0,unfurnished,"Lekki, Ikate",Ikate,Lekki,enterprise,"₦ 160,000,000"
3bdrm Block of Flats in Surulere for sale,500.0,Block of Flats,3.0,3.0,unfurnished,"Lagos State, Surulere",Surulere,Lagos State,enterprise,"₦ 350,000,000"
2bdrm Apartment in Ikate for sale,500.0,Apartment,2.0,2.0,unfurnished,"Lekki, Ikate",Ikate,Lekki,enterprise,"₦ 100,000,000"
3bdrm Duplex in Lekki Phase 2 for sale,500.0,Duplex,3.0,3.0,unfurnished,"Lekki, Lekki Phase 2",Lekki Phase 2,Lekki,enterprise,"₦ 95,000,000"
4bdrm Duplex in GRA Phase 2 Shangisha for sale,500.0,Duplex,4.0,4.0,unfurnished,"Magodo, GRA Phase 2 Shangisha",GRA Phase 2 Shangisha,Magodo,enterprise,"₦ 450,000,000"
2bdrm Apartment in Lugbe District for sale,350.0,Apartment,2.0,2.0,unfurnished,"Abuja (FCT), Lugbe District",Lugbe District,Abuja (FCT),enterprise,"₦ 47,500,000"
5bdrm Duplex in Dawaki for sale,400.0,Duplex,5.0,6.0,unfurnished,"Gwarinpa, Dawaki",Dawaki,Gwarinpa,diamond,"₦ 70,000,000"
5bdrm Duplex in Durumi for sale,700.0,Duplex,5.0,6.0,unfurnished,"Abuja (FCT), Durumi",Durumi,Abuja (FCT),diamond,"₦ 200,000,000"
1bdrm Block of Flats in Kubwa for sale,700.0,Block of Flats,1.0,2.0,unfurnished,"Abuja (FCT), Kubwa",Kubwa,Abuja (FCT),diamond,"₦ 23,500,000"
3bdrm Apartment in Victoria Island Extension for sale,1500.0,Apartment,3.0,3.0,unfurnished,"Victoria Island, Victoria Island Extension",Victoria Island Extension,Victoria Island,diamond,"₦ 750,000,000"
"5bdrm Duplex in Emerald, Galadimawa for sale",800.0,Duplex,5.0,6.0,unfurnished,"Abuja (FCT), Galadimawa",Galadimawa,Abuja (FCT),enterprise,"₦ 500,000,000"
4bdrm Duplex in Guzape Main for sale,1000.0,Duplex,4.0,5.0,unfurnished,"Abuja (FCT), Guzape District",Guzape District,Abuja (FCT),False,"₦ 250,000,000"
4bdrm Duplex in Gaduwa for sale,250.0,Duplex,4.0,4.0,semi-furnished,"Abuja (FCT), Gaduwa",Gaduwa,Abuja (FCT),diamond,"₦ 200,000,000"
4bdrm Duplex in Ajah for sale,350.0,Duplex,4.0,4.0,unfurnished,"Lagos State, Ajah",Ajah,Lagos State,enterprise,"₦ 220,000,000"
2bdrm Apartment in Chevron for sale,1000.0,Apartment,2.0,2.0,unfurnished,"Lekki, Chevron",Chevron,Lekki,enterprise,"₦ 140,000,000"
5bdrm Penthouse in Ikoyi for sale,500.0,Penthouse,5.0,5.0,unfurnished,"Lagos State, Ikoyi",Ikoyi,Lagos State,enterprise,"₦ 3,000,000,000"
4bdrm Duplex in Off Lekki-Epe Expressway for sale,350.0,Duplex,4.0,4.0,unfurnished,"Ajah, Off Lekki-Epe Expressway",Off Lekki-Epe Expressway,Ajah,enterprise,"₦ 170,000,000"
5bdrm House in Osapa london for sale,500.0,House,5.0,5.0,unfurnished,"Lekki, Osapa london",Osapa london,Lekki,enterprise,"₦ 1,300,000,000"
3bdrm Duplex in Lekki for sale,500.0,Duplex,3.0,3.0,unfurnished,"Lagos State, Lekki",Lekki,Lagos State,enterprise,"₦ 95,000,000"
5bdrm Duplex in Ikota for sale,500.0,Duplex,5.0,5.0,unfurnished,"Lekki, Ikota",Ikota,Lekki,enterprise,"₦ 480,000,000"
5bdrm Duplex in Lekki Phase 2 for sale,500.0,Duplex,5.0,5.0,unfurnished,"Lekki, Lekki Phase 2",Lekki Phase 2,Lekki,enterprise,"₦ 420,000,000"
10bdrm Duplex in Ikeja GRA for sale,1700.0,Duplex,10.0,10.0,unfurnished,"Ikeja, Ikeja GRA",Ikeja GRA,Ikeja,enterprise,"₦ 1,700,000,000"
3bdrm Apartment in Victoria Island for sale,100.0,Apartment,3.0,3.0,unfurnished,"Lagos State, Victoria Island",Victoria Island,Lagos State,enterprise,"₦ 500,000,000"
"3bdrm Maisonette in Congress Park, Lekki Phase 1 for sale",4596.0,Maisonette,3.0,3.0,unfurnished,"Lekki, Lekki Phase 1",Lekki Phase 1,Lekki,diamond,"₦ 250,000,000"
"3bdrm Bungalow in Brains And Hammer, Kubwa for sale",450.0,Bungalow,3.0,4.0,unfurnished,"Abuja (FCT), Kubwa",Kubwa,Abuja (FCT),diamond,"₦ 35,000,000"
7bdrm Duplex in Kaura for sale,700.0,Duplex,7.0,8.0,unfurnished,"Abuja (FCT), Kaura",Kaura,Abuja (FCT),diamond,"₦ 750,000,000"
"5bdrm Duplex in Kafe District, Gwarinpa for sale",800.0,Duplex,5.0,6.0,unfurnished,"Abuja (FCT), Gwarinpa",Gwarinpa,Abuja (FCT),diamond,"₦ 260,000,000"
4bdrm Duplex in Guzape Main for sale,200.0,Duplex,4.0,4.0,unfurnished,"Abuja (FCT), Guzape District",Guzape District,Abuja (FCT),False,"₦ 350,000,000"
4bdrm Duplex in Guzape Main for sale,1000.0,Duplex,4.0,4.0,unfurnished,"Abuja (FCT), Guzape District",Guzape District,Abuja (FCT),False,"₦ 650,000,000"
"2bdrm Block of Flats in Mufasa Prime, Ikate for sale",300.0,Block of Flats,2.0,2.0,unfurnished,"Lekki, Ikate",Ikate,Lekki,enterprise,"₦ 230,000,000"
3bdrm Apartment in Ikeja GRA for sale,1000.0,Apartment,3.0,3.0,unfurnished,"Ikeja, Ikeja GRA",Ikeja GRA,Ikeja,enterprise,"₦ 440,000,000"
5bdrm Duplex in Ikota for sale,350.0,Duplex,5.0,5.0,unfurnished,"Lekki, Ikota",Ikota,Lekki,enterprise,"₦ 380,000,000"
2bdrm Apartment in Alagomeji for sale,500.0,Apartment,2.0,2.0,unfurnished,"Yaba, Alagomeji",Alagomeji,Yaba,enterprise,"₦ 90,000,000"
5bdrm Duplex in Lekki for sale,350.0,Duplex,5.0,5.0,unfurnished,"Lagos State, Lekki",Lekki,Lagos State,enterprise,"₦ 300,000,000"
5bdrm Duplex in Ogunlana for sale,350.0,Duplex,5.0,5.0,unfurnished,"Surulere, Ogunlana",Ogunlana,Surulere,enterprise,"₦ 270,000,000"
5bdrm Duplex in Lekki Phase 1 for sale,350.0,Duplex,5.0,5.0,unfurnished,"Lekki, Lekki Phase 1",Lekki Phase 1,Lekki,enterprise,"₦ 900,000,000"
2bdrm Apartment in Lekki Phase 1 for sale,1000.0,Apartment,2.0,2.0,unfurnished,"Lekki, Lekki Phase 1",Lekki Phase 1,Lekki,enterprise,"₦ 200,000,000"
"4bdrm Duplex in Akwaka Estate, Port-Harcourt for sale",300.0,Duplex,4.0,5.0,unfurnished,"Rivers State, Port-Harcourt",Port-Harcourt,Rivers State,enterprise,"₦ 190,000,000"
5bdrm Duplex in Kado for sale,700.0,Duplex,5.0,6.0,unfurnished,"Abuja (FCT), Kado",Kado,Abuja (FCT),diamond,"₦ 750,000,000"
4bdrm Duplex in Sangotedo for sale,4500.0,Duplex,4.0,4.0,unfurnished,"Ajah, Sangotedo",Sangotedo,Ajah,enterprise,"₦ 2,500,000,000"
2bdrm Apartment in Lekki Phase 1 for sale,600.0,Apartment,2.0,2.0,unfurnished,"Lekki, Lekki Phase 1",Lekki Phase 1,Lekki,enterprise,"₦ 145,000,000"
5bdrm Duplex in Chevron for sale,350.0,Duplex,5.0,5.0,unfurnished,"Lekki, Chevron",Chevron,Lekki,enterprise,"₦ 400,000,000"
4bdrm Duplex in Osapa london for sale,500.0,Duplex,4.0,4.0,unfurnished,"Lekki, Osapa london",Osapa london,Lekki,enterprise,"₦ 330,000,000"
"5bdrm Duplex in $2M, Ikoyi for sale",350.0,Duplex,5.0,5.0,unfurnished,"Lagos State, Ikoyi",Ikoyi,Lagos State,enterprise,"₦ 2,000,000,000"
3bdrm Duplex in Ilupeju for sale,500.0,Duplex,3.0,3.0,unfurnished,"Lagos State, Ilupeju",Ilupeju,Lagos State,enterprise,"₦ 190,000,000"
4bdrm Duplex in Ajah for sale,350.0,Duplex,4.0,4.0,unfurnished,"Lagos State, Ajah",Ajah,Lagos State,enterprise,"₦ 160,000,000"
5bdrm Duplex in Lekki Phase 1 for sale,350.0,Duplex,5.0,5.0,unfurnished,"Lekki, Lekki Phase 1",Lekki Phase 1,Lekki,enterprise,"₦ 800,000,000"
Studio Apartment in Lekki Phase 2 for sale,500.0,,1.0,1.0,unfurnished,"Lekki, Lekki Phase 2",Lekki Phase 2,Lekki,enterprise,"₦ 50,000,000"
4bdrm Duplex in Lekki Phase 1 for sale,500.0,Duplex,4.0,4.0,unfurnished,"Lekki, Lekki Phase 1",Lekki Phase 1,Lekki,enterprise,"₦ 650,000,000"
2bdrm Apartment in Ologolo for sale,500.0,Apartment,2.0,2.0,unfurnished,"Lekki, Ologolo",Ologolo,Lekki,enterprise,"₦ 140,000,000"
3bdrm Duplex in Osapa london for sale,1000.0,Duplex,3.0,3.0,unfurnished,"Lekki, Osapa london",Osapa london,Lekki,enterprise,"₦ 185,000,000"
5bdrm Duplex in Osapa london for sale,500.0,Duplex,5.0,5.0,unfurnished,"Lekki, Osapa london",Osapa london,Lekki,enterprise,"₦ 650,000,000"
4bdrm Duplex in GRA Phase 1 for sale,350.0,Duplex,4.0,4.0,unfurnished,"Magodo, GRA Phase 1",GRA Phase 1,Magodo,enterprise,"₦ 320,000,000"
5bdrm Duplex in Lekki for sale,350.0,Duplex,5.0,5.0,unfurnished,"Lagos State, Lekki",Lekki,Lagos State,enterprise,"₦ 300,000,000"
5bdrm Duplex in Lekki Phase 2 for sale,350.0,Duplex,5.0,5.0,unfurnished,"Lekki, Lekki Phase 2",Lekki Phase 2,Lekki,enterprise,"₦ 650,000,000"
4bdrm Duplex in Ajah for sale,350.0,Duplex,4.0,4.0,unfurnished,"Lagos State, Ajah",Ajah,Lagos State,enterprise,"₦ 145,000,000"
"2bdrm Bungalow in Fcda, Kubwa for sale",500.0,Bungalow,2.0,2.0,unfurnished,"Abuja (FCT), Kubwa",Kubwa,Abuja (FCT),diamond,"₦ 40,000,000"
2bdrm Block of Flats in Life Camp for sale,500.0,Block of Flats,2.0,3.0,unfurnished,"Gwarinpa, Life Camp",Life Camp,Gwarinpa,diamond,"₦ 65,000,000"
"Furnished 3bdrm Bungalow in Ofin Estate, Ikorodu for sale",600.0,Bungalow,3.0,3.0,furnished,"Lagos State, Ikorodu",Ikorodu,Lagos State,diamond,"₦ 23,000,000"
"Furnished 5bdrm Duplex in Sunnyvale Axis, Galadimawa for sale",1000.0,Duplex,5.0,5.0,furnished,"Abuja (FCT), Galadimawa",Galadimawa,Abuja (FCT),enterprise,"₦ 150,000,000"
2bdrm Apartment in Ikate Lekki for sale,500.0,Apartment,2.0,2.0,unfurnished,"Lekki, Ikate",Ikate,Lekki,vip_gold,"₦ 230,000,000"
5bdrm Duplex in Osapa london for sale,500.0,Duplex,5.0,5.0,unfurnished,"Lekki, Osapa london",Osapa london,Lekki,enterprise,"₦ 2,300,000,000"
5bdrm Duplex in Chevron for sale,350.0,Duplex,5.0,5.0,unfurnished,"Lekki, Chevron",Chevron,Lekki,enterprise,"₦ 400,000,000"
5bdrm Duplex in Chevron for sale,350.0,Duplex,5.0,5.0,unfurnished,"Lekki, Chevron",Chevron,Lekki,enterprise,"₦ 420,000,000"
4bdrm Duplex in Chevron for sale,400.0,Duplex,4.0,4.0,unfurnished,"Lekki, Chevron",Chevron,Lekki,enterprise,"₦ 230,000,000"
5bdrm Duplex in Lekki for sale,350.0,Duplex,5.0,5.0,unfurnished,"Lagos State, Lekki",Lekki,Lagos State,enterprise,"₦ 190,000,000"
3bdrm Apartment in Ikate for sale,1000.0,Apartment,3.0,3.0,unfurnished,"Lekki, Ikate",Ikate,Lekki,enterprise,"₦ 200,000,000"
"3bdrm Duplex in Payment Plan, Off Lekki-Epe Expressway for sale",1000.0,Duplex,3.0,3.0,unfurnished,"Ajah, Off Lekki-Epe Expressway",Off Lekki-Epe Expressway,Ajah,enterprise,"₦ 110,000,000"
5bdrm Duplex in Ajah for sale,350.0,Duplex,5.0,5.0,unfurnished,"Lagos State, Ajah",Ajah,Lagos State,enterprise,"₦ 320,000,000"
Furnished Studio Apartment in Ikate for sale,1000.0,,1.0,1.0,furnished,"Lekki, Ikate",Ikate,Lekki,enterprise,"₦ 100,000,000"
2bdrm Apartment in Ikate for sale,500.0,Apartment,2.0,2.0,unfurnished,"Lekki, Ikate",Ikate,Lekki,enterprise,"₦ 280,000,000"
4bdrm Duplex in Lekki Phase 1 for sale,1000.0,Duplex,4.0,4.0,unfurnished,"Lekki, Lekki Phase 1",Lekki Phase 1,Lekki,enterprise,"₦ 350,000,000"
5bdrm Duplex in Osapa london for sale,500.0,Duplex,5.0,5.0,unfurnished,"Lekki, Osapa london",Osapa london,Lekki,enterprise,"₦ 1,600,000,000"
4bdrm Duplex in Ikate for sale,350.0,Duplex,4.0,4.0,unfurnished,"Lekki, Ikate",Ikate,Lekki,enterprise,"₦ 250,000,000"
Furnished 1bdrm Block of Flats in Katampe for sale,500.0,Block of Flats,1.0,2.0,furnished,"Abuja (FCT), Katampe",Katampe,Abuja (FCT),diamond,"₦ 100,000,000"
4bdrm Duplex in Mabushi for sale,700.0,Duplex,4.0,5.0,unfurnished,"Abuja (FCT), Mabushi",Mabushi,Abuja (FCT),diamond,"₦ 400,000,000"
5bdrm Duplex in Chevron for sale,350.0,Duplex,5.0,5.0,unfurnished,"Lekki, Chevron",Chevron,Lekki,enterprise,"₦ 390,000,000"
"5bdrm Duplex in $1.6B, Ikoyi for sale",350.0,Duplex,5.0,5.0,unfurnished,"Lagos State, Ikoyi",Ikoyi,Lagos State,enterprise,"₦ 1,600,000,000"
Furnished 4bdrm Duplex in Lekki for sale,500.0,Duplex,4.0,4.0,furnished,"Lagos State, Lekki",Lekki,Lagos State,enterprise,"₦ 450,000,000"
5bdrm Duplex in Chevron for sale,500.0,Duplex,5.0,5.0,unfurnished,"Lekki, Chevron",Chevron,Lekki,enterprise,"₦ 600,000,000"
4bdrm Duplex in Off Lekki-Epe Expressway for sale,500.0,Duplex,4.0,4.0,unfurnished,"Ajah, Off Lekki-Epe Expressway",Off Lekki-Epe Expressway,Ajah,enterprise,"₦ 150,000,000"
5bdrm Duplex in Ajah for sale,500.0,Duplex,5.0,5.0,unfurnished,"Lagos State, Ajah",Ajah,Lagos State,enterprise,"₦ 280,000,000"
5bdrm Duplex in Chevron for sale,500.0,Duplex,5.0,5.0,unfurnished,"Lekki, Chevron",Chevron,Lekki,enterprise,"₦ 330,000,000"
4bdrm Duplex in Ajah for sale,350.0,Duplex,4.0,4.0,unfurnished,"Lagos State, Ajah",Ajah,Lagos State,enterprise,"₦ 170,000,000"
5bdrm Duplex in Ikate for sale,500.0,Duplex,5.0,5.0,unfurnished,"Lekki, Ikate",Ikate,Lekki,enterprise,"₦ 850,000,000"
4bdrm Duplex in Ajah for sale,500.0,Duplex,4.0,4.0,unfurnished,"Lagos State, Ajah",Ajah,Lagos State,enterprise,"₦ 160,000,000"
4bdrm Duplex in Osborne Foreshore Estate for sale,500.0,Duplex,4.0,4.0,unfurnished,"Ikoyi, Osborne Foreshore Estate",Osborne Foreshore Estate,Ikoyi,enterprise,"₦ 350,000,000"
Furnished 2bdrm Duplex in Mende for sale,500.0,Duplex,2.0,2.0,furnished,"Maryland, Mende",Mende,Maryland,enterprise,"₦ 150,000,000"
5bdrm Duplex in Ikota for sale,350.0,Duplex,5.0,5.0,unfurnished,"Lekki, Ikota",Ikota,Lekki,enterprise,"₦ 230,000,000"
6bdrm House in Ibadan for sale,1500.0,House,6.0,4.0,unfurnished,"Oyo State, Ibadan",Ibadan,Oyo State,False,"₦ 50,000,000"
1bdrm Block of Flats in Life Camp for sale,500.0,Block of Flats,1.0,2.0,unfurnished,"Gwarinpa, Life Camp",Life Camp,Gwarinpa,diamond,"₦ 40,000,000"
4bdrm House in Gwarinpa for sale,500.0,House,4.0,5.0,unfurnished,"Abuja (FCT), Gwarinpa",Gwarinpa,Abuja (FCT),diamond,"₦ 350,000,000"
4bdrm Duplex in Guzape District for sale,500.0,Duplex,4.0,5.0,unfurnished,"Abuja (FCT), Guzape District",Guzape District,Abuja (FCT),diamond,"₦ 350,000,000"
4bdrm Duplex in Asokoro Main for sale,1000.0,Duplex,4.0,4.0,unfurnished,"Abuja (FCT), Asokoro",Asokoro,Abuja (FCT),False,"₦ 900,000,000"
4bdrm Duplex in Surulere for sale,350.0,Duplex,4.0,4.0,unfurnished,"Lagos State, Surulere",Surulere,Lagos State,enterprise,"₦ 300,000,000"
5bdrm Duplex in Chevron for sale,350.0,Duplex,5.0,5.0,unfurnished,"Lekki, Chevron",Chevron,Lekki,enterprise,"₦ 350,000,000"
5bdrm Duplex in Chevron for sale,500.0,Duplex,5.0,5.0,unfurnished,"Lekki, Chevron",Chevron,Lekki,enterprise,"₦ 500,000,000"
5bdrm Duplex in Lekki Phase 2 for sale,350.0,Duplex,5.0,5.0,unfurnished,"Lekki, Lekki Phase 2",Lekki Phase 2,Lekki,enterprise,"₦ 400,000,000"
5bdrm Duplex in Ikota for sale,500.0,Duplex,5.0,5.0,unfurnished,"Lekki, Ikota",Ikota,Lekki,enterprise,"₦ 660,000,000"
5bdrm Duplex in Ikoyi for sale,500.0,Duplex,5.0,5.0,unfurnished,"Lagos State, Ikoyi",Ikoyi,Lagos State,enterprise,"₦ 5,500,000,000"
5bdrm Duplex in Ajah for sale,350.0,Duplex,5.0,5.0,unfurnished,"Lagos State, Ajah",Ajah,Lagos State,enterprise,"₦ 260,000,000"
5bdrm Duplex in Ikate for sale,500.0,Duplex,5.0,5.0,unfurnished,"Lekki, Ikate",Ikate,Lekki,enterprise,"₦ 1,300,000,000"
4bdrm Duplex in Akin Olugbade for sale,500.0,Duplex,4.0,4.0,unfurnished,"Victoria Island, Akin Olugbade",Akin Olugbade,Victoria Island,enterprise,"₦ 1,200,000,000"
5bdrm Duplex in Chevron for sale,500.0,Duplex,5.0,5.0,unfurnished,"Lekki, Chevron",Chevron,Lekki,enterprise,"₦ 500,000,000"
2bdrm Block of Flats in Kiami for sale,500.0,Block of Flats,2.0,2.0,unfurnished,"Lugbe District, Kiami",Kiami,Lugbe District,enterprise,"₦ 40,000,000"
5bdrm Duplex in Ajah for sale,500.0,Duplex,5.0,5.0,unfurnished,"Lagos State, Ajah",Ajah,Lagos State,enterprise,"₦ 290,000,000"
5bdrm Duplex in Chevron for sale,500.0,Duplex,5.0,5.0,unfurnished,"Lekki, Chevron",Chevron,Lekki,enterprise,"₦ 380,000,000"
5bdrm Duplex in Lekki Phase 2 for sale,500.0,Duplex,5.0,5.0,unfurnished,"Lekki, Lekki Phase 2",Lekki Phase 2,Lekki,enterprise,"₦ 370,000,000"
3bdrm Duplex in Akure for sale,300.0,Duplex,3.0,3.0,unfurnished,"Ondo State, Akure",Akure,Ondo State,enterprise,"₦ 98,000,000"
5bdrm Duplex in Chevron for sale,350.0,Duplex,5.0,5.0,unfurnished,"Lekki, Chevron",Chevron,Lekki,enterprise,"₦ 390,000,000"
5bdrm Duplex in Lekki Phase 1 for sale,350.0,Duplex,5.0,5.0,unfurnished,"Lekki, Lekki Phase 1",Lekki Phase 1,Lekki,enterprise,"₦ 350,000,000"
5bdrm Duplex in Ikota for sale,500.0,Duplex,5.0,5.0,unfurnished,"Lekki, Ikota",Ikota,Lekki,enterprise,"₦ 320,000,000"
2bdrm Block of Flats in Kubwa for sale,800.0,Block of Flats,2.0,3.0,unfurnished,"Abuja (FCT), Kubwa",Kubwa,Abuja (FCT),diamond,"₦ 45,000,000"
4bdrm Duplex in Jahi for sale,150.0,Duplex,4.0,4.0,unfurnished,"Abuja (FCT), Jahi",Jahi,Abuja (FCT),enterprise,"₦ 230,000,000"
3bdrm Duplex in Sangotedo for sale,250.0,Duplex,3.0,3.0,unfurnished,"Ajah, Sangotedo",Sangotedo,Ajah,enterprise,"₦ 150,000,000"
5bdrm Duplex in Alaka Estate for sale,350.0,Duplex,5.0,5.0,unfurnished,"Surulere, Alaka Estate",Alaka Estate,Surulere,enterprise,"₦ 450,000,000"
5bdrm Duplex in Chevron for sale,500.0,Duplex,5.0,5.0,unfurnished,"Lekki, Chevron",Chevron,Lekki,enterprise,"₦ 680,000,000"
4bdrm Duplex in Ikota for sale,350.0,Duplex,4.0,4.0,unfurnished,"Lekki, Ikota",Ikota,Lekki,enterprise,"₦ 150,000,000"
Mini Flat in Mende for sale,500.0,,1.0,1.0,unfurnished,"Maryland, Mende",Mende,Maryland,enterprise,"₦ 70,000,000"
4bdrm Duplex in Off Lekki-Epe Expressway for sale,500.0,Duplex,4.0,4.0,unfurnished,"Ajah, Off Lekki-Epe Expressway",Off Lekki-Epe Expressway,Ajah,enterprise,"₦ 230,000,000"
5bdrm Duplex in Ikota for sale,350.0,Duplex,5.0,5.0,unfurnished,"Lekki, Ikota",Ikota,Lekki,enterprise,"₦ 330,000,000"
4bdrm Duplex in Ikota for sale,350.0,Duplex,4.0,4.0,unfurnished,"Lekki, Ikota",Ikota,Lekki,enterprise,"₦ 180,000,000"
5bdrm Duplex in Ajah for sale,350.0,Duplex,5.0,5.0,unfurnished,"Lagos State, Ajah",Ajah,Lagos State,enterprise,"₦ 300,000,000"
3bdrm Apartment in Lekki Phase 1 for sale,500.0,Apartment,3.0,3.0,unfurnished,"Lekki, Lekki Phase 1",Lekki Phase 1,Lekki,enterprise,"₦ 350,000,000"
5bdrm Duplex in Lekki Phase 1 for sale,350.0,Duplex,5.0,5.0,unfurnished,"Lekki, Lekki Phase 1",Lekki Phase 1,Lekki,enterprise,"₦ 300,000,000"
4bdrm Duplex in Ikota for sale,350.0,Duplex,4.0,4.0,unfurnished,"Lekki, Ikota",Ikota,Lekki,enterprise,"₦ 200,000,000"
2bdrm Apartment in Ikate for sale,500.0,Apartment,2.0,2.0,unfurnished,"Lekki, Ikate",Ikate,Lekki,enterprise,"₦ 195,000,000"
5bdrm Duplex in Ikoyi for sale,500.0,Duplex,5.0,5.0,unfurnished,"Lagos State, Ikoyi",Ikoyi,Lagos State,enterprise,"₦ 2,500,000,000"
4bdrm Duplex in Ajah for sale,350.0,Duplex,4.0,4.0,unfurnished,"Lagos State, Ajah",Ajah,Lagos State,enterprise,"₦ 120,000,000"
1bdrm Block of Flats in Maitama Ii Katampe for sale,500.0,Block of Flats,1.0,2.0,unfurnished,"Abuja (FCT), Katampe",Katampe,Abuja (FCT),diamond,"₦ 85,000,000"
4bdrm Duplex in Life Camp for sale,500.0,Duplex,4.0,5.0,unfurnished,"Gwarinpa, Life Camp",Life Camp,Gwarinpa,diamond,"₦ 210,000,000"
3bdrm Apartment in Yaba for sale,500.0,Apartment,3.0,3.0,unfurnished,"Lagos State, Yaba",Yaba,Lagos State,enterprise,"₦ 150,000,000"
6bdrm Block of Flats in Toyin Street for sale,768.0,Block of Flats,6.0,6.0,unfurnished,"Ikeja, Toyin Street",Toyin Street,Ikeja,enterprise,"₦ 1,500,000,000"
1bdrm Apartment in Lekki Phase 1 for sale,1000.0,Apartment,1.0,1.0,unfurnished,"Lekki, Lekki Phase 1",Lekki Phase 1,Lekki,enterprise,"₦ 160,000,000"
5bdrm Duplex in Agungi for sale,350.0,Duplex,5.0,5.0,unfurnished,"Lekki, Agungi",Agungi,Lekki,enterprise,"₦ 350,000,000"
5bdrm Duplex in Old Ikoyi for sale,400.0,Duplex,5.0,5.0,unfurnished,"Ikoyi, Old Ikoyi",Old Ikoyi,Ikoyi,enterprise,"₦ 5,500,000,000"
4bdrm Duplex in Lekki Phase 1 for sale,500.0,Duplex,4.0,4.0,unfurnished,"Lekki, Lekki Phase 1",Lekki Phase 1,Lekki,enterprise,"₦ 800,000,000"
5bdrm Duplex in Lekki for sale,500.0,Duplex,5.0,5.0,unfurnished,"Lagos State, Lekki",Lekki,Lagos State,enterprise,"₦ 430,000,000"
5bdrm Duplex in Lekki Phase 2 for sale,350.0,Duplex,5.0,5.0,unfurnished,"Lekki, Lekki Phase 2",Lekki Phase 2,Lekki,enterprise,"₦ 650,000,000"
5bdrm Duplex in Ikate for sale,500.0,Duplex,5.0,5.0,unfurnished,"Lekki, Ikate",Ikate,Lekki,enterprise,"₦ 829,000,000"
5bdrm Duplex in Lekki for sale,350.0,Duplex,5.0,5.0,unfurnished,"Lagos State, Lekki",Lekki,Lagos State,enterprise,"₦ 650,000,000"
5bdrm Duplex in Ikate for sale,350.0,Duplex,5.0,5.0,unfurnished,"Lekki, Ikate",Ikate,Lekki,enterprise,"₦ 290,000,000"
10bdrm Duplex in Ikeja GRA for sale,1006.0,Duplex,10.0,10.0,unfurnished,"Ikeja, Ikeja GRA",Ikeja GRA,Ikeja,enterprise,"₦ 2,000,000,000"
4bdrm Duplex in Lekki Phase 2 for sale,500.0,Duplex,4.0,4.0,unfurnished,"Lekki, Lekki Phase 2",Lekki Phase 2,Lekki,enterprise,"₦ 140,000,000"
4bdrm Duplex in Ajah for sale,350.0,Duplex,4.0,4.0,unfurnished,"Lagos State, Ajah",Ajah,Lagos State,enterprise,"₦ 180,000,000"
Furnished 3bdrm Apartment in Osapa london for sale,500.0,Apartment,3.0,3.0,furnished,"Lekki, Osapa london",Osapa london,Lekki,enterprise,"₦ 280,000,000"
2bdrm Apartment in Lekki Phase 1 for sale,1000.0,Apartment,2.0,2.0,unfurnished,"Lekki, Lekki Phase 1",Lekki Phase 1,Lekki,enterprise,"₦ 275,000,000"
2bdrm Apartment in Ikate for sale,500.0,Apartment,2.0,2.0,unfurnished,"Lekki, Ikate",Ikate,Lekki,enterprise,"₦ 190,000,000"
4bdrm Block of Flats in Katampe Main for sale,1000.0,Block of Flats,4.0,5.0,unfurnished,"Katampe, Katampe (Main)",Katampe (Main),Katampe,diamond,"₦ 220,000,000"
4bdrm Duplex in Life Camp for sale,1000.0,Duplex,4.0,4.0,unfurnished,"Gwarinpa, Life Camp",Life Camp,Gwarinpa,diamond,"₦ 120,000,000"
5bdrm House in Ikoyi for sale,500.0,House,5.0,5.0,unfurnished,"Lagos State, Ikoyi",Ikoyi,Lagos State,enterprise,"₦ 950,000,000"
4bdrm Duplex in Ajah for sale,350.0,Duplex,4.0,4.0,unfurnished,"Lagos State, Ajah",Ajah,Lagos State,enterprise,"₦ 220,000,000"
4bdrm Duplex in Ikota for sale,350.0,Duplex,4.0,4.0,unfurnished,"Lekki, Ikota",Ikota,Lekki,enterprise,"₦ 190,000,000"
5bdrm Duplex in Lekki for sale,500.0,Duplex,5.0,5.0,unfurnished,"Lagos State, Lekki",Lekki,Lagos State,enterprise,"₦ 550,000,000"
5bdrm Duplex in Lekki for sale,350.0,Duplex,5.0,5.0,unfurnished,"Lagos State, Lekki",Lekki,Lagos State,enterprise,"₦ 1,100,000,000"
5bdrm Duplex in Ogunlana for sale,900.0,Duplex,5.0,5.0,unfurnished,"Surulere, Ogunlana",Ogunlana,Surulere,enterprise,"₦ 700,000,000"
4bdrm Duplex in Ajah for sale,350.0,Duplex,4.0,4.0,unfurnished,"Lagos State, Ajah",Ajah,Lagos State,enterprise,"₦ 160,000,000"
5bdrm Duplex in Lekki for sale,350.0,Duplex,5.0,5.0,unfurnished,"Lagos State, Lekki",Lekki,Lagos State,enterprise,"₦ 150,000,000"
2bdrm Duplex in Kubwa for sale,700.0,Duplex,2.0,3.0,unfurnished,"Abuja (FCT), Kubwa",Kubwa,Abuja (FCT),diamond,"₦ 65,000,000"
2bdrm Block of Flats in Guzape Main for sale,800.0,Block of Flats,2.0,2.0,unfurnished,"Abuja (FCT), Guzape District",Guzape District,Abuja (FCT),False,"₦ 140,000,000"
4bdrm Duplex in Lekki Phase 2 for sale,500.0,Duplex,4.0,4.0,unfurnished,"Lekki, Lekki Phase 2",Lekki Phase 2,Lekki,enterprise,"₦ 180,000,000"
4bdrm Duplex in Lekki for sale,350.0,Duplex,4.0,4.0,unfurnished,"Lagos State, Lekki",Lekki,Lagos State,enterprise,"₦ 195,000,000"
6bdrm Duplex in Ikate for sale,500.0,Duplex,6.0,6.0,unfurnished,"Lekki, Ikate",Ikate,Lekki,enterprise,"₦ 600,000,000"
5bdrm Duplex in Ikate for sale,350.0,Duplex,5.0,5.0,unfurnished,"Lekki, Ikate",Ikate,Lekki,enterprise,"₦ 650,000,000"
5bdrm Duplex in Lekki Phase 1 for sale,500.0,Duplex,5.0,5.0,unfurnished,"Lekki, Lekki Phase 1",Lekki Phase 1,Lekki,enterprise,"₦ 850,000,000"
5bdrm Duplex in Ikota for sale,350.0,Duplex,5.0,5.0,unfurnished,"Lekki, Ikota",Ikota,Lekki,enterprise,"₦ 430,000,000"
5bdrm Duplex in Lekki Phase 2 for sale,500.0,Duplex,5.0,5.0,unfurnished,"Lekki, Lekki Phase 2",Lekki Phase 2,Lekki,enterprise,"₦ 500,000,000"
5bdrm Duplex in Lekki for sale,350.0,Duplex,5.0,5.0,unfurnished,"Lagos State, Lekki",Lekki,Lagos State,enterprise,"₦ 350,000,000"
5bdrm Duplex in Lekki Phase 2 for sale,500.0,Duplex,5.0,5.0,unfurnished,"Lekki, Lekki Phase 2",Lekki Phase 2,Lekki,enterprise,"₦ 600,000,000"
4bdrm Duplex in Ikota for sale,500.0,Duplex,4.0,4.0,unfurnished,"Lekki, Ikota",Ikota,Lekki,enterprise,"₦ 140,000,000"
5bdrm Duplex in Chevron for sale,350.0,Duplex,5.0,5.0,unfurnished,"Lekki, Chevron",Chevron,Lekki,enterprise,"₦ 450,000,000"
3bdrm Bungalow in Dutse-Alhaji for sale,500.0,Bungalow,3.0,3.0,unfurnished,"Abuja (FCT), Dutse-Alhaji",Dutse-Alhaji,Abuja (FCT),diamond,"₦ 30,000,000"
5bdrm Duplex in Katampe (Main) for sale,800.0,Duplex,5.0,6.0,unfurnished,"Katampe, Katampe (Main)",Katampe (Main),Katampe,diamond,"₦ 450,000,000"
5bdrm Duplex in Lekki for sale,350.0,Duplex,5.0,5.0,unfurnished,"Lagos State, Lekki",Lekki,Lagos State,enterprise,"₦ 380,000,000"
5bdrm Duplex in Ikota for sale,350.0,Duplex,5.0,5.0,unfurnished,"Lekki, Ikota",Ikota,Lekki,enterprise,"₦ 280,000,000"
5bdrm Duplex in Ajah for sale,350.0,Duplex,5.0,5.0,unfurnished,"Lagos State, Ajah",Ajah,Lagos State,enterprise,"₦ 180,000,000"
4bdrm Duplex in Lekki Phase 2 for sale,350.0,Duplex,4.0,4.0,unfurnished,"Lekki, Lekki Phase 2",Lekki Phase 2,Lekki,enterprise,"₦ 140,000,000"
5bdrm Duplex in Lekki Phase 2 for sale,350.0,Duplex,5.0,5.0,unfurnished,"Lekki, Lekki Phase 2",Lekki Phase 2,Lekki,enterprise,"₦ 330,000,000"
4bdrm Duplex in Ikate for sale,350.0,Duplex,4.0,4.0,unfurnished,"Lekki, Ikate",Ikate,Lekki,enterprise,"₦ 270,000,000"
4bdrm Duplex in Ajah for sale,350.0,Duplex,4.0,4.0,unfurnished,"Lagos State, Ajah",Ajah,Lagos State,enterprise,"₦ 150,000,000"
4bdrm Duplex in Off Lekki-Epe Expressway for sale,500.0,Duplex,4.0,4.0,unfurnished,"Ajah, Off Lekki-Epe Expressway",Off Lekki-Epe Expressway,Ajah,enterprise,"₦ 165,000,000"
4bdrm Duplex in Lekki for sale,500.0,Duplex,4.0,4.0,unfurnished,"Lagos State, Lekki",Lekki,Lagos State,enterprise,"₦ 200,000,000"
4bdrm Duplex in Ado / Ajah for sale,500.0,Duplex,4.0,4.0,unfurnished,"Ajah, Ado / Ajah",Ado / Ajah,Ajah,enterprise,"₦ 160,000,000"
5bdrm Duplex in Ajah for sale,500.0,Duplex,5.0,5.0,unfurnished,"Lagos State, Ajah",Ajah,Lagos State,enterprise,"₦ 220,000,000"
5bdrm Duplex in Ajah for sale,350.0,Duplex,5.0,5.0,unfurnished,"Lagos State, Ajah",Ajah,Lagos State,enterprise,"₦ 160,000,000"
4bdrm Duplex in Ikate for sale,350.0,Duplex,4.0,4.0,unfurnished,"Lekki, Ikate",Ikate,Lekki,enterprise,"₦ 285,000,000"
5bdrm Duplex in Ikate for sale,350.0,Duplex,5.0,5.0,unfurnished,"Lekki, Ikate",Ikate,Lekki,enterprise,"₦ 930,000,000"
4bdrm Duplex in Lekki for sale,350.0,Duplex,4.0,4.0,unfurnished,"Lagos State, Lekki",Lekki,Lagos State,enterprise,"₦ 250,000,000"
Furnished 9bdrm Duplex in Port-Harcourt for sale,465.0,Duplex,9.0,10.0,furnished,"Rivers State, Port-Harcourt",Port-Harcourt,Rivers State,enterprise,"₦ 300,000,000"
5bdrm Duplex in Ajah for sale,350.0,Duplex,5.0,5.0,unfurnished,"Lagos State, Ajah",Ajah,Lagos State,enterprise,"₦ 300,000,000"
4bdrm Duplex in Agungi for sale,350.0,Duplex,4.0,4.0,unfurnished,"Lekki, Agungi",Agungi,Lekki,enterprise,"₦ 180,000,000"
"4bdrm Duplex in Payment Plan, Gudu for sale",350.0,Duplex,4.0,4.0,unfurnished,"Abuja (FCT), Gudu",Gudu,Abuja (FCT),enterprise,"₦ 150,000,000"
2bdrm Apartment in Lekki Phase 1 for sale,1000.0,Apartment,2.0,2.0,unfurnished,"Lekki, Lekki Phase 1",Lekki Phase 1,Lekki,enterprise,"₦ 300,000,000"
2bdrm Apartment in Lekki Phase 1 for sale,1000.0,Apartment,2.0,2.0,unfurnished,"Lekki, Lekki Phase 1",Lekki Phase 1,Lekki,enterprise,"₦ 155,000,000"
6bdrm Duplex in Ikoyi for sale,1000.0,Duplex,6.0,6.0,unfurnished,"Lagos State, Ikoyi",Ikoyi,Lagos State,enterprise,"₦ 2,600,000,000"
3bdrm Apartment in Osapa london for sale,350.0,Apartment,3.0,3.0,unfurnished,"Lekki, Osapa london",Osapa london,Lekki,enterprise,"₦ 140,000,000"
3bdrm Duplex in Lekki Phase 2 for sale,500.0,Duplex,3.0,3.0,unfurnished,"Lekki, Lekki Phase 2",Lekki Phase 2,Lekki,enterprise,"₦ 140,000,000"
2bdrm Apartment in Lekki Phase 1 for sale,500.0,Apartment,2.0,2.0,unfurnished,"Lekki, Lekki Phase 1",Lekki Phase 1,Lekki,enterprise,"₦ 280,000,000"
4bdrm Duplex in Ifako-Ijaiye for sale,350.0,Duplex,4.0,4.0,unfurnished,"Lagos State, Ifako-Ijaiye",Ifako-Ijaiye,Lagos State,enterprise,"₦ 120,000,000"
2bdrm Apartment in Lekki Phase 1 for sale,350.0,Apartment,2.0,2.0,unfurnished,"Lekki, Lekki Phase 1",Lekki Phase 1,Lekki,enterprise,"₦ 250,000,000"
5bdrm Mansion in Osapa london for sale,500.0,Mansion,5.0,5.0,unfurnished,"Lekki, Osapa london",Osapa london,Lekki,enterprise,"₦ 650,000,000"
4bdrm Duplex in Lekki Phase 2 for sale,350.0,Duplex,4.0,4.0,unfurnished,"Lekki, Lekki Phase 2",Lekki Phase 2,Lekki,enterprise,"₦ 180,000,000"
2bdrm Apartment in Lekki Phase 1 for sale,1000.0,Apartment,2.0,2.0,unfurnished,"Lekki, Lekki Phase 1",Lekki Phase 1,Lekki,enterprise,"₦ 330,000,000"
4bdrm Duplex in Ajah for sale,350.0,Duplex,4.0,4.0,unfurnished,"Lagos State, Ajah",Ajah,Lagos State,enterprise,"₦ 180,000,000"
5bdrm Duplex in Ikate for sale,500.0,Duplex,5.0,5.0,unfurnished,"Lekki, Ikate",Ikate,Lekki,enterprise,"₦ 450,000,000"
4bdrm Duplex in Lifecamp for sale,300.0,Duplex,4.0,4.0,unfurnished,"Gwarinpa, Life Camp",Life Camp,Gwarinpa,False,"₦ 180,000,000"
4bdrm Duplex in Ikate for sale,500.0,Duplex,4.0,4.0,unfurnished,"Lekki, Ikate",Ikate,Lekki,enterprise,"₦ 260,000,000"
Furnished 3bdrm Apartment in Old Ikoyi for sale,500.0,Apartment,3.0,3.0,furnished,"Ikoyi, Old Ikoyi",Old Ikoyi,Ikoyi,enterprise,"₦ 700,000,000"
2bdrm Apartment in Lekki Phase 1 for sale,500.0,Apartment,2.0,2.0,unfurnished,"Lekki, Lekki Phase 1",Lekki Phase 1,Lekki,enterprise,"₦ 280,000,000"
4bdrm Duplex in Ikate for sale,350.0,Duplex,4.0,4.0,unfurnished,"Lekki, Ikate",Ikate,Lekki,enterprise,"₦ 150,000,000"
4bdrm Duplex in Ajah for sale,350.0,Duplex,4.0,4.0,unfurnished,"Lagos State, Ajah",Ajah,Lagos State,enterprise,"₦ 180,000,000"
4bdrm Duplex in Lekki Phase 2 for sale,500.0,Duplex,4.0,4.0,unfurnished,"Lekki, Lekki Phase 2",Lekki Phase 2,Lekki,enterprise,"₦ 240,000,000"
5bdrm Duplex in Lekki Phase 2 for sale,500.0,Duplex,5.0,5.0,unfurnished,"Lekki, Lekki Phase 2",Lekki Phase 2,Lekki,enterprise,"₦ 380,000,000"
6bdrm Duplex in Surulere for sale,350.0,Duplex,6.0,6.0,unfurnished,"Lagos State, Surulere",Surulere,Lagos State,enterprise,"₦ 220,000,000"
4bdrm Duplex in Ajah for sale,500.0,Duplex,4.0,4.0,unfurnished,"Lagos State, Ajah",Ajah,Lagos State,enterprise,"₦ 198,000,000"
4bdrm Duplex in Ado / Ajah for sale,500.0,Duplex,4.0,4.0,unfurnished,"Ajah, Ado / Ajah",Ado / Ajah,Ajah,enterprise,"₦ 135,000,000"
5bdrm Duplex in Ikota for sale,500.0,Duplex,5.0,5.0,unfurnished,"Lekki, Ikota",Ikota,Lekki,enterprise,"₦ 300,000,000"
4bdrm Duplex in Ologolo for sale,500.0,Duplex,4.0,4.0,unfurnished,"Lekki, Ologolo",Ologolo,Lekki,enterprise,"₦ 210,000,000"
4bdrm Duplex in Off Lekki-Epe Expressway for sale,350.0,Duplex,4.0,4.0,unfurnished,"Ajah, Off Lekki-Epe Expressway",Off Lekki-Epe Expressway,Ajah,enterprise,"₦ 290,000,000"
5bdrm Duplex in GRA Phase 2 Shangisha for sale,350.0,Duplex,5.0,5.0,unfurnished,"Magodo, GRA Phase 2 Shangisha",GRA Phase 2 Shangisha,Magodo,enterprise,"₦ 300,000,000"
2bdrm Apartment in Shonibare Estate for sale,1000.0,Apartment,2.0,2.0,unfurnished,"Maryland, Shonibare Estate",Shonibare Estate,Maryland,enterprise,"₦ 350,000,000"
"3bdrm Block of Flats in For Lease (6 Units, Ikeja GRA for sale",600.0,Block of Flats,3.0,4.0,unfurnished,"Ikeja, Ikeja GRA",Ikeja GRA,Ikeja,enterprise,"₦ 90,000,000"
3bdrm Apartment in Ikate for sale,500.0,Apartment,3.0,3.0,unfurnished,"Lekki, Ikate",Ikate,Lekki,enterprise,"₦ 125,000,000"
5bdrm Duplex in Lekki for sale,500.0,Duplex,5.0,5.0,unfurnished,"Lagos State, Lekki",Lekki,Lagos State,enterprise,"₦ 350,000,000"
4bdrm Duplex in Mende for sale,500.0,Duplex,4.0,4.0,unfurnished,"Maryland, Mende",Mende,Maryland,enterprise,"₦ 280,000,000"
Furnished 2bdrm Apartment in Lekki for sale,500.0,Apartment,2.0,2.0,furnished,"Lagos State, Lekki",Lekki,Lagos State,enterprise,"₦ 120,000,000"
2bdrm Apartment in Agungi for sale,1000.0,Apartment,2.0,2.0,unfurnished,"Lekki, Agungi",Agungi,Lekki,enterprise,"₦ 100,000,000"
"4bdrm Duplex in Ivory Height Estate, Port-Harcourt for sale",1000.0,Duplex,4.0,5.0,unfurnished,"Rivers State, Port-Harcourt",Port-Harcourt,Rivers State,enterprise,"₦ 400,000,000"
"4bdrm Duplex in Hilltop Estate, Owerri for sale",450.0,Duplex,4.0,5.0,unfurnished,"Imo State, Owerri",Owerri,Imo State,enterprise,"₦ 250,000,000"
Furnished 4bdrm Mansion in Guzape for sale,1863.0,Mansion,4.0,6.0,furnished,"Abuja (FCT), Guzape District",Guzape District,Abuja (FCT),False,"₦ 3,000,000,000"
4bdrm Duplex in Guzape Main for sale,1000.0,Duplex,4.0,4.0,unfurnished,"Abuja (FCT), Guzape District",Guzape District,Abuja (FCT),False,"₦ 750,000,000"
"4bdrm Duplex in Brains And Hammers, Life Camp for sale",500.0,Duplex,4.0,4.0,unfurnished,"Gwarinpa, Life Camp",Life Camp,Gwarinpa,False,"₦ 150,000,000"
"4bdrm Duplex in Brains And Hammers, Life Camp for sale",500.0,Duplex,4.0,4.0,unfurnished,"Gwarinpa, Life Camp",Life Camp,Gwarinpa,False,"₦ 110,000,000"
Furnished 5bdrm Duplex in Guzape Main for sale,1500.0,Duplex,5.0,6.0,furnished,"Abuja (FCT), Guzape District",Guzape District,Abuja (FCT),False,"₦ 750,000,000"
"4bdrm Duplex in 1000, Guzape District for sale",1000.0,Duplex,4.0,4.0,unfurnished,"Abuja (FCT), Guzape District",Guzape District,Abuja (FCT),False,"₦ 350,000,000"
"4bdrm Duplex in Brains And Hammers, Life Camp for sale",800.0,Duplex,4.0,4.0,unfurnished,"Gwarinpa, Life Camp",Life Camp,Gwarinpa,False,"₦ 68,000,000"
4bdrm Duplex in Oko Oba for sale,400.0,Duplex,4.0,4.0,unfurnished,"Agege, Oko-Oba",Oko-Oba,Agege,vip_gold,"₦ 250,000,000"
"3bdrm House in Harji, Ibadan for sale",500.0,House,3.0,3.0,unfurnished,"Oyo State, Ibadan",Ibadan,Oyo State,False,"₦ 85,000,000"
4bdrm Duplex in Guzape for sale,1000.0,Duplex,4.0,4.0,unfurnished,"Abuja (FCT), Guzape District",Guzape District,Abuja (FCT),False,"₦ 550,000,000"
"4bdrm Duplex in Adewale Estate, Sangotedo for sale",446.0,Duplex,4.0,4.0,unfurnished,"Ajah, Sangotedo",Sangotedo,Ajah,False,"₦ 90,000,000"
4bdrm Duplex in Magodo Gra Phase 1 for sale,150.0,Duplex,4.0,5.0,semi-furnished,"Magodo, GRA Phase 1",GRA Phase 1,Magodo,diamond,"₦ 350,000,000"
5bdrm Duplex in Saibu-Gomina Estate for sale,1300.0,Duplex,5.0,5.0,semi-furnished,"Osun State, Osogbo",Osogbo,Osun State,False,"₦ 120,000,000"
"3bdrm Bungalow in Country Home, Osogbo for sale",500.0,Bungalow,3.0,3.0,semi-furnished,"Osun State, Osogbo",Osogbo,Osun State,diamond,"₦ 33,000,000"
3bdrm House in Ijebu Ode for sale,650.0,House,3.0,3.0,unfurnished,"Ogun State, Ijebu Ode",Ijebu Ode,Ogun State,False,"₦ 35,000,000"
"4bdrm Duplex in Agege Lagos, Oko-Oba for sale",3003.0,Duplex,4.0,4.0,unfurnished,"Agege, Oko-Oba",Oko-Oba,Agege,vip_gold,"₦ 230,000,000"
Furnished 3bdrm Apartment in Ijebu Ode for sale,400.0,Apartment,3.0,2.0,furnished,"Ogun State, Ijebu Ode",Ijebu Ode,Ogun State,False,"₦ 50,000,000"
3bdrm Bungalow in Mowe Estate for sale,300.0,Bungalow,3.0,3.0,unfurnished,Ogun State,Ogun State,,vip_gold,"₦ 70,000,000"
2bdrm House in Eleko for sale,150.0,House,2.0,2.0,unfurnished,"Ibeju, Eleko",Eleko,Ibeju,enterprise,"₦ 10,000,000"
"5bdrm Duplex in Luxury, Oko-Oba for sale",350.0,Duplex,5.0,5.0,unfurnished,"Agege, Oko-Oba",Oko-Oba,Agege,vip_gold,"₦ 370,000,000"
5bdrm Duplex in Lekki Scheme for sale,350.0,Duplex,5.0,5.0,unfurnished,"Lekki, Lekki Phase 1",Lekki Phase 1,Lekki,vip_gold,"₦ 1,100,000,000"
"Furnished 3bdrm Block of Flats in Fashola Estate, Sangotedo for sale",320.0,Block of Flats,3.0,3.0,furnished,"Ajah, Sangotedo",Sangotedo,Ajah,False,"₦ 57,000,000"
"3bdrm Duplex in Villa Green, Ikota for sale",300.0,Duplex,3.0,3.0,unfurnished,"Lekki, Ikota",Ikota,Lekki,vip_gold,"₦ 150,000,000"
Furnished 5bdrm Duplex in Mende Estate for sale,234.0,Duplex,5.0,5.0,furnished,"Maryland, Mende",Mende,Maryland,False,"₦ 650,000,000"
2bdrm Duplex in Kabusa for sale,200.0,Duplex,2.0,2.0,unfurnished,"Abuja (FCT), Kabusa",Kabusa,Abuja (FCT),vip_gold,"₦ 70,000,000"
"Furnished 3bdrm Bungalow in Progressive Estate, Ikotun / Ikotun/Igando",1200.0,Bungalow,3.0,3.0,furnished,"Ikotun/Igando, Ikotun / Ikotun/Igando",Ikotun / Ikotun/Igando,Ikotun/Igando,diamond,"₦ 89,100,000"
"2bdrm Apartment in Zularich Residence 2, Sangotedo for sale",150.0,Apartment,2.0,2.0,semi-furnished,"Ajah, Sangotedo",Sangotedo,Ajah,diamond,"₦ 85,000,000"
6bdrm Block of Flats in Ado-Odo/Ota for sale,600.0,Block of Flats,6.0,6.0,semi-furnished,"Ogun State, Ado-Odo/Ota",Ado-Odo/Ota,Ogun State,vip_gold,"₦ 70,000,000"
"10bdrm Duplex in Stadium Road, Port, New Layout for sale",700.0,Duplex,10.0,10.0,semi-furnished,"Port-Harcourt, New Layout",New Layout,Port-Harcourt,enterprise,"₦ 350,000,000"
"3bdrm Bungalow in New Layout, Atali, for sale",500.0,Bungalow,3.0,3.0,semi-furnished,"Rivers State, Port-Harcourt",Port-Harcourt,Rivers State,enterprise,"₦ 55,500,000"
"3bdrm Bungalow in Stand Alone, Lugbe District for sale",1500.0,Bungalow,3.0,3.0,unfurnished,"Abuja (FCT), Lugbe District",Lugbe District,Abuja (FCT),vip_gold,"₦ 65,000,000"
4bdrm Duplex in Sangotedo for sale,300.0,Duplex,4.0,4.0,unfurnished,"Ajah, Sangotedo",Sangotedo,Ajah,enterprise,"₦ 220,000,000"
4bdrm Duplex in Sangotedo for sale,300.0,Duplex,4.0,4.0,unfurnished,"Ajah, Sangotedo",Sangotedo,Ajah,enterprise,"₦ 195,000,000"
5bdrm Duplex in Sangotedo for sale,400.0,Duplex,5.0,5.0,unfurnished,"Ajah, Sangotedo",Sangotedo,Ajah,enterprise,"₦ 400,000,000"
3bdrm Duplex in Sangotedo for sale,180.0,Duplex,3.0,3.0,unfurnished,"Ajah, Sangotedo",Sangotedo,Ajah,enterprise,"₦ 120,000,000"
4bdrm Duplex in Sangotedo for sale,280.0,Duplex,4.0,4.0,unfurnished,"Ajah, Sangotedo",Sangotedo,Ajah,enterprise,"₦ 210,000,000"
4bdrm Duplex in Sangotedo for sale,280.0,Duplex,4.0,4.0,unfurnished,"Ajah, Sangotedo",Sangotedo,Ajah,enterprise,"₦ 225,000,000"
4bdrm Duplex in Sangotedo for sale,250.0,Duplex,4.0,4.0,unfurnished,"Ajah, Sangotedo",Sangotedo,Ajah,enterprise,"₦ 160,000,000"
4bdrm Duplex in Sangotedo for sale,280.0,Duplex,4.0,4.0,unfurnished,"Ajah, Sangotedo",Sangotedo,Ajah,enterprise,"₦ 170,000,000"
2bdrm Townhouse/Terrace in Ajah for sale,180.0,Townhouse/Terrace,2.0,2.0,unfurnished,"Lagos State, Ajah",Ajah,Lagos State,enterprise,"₦ 125,000,000"
"8bdrm Mansion in Alagbaka Gra, Akure for sale",936.0,Mansion,8.0,9.0,semi-furnished,"Ondo State, Akure",Akure,Ondo State,vip_gold,"₦ 285,000,000"
Furnished 2bdrm Block of Flats in Abesan for sale,600.0,Block of Flats,2.0,4.0,furnished,"Ipaja, Abesan",Abesan,Ipaja,vip_gold,"₦ 300,000,000"
"4bdrm House in Lekki Palm City, Ado / Ajah for sale",500.0,House,4.0,5.0,semi-furnished,"Ajah, Ado / Ajah",Ado / Ajah,Ajah,False,"₦ 199,000,000"
4bdrm Duplex in Surulere for sale,400.0,Duplex,4.0,4.0,unfurnished,"Lagos State, Surulere",Surulere,Lagos State,enterprise,"₦ 420,000,000"
4bdrm Duplex in Adeniyi Jones for sale,450.0,Duplex,4.0,4.0,unfurnished,"Ikeja, Adeniyi Jones",Adeniyi Jones,Ikeja,enterprise,"₦ 600,000,000"
5bdrm Duplex in Adeniyi Jones for sale,450.0,Duplex,5.0,5.0,unfurnished,"Ikeja, Adeniyi Jones",Adeniyi Jones,Ikeja,enterprise,"₦ 900,000,000"
3bdrm Apartment in Ikeja GRA for sale,250.0,Apartment,3.0,3.0,unfurnished,"Ikeja, Ikeja GRA",Ikeja GRA,Ikeja,enterprise,"₦ 420,000,000"
4bdrm Duplex in Utako for sale,450.0,Duplex,4.0,4.0,unfurnished,"Abuja (FCT), Utako",Utako,Abuja (FCT),vip_gold,"₦ 800,000,000"
4bdrm Duplex in GRA Phase 3 / Port-Harcourt for sale,465.0,Duplex,4.0,5.0,semi-furnished,"Port-Harcourt, GRA Phase 3 / Port-Harcourt",GRA Phase 3 / Port-Harcourt,Port-Harcourt,enterprise,"₦ 400,000,000"
3bdrm Duplex in Kubwa for sale,500.0,Duplex,3.0,4.0,unfurnished,"Abuja (FCT), Kubwa",Kubwa,Abuja (FCT),premium,"₦ 130,000,000"
4bdrm Duplex in Kado for sale,1800.0,Duplex,4.0,4.0,semi-furnished,"Abuja (FCT), Kado",Kado,Abuja (FCT),premium,"₦ 350,000,000"
"3bdrm Block of Flats in Light City, Durumi for sale",1500.0,Block of Flats,3.0,3.0,unfurnished,"Abuja (FCT), Durumi",Durumi,Abuja (FCT),vip_gold,"₦ 140,000,000"
"6bdrm Duplex in Iwofe Ada George, New Layout for sale",539.0,Duplex,6.0,6.0,semi-furnished,"Port-Harcourt, New Layout",New Layout,Port-Harcourt,enterprise,"₦ 230,000,000"
2bdrm Penthouse in Awolowo Road for sale,150.0,Penthouse,2.0,2.0,unfurnished,"Ikoyi, Awolowo Road",Awolowo Road,Ikoyi,diamond,"₦ 550,000,000"
"5bdrm Duplex in Afara Estate, Umuahia for sale",465.0,Duplex,5.0,5.0,unfurnished,"Abia State, Umuahia",Umuahia,Abia State,diamond,"₦ 100,000,000"
Furnished 3bdrm Bungalow in Alagbado for sale,300.0,Bungalow,3.0,3.0,furnished,"Ifako-Ijaiye, Alagbado",Alagbado,Ifako-Ijaiye,vip_gold,"₦ 35,000,000"
"5bdrm Bungalow in Good Homes Estate, Lokogoma for sale",750.0,Bungalow,5.0,4.0,unfurnished,"Abuja (FCT), Lokogoma",Lokogoma,Abuja (FCT),vip_gold,"₦ 80,000,000"
"4bdrm Duplex in Berger Estate, Alagbado for sale",420.0,Duplex,4.0,4.0,semi-furnished,"Ifako-Ijaiye, Alagbado",Alagbado,Ifako-Ijaiye,vip_gold,"₦ 290,000,000"
Furnished 3bdrm Block of Flats in Alagbado for sale,300.0,Block of Flats,3.0,3.0,furnished,"Ifako-Ijaiye, Alagbado",Alagbado,Ifako-Ijaiye,vip_gold,"₦ 60,000,000"
Mini Flat in Remo North for sale,1000.0,,8.0,8.0,unfurnished,"Ogun State, Remo North",Remo North,Ogun State,vip_gold,"₦ 30,000,000"
Furnished 2bdrm Apartment in Mabushi for sale,1800.0,Apartment,2.0,2.0,furnished,"Abuja (FCT), Mabushi",Mabushi,Abuja (FCT),vip_gold,"₦ 260,000,000"
1bdrm Bungalow in Ido for sale,50.0,Bungalow,1.0,1.0,semi-furnished,"Oyo State, Ido",Ido,Oyo State,False,"₦ 4,500,000"
Furnished 3bdrm Bungalow in Banana Estate Iju for sale,300.0,Bungalow,3.0,3.0,furnished,"Ogun State, Ado-Odo/Ota",Ado-Odo/Ota,Ogun State,vip_gold,"₦ 30,000,000"
"Furnished 5bdrm Duplex in Efab Estate, Gwarinpa for sale",800.0,Duplex,5.0,5.0,furnished,"Abuja (FCT), Gwarinpa",Gwarinpa,Abuja (FCT),vip_gold,"₦ 380,000,000"
"1bdrm Bungalow in Orija Estate, Agbado for sale",600.0,Bungalow,1.0,3.0,unfurnished,"Ifako-Ijaiye, Agbado",Agbado,Ifako-Ijaiye,vip_gold,"₦ 10,000,000"
"3bdrm Block of Flats in Pearl Apartment, Durumi for sale",1200.0,Block of Flats,3.0,3.0,semi-furnished,"Abuja (FCT), Durumi",Durumi,Abuja (FCT),vip_gold,"₦ 145,000,000"
Furnished 2bdrm Block of Flats in Osborne Estate Victoria Island,1300.0,Block of Flats,2.0,10.0,furnished,"Lagos State, Victoria Island",Victoria Island,Lagos State,vip_gold,"₦ 3,200,000,000"
4bdrm Duplex in Jabi for sale,2000.0,Duplex,4.0,4.0,unfurnished,"Abuja (FCT), Jabi",Jabi,Abuja (FCT),vip_gold,"₦ 200,000,000"
"5bdrm Duplex in Cowrie Creeb, Ikate for sale",5000.0,Duplex,5.0,6.0,unfurnished,"Lekki, Ikate",Ikate,Lekki,diamond,"₦ 900,000,000"
"4bdrm Bungalow in Okpanam By-Pass, Oshimili South for sale",465.0,Bungalow,4.0,5.0,unfurnished,"Delta State, Oshimili South",Oshimili South,Delta State,premium,"₦ 100,000,000"
"4bdrm Duplex in Luxevilla Estate, Osapa london for sale",450.0,Duplex,4.0,4.0,semi-furnished,"Lekki, Osapa london",Osapa london,Lekki,vip_gold,"₦ 150,000,000"
Furnished 4bdrm Duplex in Omole Phase 2 for sale,280.0,Duplex,4.0,4.0,furnished,"Ikeja, Omole Phase 2",Omole Phase 2,Ikeja,diamond,"₦ 270,000,000"
4bdrm Duplex in Ikota Gra for sale,70.0,Duplex,4.0,5.0,unfurnished,"Lekki, Ikota",Ikota,Lekki,vip,"₦ 110,000,000"
Furnished 4bdrm Duplex in Adeniyi Jones Estate for sale,350.0,Duplex,4.0,4.0,furnished,"Ikeja, Adeniyi Jones",Adeniyi Jones,Ikeja,basic,"₦ 600,000,000"
2bdrm Apartment in Ikota for sale,600.0,Apartment,2.0,2.0,unfurnished,"Lekki, Ikota",Ikota,Lekki,vip_gold,"₦ 160,000,000"
4bdrm Duplex in Victoria Island Extension for sale,1000.0,Duplex,4.0,1.0,unfurnished,"Victoria Island, Victoria Island Extension",Victoria Island Extension,Victoria Island,enterprise,"₦ 850,000,000"
3bdrm House in Berger for sale,3767.0,House,3.0,1.0,unfurnished,"Ojodu, Berger",Berger,Ojodu,enterprise,"₦ 1,600,000,000"
3bdrm Bungalow in Eleko for sale,300.0,Bungalow,3.0,4.0,unfurnished,"Ibeju, Eleko",Eleko,Ibeju,enterprise,"₦ 28,500,000"
Furnished 4bdrm Apartment in Lekki Phase 1 for sale,500.0,Apartment,4.0,5.0,furnished,"Lekki, Lekki Phase 1",Lekki Phase 1,Lekki,enterprise,"₦ 350,000,000"
5bdrm Duplex in Off Lekki-Epe Expressway for sale,600.0,Duplex,5.0,5.0,unfurnished,"Ajah, Off Lekki-Epe Expressway",Off Lekki-Epe Expressway,Ajah,vip_gold,"₦ 280,000,000"
Furnished 4bdrm Duplex in Sangotedo for sale,500.0,Duplex,4.0,5.0,furnished,"Ajah, Sangotedo",Sangotedo,Ajah,enterprise,"₦ 150,000,000"
"4bdrm Condo in Private Property, Maitama for sale",2000.0,Condo,4.0,4.0,semi-furnished,"Abuja (FCT), Maitama",Maitama,Abuja (FCT),enterprise,"₦ 5,500,000,000"
Furnished 4bdrm Block of Flats in Theranex Estate for sale,300.0,Block of Flats,4.0,4.0,furnished,"Ajah, Sangotedo",Sangotedo,Ajah,enterprise,"₦ 95,000,000"
"4bdrm Duplex in Estate, Obafemi-Owode for sale",500.0,Duplex,4.0,4.0,semi-furnished,"Ogun State, Obafemi-Owode",Obafemi-Owode,Ogun State,enterprise,"₦ 185,000,000"
"5bdrm Duplex in Secured Estate, Magodo Isheri for sale",220.0,Duplex,5.0,5.0,semi-furnished,"Ojodu, Magodo Isheri",Magodo Isheri,Ojodu,enterprise,"₦ 430,000,000"
"5bdrm Duplex in Secured Area, Ifako-Ogba for sale",300.0,Duplex,5.0,5.0,semi-furnished,"Ogba, Ifako-Ogba",Ifako-Ogba,Ogba,enterprise,"₦ 380,000,000"
Furnished 2bdrm Apartment in Lekki Phase 1 for sale,600.0,Apartment,2.0,2.0,furnished,"Lekki, Lekki Phase 1",Lekki Phase 1,Lekki,enterprise,"₦ 260,000,000"
3bdrm House in Lekki Phase 1 for sale,1000.0,House,3.0,1.0,unfurnished,"Lekki, Lekki Phase 1",Lekki Phase 1,Lekki,enterprise,"₦ 300,000,000"
5bdrm Duplex in Osapa london for sale,1000.0,Duplex,5.0,1.0,unfurnished,"Lekki, Osapa london",Osapa london,Lekki,enterprise,"₦ 21,206,635,000"
Furnished 2bdrm Duplex in Mende for sale,1000.0,Duplex,2.0,1.0,furnished,"Maryland, Mende",Mende,Maryland,enterprise,"₦ 140,000,000"
"4bdrm Duplex in Works & Housing, Gwarinpa for sale",900.0,Duplex,4.0,4.0,unfurnished,"Abuja (FCT), Gwarinpa",Gwarinpa,Abuja (FCT),enterprise,"₦ 260,000,000"
5bdrm Duplex in Off Lekki-Epe Expressway for sale,600.0,Duplex,5.0,5.0,unfurnished,"Ajah, Off Lekki-Epe Expressway",Off Lekki-Epe Expressway,Ajah,vip_gold,"₦ 270,000,000"
5bdrm Duplex in Ikoyi for sale,550.0,Duplex,5.0,5.0,semi-furnished,"Lagos State, Ikoyi",Ikoyi,Lagos State,enterprise,"₦ 5,100,000,000"
4bdrm Duplex in Lekki for sale,350.0,Duplex,4.0,4.0,semi-furnished,"Lagos State, Lekki",Lekki,Lagos State,enterprise,"₦ 300,000,000"
4bdrm Duplex in Lekki for sale,400.0,Duplex,4.0,4.0,semi-furnished,"Lagos State, Lekki",Lekki,Lagos State,enterprise,"₦ 250,000,000"
"4bdrm Duplex in Magamond Estate, Ikota for sale",420.0,Duplex,4.0,5.0,semi-furnished,"Lekki, Ikota",Ikota,Lekki,enterprise,"₦ 480,000,000"
Furnished 5bdrm Bungalow in Jakande Estate for sale,500.0,Bungalow,5.0,6.0,furnished,"Lekki, Jakande",Jakande,Lekki,enterprise,"₦ 170,000,000"
6bdrm Duplex in Durumi By American for sale,550.0,Duplex,6.0,7.0,unfurnished,"Abuja (FCT), Durumi",Durumi,Abuja (FCT),enterprise,"₦ 600,000,000"
"Furnished 4bdrm Apartment in Mercy Land Estate, Ibeju for sale",400.0,Apartment,4.0,4.0,furnished,"Lagos State, Ibeju",Ibeju,Lagos State,enterprise,"₦ 170,000,000"
"3bdrm Duplex in Secured Estate, Fagba for sale",180.0,Duplex,3.0,3.0,semi-furnished,"Agege, Fagba",Fagba,Agege,enterprise,"₦ 175,000,000"
"6bdrm Duplex in Naf Valley Estate, Asokoro for sale",1000.0,Duplex,6.0,6.0,unfurnished,"Abuja (FCT), Asokoro",Asokoro,Abuja (FCT),enterprise,"₦ 1,000,000,000"
4bdrm Duplex in Ado / Ajah for sale,300.0,Duplex,4.0,4.0,semi-furnished,"Ajah, Ado / Ajah",Ado / Ajah,Ajah,enterprise,"₦ 170,000,000"
3bdrm Apartment in Lekki for sale,350.0,Apartment,3.0,3.0,semi-furnished,"Lagos State, Lekki",Lekki,Lagos State,enterprise,"₦ 1,200,000,000"
4bdrm Duplex in Ologolo for sale,10.0,Duplex,4.0,4.0,unfurnished,"Lekki, Ologolo",Ologolo,Lekki,enterprise,"₦ 350,000,000"
"5bdrm Duplex in Secured Estate, Omole Phase 1 for sale",300.0,Duplex,5.0,5.0,semi-furnished,"Ikeja, Omole Phase 1",Omole Phase 1,Ikeja,enterprise,"₦ 650,000,000"
5bdrm Duplex in Ikate for sale,500.0,Duplex,5.0,5.0,semi-furnished,"Lekki, Ikate",Ikate,Lekki,enterprise,"₦ 980,000,000"
5bdrm Duplex in Ado / Ajah for sale,300.0,Duplex,5.0,5.0,semi-furnished,"Ajah, Ado / Ajah",Ado / Ajah,Ajah,enterprise,"₦ 280,000,000"
2bdrm Apartment in Lekki Expressway for sale,300.0,Apartment,2.0,3.0,semi-furnished,"Lekki, Lekki Expressway",Lekki Expressway,Lekki,enterprise,"₦ 350,000,000"
4bdrm Duplex in Katampe Extension for sale,600.0,Duplex,4.0,5.0,unfurnished,"Katampe, Katampe Extension",Katampe Extension,Katampe,enterprise,"₦ 800,000,000"
"14bdrm Duplex in Private Property, Asokoro for sale",4000.0,Duplex,14.0,14.0,semi-furnished,"Abuja (FCT), Asokoro",Asokoro,Abuja (FCT),enterprise,"₦ 5,000,000,000"
"6bdrm Duplex in Lugbe Seaman Estate, FHA for sale",1000.0,Duplex,6.0,7.0,unfurnished,"Lugbe District, FHA",FHA,Lugbe District,enterprise,"₦ 190,000,000"
3bdrm Apartment in Ogba for sale,1000.0,Apartment,3.0,4.0,unfurnished,"Ogba, Ifako-Ogba",Ifako-Ogba,Ogba,enterprise,"₦ 190,000,000"
5bdrm Duplex in Lekki for sale,400.0,Duplex,5.0,5.0,semi-furnished,"Lagos State, Lekki",Lekki,Lagos State,enterprise,"₦ 550,000,000"
4bdrm Duplex in Lekki for sale,300.0,Duplex,4.0,4.0,semi-furnished,"Lagos State, Lekki",Lekki,Lagos State,enterprise,"₦ 220,000,000"
"Furnished 2bdrm Block of Flats in Ikate Lekki ,Off for sale",200.0,Block of Flats,2.0,3.0,furnished,"Lekki, Ikate",Ikate,Lekki,enterprise,"₦ 250,000,000"
5bdrm Duplex in Ikota for sale,450.0,Duplex,5.0,5.0,unfurnished,"Lekki, Ikota",Ikota,Lekki,enterprise,"₦ 650,000,000"
4bdrm Duplex in Enugu for sale,600.0,Duplex,4.0,4.0,unfurnished,"Enugu State, Enugu",Enugu,Enugu State,enterprise,"₦ 200,000,000"
3bdrm Apartment in Victoria Island for sale,180.0,Apartment,3.0,3.0,unfurnished,"Lagos State, Victoria Island",Victoria Island,Lagos State,enterprise,"₦ 750,000,000"
3bdrm Bungalow in Enugu for sale,400.0,Bungalow,3.0,4.0,unfurnished,"Enugu State, Enugu",Enugu,Enugu State,enterprise,"₦ 100,000,000"
4bdrm Duplex in Lekki Palm City for sale,10.0,Duplex,4.0,4.0,unfurnished,"Lagos State, Lekki",Lekki,Lagos State,enterprise,"₦ 170,000,000"
"5bdrm Duplex in Okebadan Estate, Akobo for sale",450.0,Duplex,5.0,6.0,semi-furnished,"Ibadan, Akobo",Akobo,Ibadan,enterprise,"₦ 185,000,000"
5bdrm Duplex in Off Lekki-Epe Expressway for sale,600.0,Duplex,5.0,5.0,unfurnished,"Ajah, Off Lekki-Epe Expressway",Off Lekki-Epe Expressway,Ajah,vip_gold,"₦ 200,000,000"
5bdrm House in Osapa london for sale,1000.0,House,5.0,1.0,unfurnished,"Lekki, Osapa london",Osapa london,Lekki,enterprise,"₦ 1,700,000,000"
3bdrm Duplex in Ikota for sale,600.0,Duplex,3.0,3.0,unfurnished,"Lekki, Ikota",Ikota,Lekki,vip_gold,"₦ 155,000,000"
5bdrm House in Ikoyi Lagos for sale,500.0,House,5.0,6.0,semi-furnished,"Ikoyi, Old Ikoyi",Old Ikoyi,Ikoyi,enterprise,"₦ 3,500,000,000"
5bdrm Duplex in Lekki for sale,400.0,Duplex,5.0,5.0,semi-furnished,"Lagos State, Lekki",Lekki,Lagos State,enterprise,"₦ 600,000,000"
4bdrm Duplex in Lekki for sale,350.0,Duplex,4.0,4.0,semi-furnished,"Lagos State, Lekki",Lekki,Lagos State,enterprise,"₦ 200,000,000"
6bdrm Duplex in Life Camp for sale,600.0,Duplex,6.0,7.0,unfurnished,"Gwarinpa, Life Camp",Life Camp,Gwarinpa,enterprise,"₦ 600,000,000"
3bdrm Apartment in Wuse Zone 1 for sale,300.0,Apartment,3.0,4.0,unfurnished,"Abuja (FCT), Wuse",Wuse,Abuja (FCT),enterprise,"₦ 145,000,000"
4bdrm Duplex in Ajah for sale,200.0,Duplex,4.0,4.0,unfurnished,"Lagos State, Ajah",Ajah,Lagos State,enterprise,"₦ 150,000,000"
2bdrm Apartment in Ikate for sale,100.0,Apartment,2.0,2.0,unfurnished,"Lekki, Ikate",Ikate,Lekki,enterprise,"₦ 250,000,000"
Furnished 4bdrm Duplex in Lekki for sale,300.0,Duplex,4.0,4.0,furnished,"Lagos State, Lekki",Lekki,Lagos State,enterprise,"₦ 220,000,000"
7bdrm Block of Flats in Alakuko for sale,1338.0,Block of Flats,7.0,7.0,unfurnished,"Ifako-Ijaiye, Alakuko",Alakuko,Ifako-Ijaiye,enterprise,"₦ 220,000,000"
Furnished 7bdrm House in Guzape District for sale,1780.0,House,7.0,10.0,furnished,"Abuja (FCT), Guzape District",Guzape District,Abuja (FCT),enterprise,"₦ 3,800,000,000"
Furnished 4bdrm Apartment in Ikota for sale,500.0,Apartment,4.0,5.0,furnished,"Lekki, Ikota",Ikota,Lekki,enterprise,"₦ 285,000,000"
6bdrm Duplex in Idu for sale,800.0,Duplex,6.0,6.0,semi-furnished,"Jiwa, Idu",Idu,Jiwa,enterprise,"₦ 300,000,000"
3bdrm Bungalow in Medium Income Estate for sale,320.0,Bungalow,3.0,3.0,unfurnished,"Kaduna State, Kaduna / Kaduna State",Kaduna / Kaduna State,Kaduna State,enterprise,"₦ 40,500,000"
"3bdrm Apartment in Private Property, Utako for sale",1000.0,Apartment,3.0,3.0,unfurnished,"Abuja (FCT), Utako",Utako,Abuja (FCT),enterprise,"₦ 750,000,000"
"5bdrm House in Victoria Island, Sanusi Fafunwa for sale",300.0,House,5.0,5.0,unfurnished,"Victoria Island, Sanusi Fafunwa",Sanusi Fafunwa,Victoria Island,enterprise,"₦ 850,000,000"
5bdrm Duplex in Osapa London Lekki for sale,1000.0,Duplex,5.0,6.0,semi-furnished,"Lekki, Osapa london",Osapa london,Lekki,enterprise,"₦ 1,400,000,000"
3bdrm Apartment in Ikeja Gra Lagos for sale,1000.0,Apartment,3.0,4.0,semi-furnished,"Ikeja, Ikeja GRA",Ikeja GRA,Ikeja,enterprise,"₦ 450,000,000"
5bdrm Duplex in Lekki for sale,450.0,Duplex,5.0,5.0,semi-furnished,"Lagos State, Lekki",Lekki,Lagos State,enterprise,"₦ 849,000,000"
4bdrm Duplex in Lekki for sale,350.0,Duplex,4.0,4.0,semi-furnished,"Lagos State, Lekki",Lekki,Lagos State,enterprise,"₦ 240,000,000"
10bdrm Block of Flats in Ogba Lagos for sale,300.0,Block of Flats,10.0,14.0,unfurnished,"Lagos State, Ogba",Ogba,Lagos State,enterprise,"₦ 150,000,000"
5bdrm Duplex in Asokoro for sale,2000.0,Duplex,5.0,5.0,unfurnished,"Abuja (FCT), Asokoro",Asokoro,Abuja (FCT),enterprise,"₦ 1,800,000,000"
"5bdrm Duplex in Naf Valley, Asokoro for sale",500.0,Duplex,5.0,6.0,unfurnished,"Abuja (FCT), Asokoro",Asokoro,Abuja (FCT),enterprise,"₦ 970,000,000"
3bdrm Duplex in Sangotedo By Blenco for sale,300.0,Duplex,3.0,3.0,semi-furnished,"Ajah, Sangotedo",Sangotedo,Ajah,enterprise,"₦ 130,000,000"
5bdrm Duplex in Lekki for sale,400.0,Duplex,5.0,5.0,unfurnished,"Lagos State, Lekki",Lekki,Lagos State,enterprise,"₦ 600,000,000"
5bdrm Duplex in Lekki for sale,450.0,Duplex,5.0,5.0,unfurnished,"Lagos State, Lekki",Lekki,Lagos State,enterprise,"₦ 870,000,000"
5bdrm Duplex in Ajah for sale,350.0,Duplex,5.0,5.0,unfurnished,"Lagos State, Ajah",Ajah,Lagos State,enterprise,"₦ 330,000,000"
4bdrm Duplex in Ikeja for sale,400.0,Duplex,4.0,4.0,unfurnished,"Lagos State, Ikeja",Ikeja,Lagos State,enterprise,"₦ 450,000,000"
4bdrm Duplex in Victoria Island for sale,350.0,Duplex,4.0,4.0,unfurnished,"Lagos State, Victoria Island",Victoria Island,Lagos State,enterprise,"₦ 700,000,000"
4bdrm Duplex in Ajah for sale,250.0,Duplex,4.0,4.0,unfurnished,"Lagos State, Ajah",Ajah,Lagos State,enterprise,"₦ 210,000,000"
"3bdrm Bungalow in Eliparawon Off Ada, Rumueprikom for sale",465.0,Bungalow,3.0,3.0,semi-furnished,"Port-Harcourt, Rumueprikom",Rumueprikom,Port-Harcourt,enterprise,"₦ 115,000,000"
"Furnished 9bdrm Duplex in Ada-George, Port for sale",500.0,Duplex,9.0,11.0,furnished,"Rivers State, Port-Harcourt",Port-Harcourt,Rivers State,enterprise,"₦ 300,000,000"
Furnished 5bdrm Duplex in Bunkoro for sale,900.0,Duplex,5.0,6.0,furnished,"Gwarinpa, Bunkoro",Bunkoro,Gwarinpa,enterprise,"₦ 650,000,000"
2bdrm House in GRA Phase 1 for sale,1000.0,House,2.0,1.0,unfurnished,"Magodo, GRA Phase 1",GRA Phase 1,Magodo,enterprise,"₦ 350,000,000"
3bdrm Apartment in Ikota for sale,600.0,Apartment,3.0,3.0,unfurnished,"Lekki, Ikota",Ikota,Lekki,vip_gold,"₦ 55,000,000"
3bdrm Block of Flats in Berger for sale,1000.0,Block of Flats,3.0,1.0,unfurnished,"Ojodu, Berger",Berger,Ojodu,enterprise,"₦ 250,000,000"
2bdrm Apartment in Ikate Lekki Lagos for sale,500.0,Apartment,2.0,3.0,semi-furnished,"Lekki, Ikate",Ikate,Lekki,enterprise,"₦ 145,000,000"
Furnished 6bdrm House in Banana Island Ikoyi for sale,2245.0,House,6.0,7.0,furnished,"Ikoyi, Banana Island",Banana Island,Ikoyi,enterprise,"₦ 11,500,000,000"
4bdrm Duplex in Chevron for sale,400.0,Duplex,4.0,5.0,unfurnished,"Lekki, Chevron",Chevron,Lekki,enterprise,"₦ 380,000,000"
4bdrm Duplex in Ikota for sale,600.0,Duplex,4.0,4.0,unfurnished,"Lekki, Ikota",Ikota,Lekki,vip_gold,"₦ 160,000,000"
"3bdrm Bungalow in Von Axis, Lugbe District for sale",350.0,Bungalow,3.0,4.0,unfurnished,"Abuja (FCT), Lugbe District",Lugbe District,Abuja (FCT),enterprise,"₦ 60,000,000"
5bdrm Duplex in Lekki for sale,350.0,Duplex,5.0,5.0,unfurnished,"Lagos State, Lekki",Lekki,Lagos State,enterprise,"₦ 550,000,000"
4bdrm Duplex in Ikeja for sale,250.0,Duplex,4.0,4.0,unfurnished,"Lagos State, Ikeja",Ikeja,Lagos State,enterprise,"₦ 450,000,000"
"5bdrm Duplex in Rroyal Gardens, Off Lekki-Epe Expressway for sale",600.0,Duplex,5.0,5.0,semi-furnished,"Ajah, Off Lekki-Epe Expressway",Off Lekki-Epe Expressway,Ajah,enterprise,"₦ 900,000,000"
5bdrm Duplex in VGC / Ajah for sale,650.0,Duplex,5.0,5.0,semi-furnished,"Ajah, VGC / Ajah",VGC / Ajah,Ajah,enterprise,"₦ 800,000,000"
"4bdrm Duplex in Secured Area, Oko-Oba for sale",280.0,Duplex,4.0,4.0,semi-furnished,"Agege, Oko-Oba",Oko-Oba,Agege,enterprise,"₦ 299,000,000"
5bdrm Duplex in Zone B for sale,2300.0,Duplex,5.0,6.0,unfurnished,"Apo District, Zone B",Zone B,Apo District,enterprise,"₦ 2,000,000,000"
5bdrm Duplex in Chevron for sale,1000.0,Duplex,5.0,1.0,unfurnished,"Lekki, Chevron",Chevron,Lekki,enterprise,"₦ 450,000,000"
5bdrm House in Chevron for sale,1000.0,House,5.0,5.0,unfurnished,"Lekki, Chevron",Chevron,Lekki,enterprise,"₦ 550,000,000"
4bdrm House in Ikota for sale,1000.0,House,4.0,5.0,unfurnished,"Lekki, Ikota",Ikota,Lekki,enterprise,"₦ 180,000,000"
4bdrm Duplex in Ikota for sale,600.0,Duplex,4.0,4.0,unfurnished,"Lekki, Ikota",Ikota,Lekki,vip_gold,"₦ 210,000,000"
5bdrm Duplex in Orchid Lekki for sale,1000.0,Duplex,5.0,6.0,semi-furnished,"Lekki, Lekki Expressway",Lekki Expressway,Lekki,enterprise,"₦ 480,000,000"
2bdrm Penthouse in Lekki for sale,350.0,Penthouse,2.0,2.0,semi-furnished,"Lagos State, Lekki",Lekki,Lagos State,enterprise,"₦ 180,000,000"
3bdrm Apartment in Lekki for sale,350.0,Apartment,3.0,3.0,semi-furnished,"Lagos State, Lekki",Lekki,Lagos State,enterprise,"₦ 290,000,000"
6bdrm Duplex in Wuse Zone 7 for sale,450.0,Duplex,6.0,7.0,unfurnished,"Abuja (FCT), Wuse",Wuse,Abuja (FCT),enterprise,"₦ 850,000,000"
5bdrm Duplex in Ajah for sale,350.0,Duplex,5.0,5.0,unfurnished,"Lagos State, Ajah",Ajah,Lagos State,enterprise,"₦ 220,000,000"
5bdrm Duplex in Ado / Ajah for sale,350.0,Duplex,5.0,5.0,semi-furnished,"Ajah, Ado / Ajah",Ado / Ajah,Ajah,enterprise,"₦ 300,000,000"
"5bdrm Duplex in Secured Area, Lekki Phase 1 for sale",350.0,Duplex,5.0,5.0,semi-furnished,"Lekki, Lekki Phase 1",Lekki Phase 1,Lekki,enterprise,"₦ 1,300,000,000"
4bdrm Duplex in Lekki Phase 2 for sale,450.0,Duplex,4.0,4.0,semi-furnished,"Lekki, Lekki Phase 2",Lekki Phase 2,Lekki,enterprise,"₦ 400,000,000"
5bdrm Duplex in Ikate for sale,400.0,Duplex,5.0,5.0,semi-furnished,"Lekki, Ikate",Ikate,Lekki,enterprise,"₦ 1,300,000,000"
5bdrm Duplex in Osapa london for sale,1000.0,Duplex,5.0,1.0,unfurnished,"Lekki, Osapa london",Osapa london,Lekki,enterprise,"₦ 350,000,000"
4bdrm Maisonette in Ikoyi South West for sale,500.0,Maisonette,4.0,5.0,semi-furnished,"Ikoyi, Ikoyi S.W",Ikoyi S.W,Ikoyi,enterprise,"₦ 450,000,000"
"4bdrm Duplex in Ikeja, Opebi for sale",300.0,Duplex,4.0,5.0,semi-furnished,"Ikeja, Opebi",Opebi,Ikeja,enterprise,"₦ 570,000,000"
"3bdrm Bungalow in Spring Meadow, Apo Resettlement for sale",650.0,Bungalow,3.0,4.0,unfurnished,"Apo District, Apo Resettlement",Apo Resettlement,Apo District,enterprise,"₦ 115,000,000"
5bdrm Duplex in Chevron for sale,350.0,Duplex,5.0,5.0,unfurnished,"Lekki, Chevron",Chevron,Lekki,enterprise,"₦ 600,000,000"
5bdrm Duplex in Jabi for sale,500.0,Duplex,5.0,5.0,unfurnished,"Abuja (FCT), Jabi",Jabi,Abuja (FCT),enterprise,"₦ 2,000,000,000"
"3bdrm Bungalow in Rumuakparali, Obio-Akpor for sale",300.0,Bungalow,3.0,3.0,semi-furnished,"Rivers State, Obio-Akpor",Obio-Akpor,Rivers State,enterprise,"₦ 95,000,000"
3bdrm Duplex in Chevron for sale,600.0,Duplex,3.0,3.0,unfurnished,"Lekki, Chevron",Chevron,Lekki,vip_gold,"₦ 210,000,000"
"4bdrm Duplex in Secured Area, Fagba for sale",270.0,Duplex,4.0,4.0,semi-furnished,"Agege, Fagba",Fagba,Agege,enterprise,"₦ 280,000,000"
5bdrm Duplex in Enugu for sale,500.0,Duplex,5.0,5.0,semi-furnished,"Enugu State, Enugu",Enugu,Enugu State,enterprise,"₦ 600,000,000"
2bdrm Bungalow in Eleko for sale,150.0,Bungalow,2.0,1.0,unfurnished,"Ibeju, Eleko",Eleko,Ibeju,enterprise,"₦ 4,500,000"
"3bdrm Duplex in Rayfield Estate,, Akobo for sale",400.0,Duplex,3.0,3.0,semi-furnished,"Ibadan, Akobo",Akobo,Ibadan,vip,"₦ 160,000,000"
"Mini Flat in Bricks & More Plaza, Gwarinpa for sale",40.0,,1.0,1.0,unfurnished,"Abuja (FCT), Gwarinpa",Gwarinpa,Abuja (FCT),enterprise,"₦ 75,000,000"
3bdrm Block of Flats in Garki Abuja Nigeria for sale,2500.0,Block of Flats,3.0,4.0,semi-furnished,"Jigawa State, Garki",Garki,Jigawa State,enterprise,"₦ 4,800,000,000"
12bdrm Block of Flats in Abule Egba for sale,60.0,Block of Flats,12.0,8.0,unfurnished,"Lagos State, Abule Egba",Abule Egba,Lagos State,enterprise,"₦ 110,000,000"
3bdrm Penthouse in Happy Land Sangotedo for sale,252.0,Penthouse,3.0,3.0,unfurnished,"Ajah, Sangotedo",Sangotedo,Ajah,enterprise,"₦ 120,000,000"
6bdrm Duplex in Lekki for sale,800.0,Duplex,6.0,6.0,unfurnished,"Lagos State, Lekki",Lekki,Lagos State,enterprise,"₦ 2,300,000,000"
4bdrm Apartment in Ikeja GRA for sale,350.0,Apartment,4.0,4.0,unfurnished,"Ikeja, Ikeja GRA",Ikeja GRA,Ikeja,enterprise,"₦ 500,000,000"
2bdrm Apartment in Ogba for sale,100.0,Apartment,2.0,2.0,unfurnished,"Lagos State, Ogba",Ogba,Lagos State,enterprise,"₦ 95,000,000"
"4bdrm Duplex in Peter Odili, Port-Harcourt for sale",500.0,Duplex,4.0,4.0,semi-furnished,"Rivers State, Port-Harcourt",Port-Harcourt,Rivers State,enterprise,"₦ 330,000,000"
"5bdrm Duplex in Lekki Palm City, Ajah for sale",10.0,Duplex,5.0,5.0,unfurnished,"Lagos State, Ajah",Ajah,Lagos State,enterprise,"₦ 190,000,000"
"5bdrm Duplex in Secured Estate, Oko-Oba for sale",300.0,Duplex,5.0,5.0,semi-furnished,"Agege, Oko-Oba",Oko-Oba,Agege,enterprise,"₦ 380,000,000"
5bdrm Duplex in Nta Road Behind Ait for sale,466.0,Duplex,5.0,7.0,semi-furnished,"Rivers State, Port-Harcourt",Port-Harcourt,Rivers State,enterprise,"₦ 130,000,000"
4bdrm Duplex in Chevron for sale,350.0,Duplex,4.0,4.0,semi-furnished,"Lekki, Chevron",Chevron,Lekki,enterprise,"₦ 230,000,000"
"Furnished 4bdrm Block of Flats in Oke Aro Estate, Giwa for sale",370.0,Block of Flats,4.0,2.0,furnished,"Kaduna State, Giwa",Giwa,Kaduna State,enterprise,"₦ 19,000,000"
4bdrm Duplex in Ikota for sale,600.0,Duplex,4.0,4.0,unfurnished,"Lekki, Ikota",Ikota,Lekki,vip_gold,"₦ 350,000,000"
4bdrm Duplex in Citec Mbora for sale,350.0,Duplex,4.0,5.0,unfurnished,"Abuja (FCT), Mbora",Mbora,Abuja (FCT),enterprise,"₦ 250,000,000"
"18bdrm Block of Flats in River Park Estate, Lugbe District for sale",1200.0,Block of Flats,18.0,18.0,unfurnished,"Abuja (FCT), Lugbe District",Lugbe District,Abuja (FCT),enterprise,"₦ 450,000,000"
4bdrm Duplex in Ajah for sale,350.0,Duplex,4.0,4.0,unfurnished,"Lagos State, Ajah",Ajah,Lagos State,enterprise,"₦ 220,000,000"
3bdrm Duplex in Ajah for sale,10.0,Duplex,3.0,3.0,unfurnished,"Lagos State, Ajah",Ajah,Lagos State,enterprise,"₦ 130,000,000"
"4bdrm Duplex in Secured Area, Aguda / Ogba for sale",280.0,Duplex,4.0,4.0,semi-furnished,"Ogba, Aguda / Ogba",Aguda / Ogba,Ogba,enterprise,"₦ 285,000,000"
"3bdrm Block of Flats in Secured Area, Lekki Phase 1 for sale",550.0,Block of Flats,3.0,3.0,semi-furnished,"Lekki, Lekki Phase 1",Lekki Phase 1,Lekki,enterprise,"₦ 1,200,000,000"
2bdrm Apartment in Iwaya for sale,400.0,Apartment,2.0,2.0,unfurnished,"Yaba, Iwaya",Iwaya,Yaba,enterprise,"₦ 100,000,000"
Furnished 2bdrm Apartment in Lekki Phase 1 for sale,500.0,Apartment,2.0,3.0,furnished,"Lekki, Lekki Phase 1",Lekki Phase 1,Lekki,enterprise,"₦ 250,000,000"
Furnished 2bdrm Apartment in Abraham Adesanya for sale,500.0,Apartment,2.0,2.0,furnished,"Surulere, Abraham Adesanya",Abraham Adesanya,Surulere,enterprise,"₦ 97,500,000"
Furnished 3bdrm Apartment in Lekki Phase 2 for sale,500.0,Apartment,3.0,4.0,furnished,"Lekki, Lekki Phase 2",Lekki Phase 2,Lekki,enterprise,"₦ 130,000,000"
Furnished 5bdrm Duplex in Sangotedo for sale,500.0,Duplex,5.0,6.0,furnished,"Ajah, Sangotedo",Sangotedo,Ajah,enterprise,"₦ 150,000,000"
5bdrm House in Osapa london for sale,1000.0,House,5.0,1.0,unfurnished,"Lekki, Osapa london",Osapa london,Lekki,enterprise,"₦ 1,650,000,000"
4bdrm Duplex in Chevron for sale,350.0,Duplex,4.0,4.0,unfurnished,"Lekki, Chevron",Chevron,Lekki,enterprise,"₦ 320,000,000"
Furnished 4bdrm Maisonette in Ikoyi for sale,450.0,Maisonette,4.0,4.0,furnished,"Lagos State, Ikoyi",Ikoyi,Lagos State,enterprise,"₦ 4,500,000,000"
3bdrm Apartment in Lekki for sale,400.0,Apartment,3.0,3.0,semi-furnished,"Lagos State, Lekki",Lekki,Lagos State,enterprise,"₦ 300,000,000"
"5bdrm Duplex in Centenary City, Enugu for sale",500.0,Duplex,5.0,6.0,unfurnished,"Enugu State, Enugu",Enugu,Enugu State,enterprise,"₦ 210,000,000"
3bdrm Apartment in Ikeja for sale,150.0,Apartment,3.0,3.0,unfurnished,"Lagos State, Ikeja",Ikeja,Lagos State,enterprise,"₦ 155,000,000"
4bdrm Duplex in Enugu for sale,300.0,Duplex,4.0,5.0,unfurnished,"Enugu State, Enugu",Enugu,Enugu State,enterprise,"₦ 140,000,000"
"4bdrm Duplex in Sangotedo, Ajah for sale",10.0,Duplex,4.0,4.0,unfurnished,"Lagos State, Ajah",Ajah,Lagos State,enterprise,"₦ 180,000,000"
"3bdrm Bungalow in Tinubu Estate, Iwo Road for sale",350.0,Bungalow,3.0,4.0,semi-furnished,"Ibadan, Iwo Road",Iwo Road,Ibadan,enterprise,"₦ 68,000,000"
4bdrm Duplex in Abraham Adesanya Estate for sale,250.0,Duplex,4.0,4.0,semi-furnished,"Ajah, Abraham Adesanya Estate",Abraham Adesanya Estate,Ajah,enterprise,"₦ 180,000,000"
4bdrm Duplex in Abijo for sale,3420.0,Duplex,4.0,4.0,semi-furnished,"Ibeju, Abijo",Abijo,Ibeju,enterprise,"₦ 221,000,000"
5bdrm Duplex in Parkview Estate for sale,550.0,Duplex,5.0,5.0,semi-furnished,"Ikoyi, Parkview Estate",Parkview Estate,Ikoyi,enterprise,"₦ 5,100,000,000"
4bdrm Duplex in Ologolo for sale,100.0,Duplex,4.0,4.0,semi-furnished,"Lekki, Ologolo",Ologolo,Lekki,enterprise,"₦ 210,000,000"
5bdrm Duplex in Ogudu GRA for sale,1000.0,Duplex,5.0,1.0,unfurnished,"Ogudu, Ogudu GRA",Ogudu GRA,Ogudu,enterprise,"₦ 550,000,000"
5bdrm Duplex in Gwarinpa for sale,900.0,Duplex,5.0,5.0,semi-furnished,"Abuja (FCT), Gwarinpa",Gwarinpa,Abuja (FCT),enterprise,"₦ 800,000,000"
2bdrm Apartment in Ologolo Lekki Lagos for sale,650.0,Apartment,2.0,3.0,semi-furnished,"Lekki, Ologolo",Ologolo,Lekki,enterprise,"₦ 95,000,000"
5bdrm Duplex in Lekki for sale,350.0,Duplex,5.0,5.0,semi-furnished,"Lagos State, Lekki",Lekki,Lagos State,enterprise,"₦ 750,000,000"
"4bdrm Duplex in River Park Estate, Lugbe District for sale",300.0,Duplex,4.0,5.0,unfurnished,"Abuja (FCT), Lugbe District",Lugbe District,Abuja (FCT),enterprise,"₦ 200,000,000"
4bdrm Bungalow in Eligbolo Off Eliozu for sale,350.0,Bungalow,4.0,4.0,semi-furnished,"Port-Harcourt, Eliozu",Eliozu,Port-Harcourt,enterprise,"₦ 75,000,000"
"3bdrm Bungalow in Celica Estate, Alakia for sale",600.0,Bungalow,3.0,4.0,semi-furnished,"Ibadan, Alakia",Alakia,Ibadan,enterprise,"₦ 85,000,000"
5bdrm Duplex in Ikate for sale,600.0,Duplex,5.0,5.0,unfurnished,"Lekki, Ikate",Ikate,Lekki,vip_gold,"₦ 550,000,000"
2bdrm Apartment in Lekki Expressway for sale,400.0,Apartment,2.0,2.0,unfurnished,"Lekki, Lekki Expressway",Lekki Expressway,Lekki,enterprise,"₦ 220,000,000"
"3bdrm Bungalow in Maryland, Mende for sale",486.0,Bungalow,3.0,3.0,unfurnished,"Maryland, Mende",Mende,Maryland,enterprise,"₦ 530,000,000"
4bdrm Duplex in Off Admiralty Way for sale,377.0,Duplex,4.0,5.0,semi-furnished,"Lekki, Lekki Phase 1",Lekki Phase 1,Lekki,enterprise,"₦ 780,000,000"
5bdrm Duplex in Lekki for sale,400.0,Duplex,5.0,5.0,semi-furnished,"Lagos State, Lekki",Lekki,Lagos State,enterprise,"₦ 480,000,000"
4bdrm Duplex in Lekki for sale,350.0,Duplex,4.0,4.0,semi-furnished,"Lagos State, Lekki",Lekki,Lagos State,enterprise,"₦ 190,000,000"
4bdrm Duplex in Lekki for sale,350.0,Duplex,4.0,4.0,semi-furnished,"Lagos State, Lekki",Lekki,Lagos State,enterprise,"₦ 350,000,000"
4bdrm Duplex in Lekki for sale,350.0,Duplex,4.0,4.0,unfurnished,"Lagos State, Lekki",Lekki,Lagos State,enterprise,"₦ 160,000,000"
3bdrm Apartment in Lekki for sale,250.0,Apartment,3.0,3.0,unfurnished,"Lagos State, Lekki",Lekki,Lagos State,enterprise,"₦ 500,000,000"
2bdrm Apartment in Victoria Island for sale,150.0,Apartment,2.0,2.0,unfurnished,"Lagos State, Victoria Island",Victoria Island,Lagos State,enterprise,"₦ 300,000,000"
Furnished 4bdrm Duplex in Abuja (FCT) for sale,350.0,Duplex,4.0,4.0,furnished,Abuja (FCT),Abuja (FCT),,enterprise,"₦ 700,000,000"
5bdrm Duplex in Osapa london for sale,400.0,Duplex,5.0,5.0,unfurnished,"Lekki, Osapa london",Osapa london,Lekki,enterprise,"₦ 1,500,000,000"
"4bdrm Duplex in Engr. Lere Adigun, Ibadan for sale",450.0,Duplex,4.0,4.0,semi-furnished,"Oyo State, Ibadan",Ibadan,Oyo State,enterprise,"₦ 370,000,000"
8bdrm Mansion in Maitama Main Abuja for sale,2000.0,Mansion,8.0,9.0,semi-furnished,"Abuja (FCT), Maitama",Maitama,Abuja (FCT),enterprise,"₦ 7,800,000,000"
6bdrm Duplex in Asokoro Main Abuja for sale,600.0,Duplex,6.0,7.0,semi-furnished,"Abuja (FCT), Asokoro",Asokoro,Abuja (FCT),enterprise,"₦ 1,500,000,000"
7bdrm Mansion in Zone 2 / Wuse for sale,1500.0,Mansion,7.0,7.0,unfurnished,"Wuse, Zone 2 / Wuse",Zone 2 / Wuse,Wuse,enterprise,"₦ 3,000,000,000"
"5bdrm Duplex in Secured Estate, Omole Phase 2 for sale",300.0,Duplex,5.0,5.0,semi-furnished,"Ikeja, Omole Phase 2",Omole Phase 2,Ikeja,enterprise,"₦ 650,000,000"
Furnished 4bdrm Duplex in Sangotedo for sale,500.0,Duplex,4.0,5.0,furnished,"Ajah, Sangotedo",Sangotedo,Ajah,enterprise,"₦ 220,000,000"
"Furnished 2bdrm Apartment in Mojisola Onikoyi, Lekki Phase 1 for sale",600.0,Apartment,2.0,3.0,furnished,"Lekki, Lekki Phase 1",Lekki Phase 1,Lekki,enterprise,"₦ 650,000,000"
2bdrm Apartment in Victoria Island Extension for sale,600.0,Apartment,2.0,2.0,unfurnished,"Victoria Island, Victoria Island Extension",Victoria Island Extension,Victoria Island,vip_gold,"₦ 320,000,000"
4bdrm House in Lafiaji for sale,1000.0,House,4.0,1.0,unfurnished,"Lekki, Lafiaji",Lafiaji,Lekki,enterprise,"₦ 155,000,000"
"4bdrm Duplex in Kayfarm Estate, Ifako-Ogba for sale",450.0,Duplex,4.0,4.0,unfurnished,"Ogba, Ifako-Ogba",Ifako-Ogba,Ogba,enterprise,"₦ 255,000,000"
5bdrm House in Osapa London Lekki for sale,1000.0,House,5.0,6.0,semi-furnished,"Lekki, Osapa london",Osapa london,Lekki,enterprise,"₦ 1,720,000,000"
"4bdrm Apartment in Victoria Island, Kofo Abayomi for sale",1000.0,Apartment,4.0,5.0,semi-furnished,"Victoria Island, Kofo Abayomi",Kofo Abayomi,Victoria Island,enterprise,"₦ 2,250,000,000"
4bdrm Duplex in Labak Estate for sale,557.0,Duplex,4.0,5.0,unfurnished,"Lagos State, Abule Egba",Abule Egba,Lagos State,enterprise,"₦ 200,000,000"
5bdrm Duplex in Lekki for sale,350.0,Duplex,5.0,5.0,semi-furnished,"Lagos State, Lekki",Lekki,Lagos State,enterprise,"₦ 400,000,000"
"2bdrm Bungalow in Valley View Estate, Iyana Ipaja for sale",200.0,Bungalow,2.0,3.0,unfurnished,"Ipaja, Iyana Ipaja",Iyana Ipaja,Ipaja,enterprise,"₦ 35,000,000"
"4bdrm Duplex in Golf Annex, Enugu for sale",400.0,Duplex,4.0,5.0,unfurnished,"Enugu State, Enugu",Enugu,Enugu State,enterprise,"₦ 130,000,000"
5bdrm Duplex in Osapa london for sale,350.0,Duplex,5.0,5.0,unfurnished,"Lekki, Osapa london",Osapa london,Lekki,enterprise,"₦ 1,750,000,000"
4bdrm Duplex in Ajah for sale,350.0,Duplex,4.0,4.0,unfurnished,"Lagos State, Ajah",Ajah,Lagos State,enterprise,"₦ 120,000,000"
5bdrm Duplex in Lekki for sale,400.0,Duplex,5.0,5.0,semi-furnished,"Lagos State, Lekki",Lekki,Lagos State,enterprise,"₦ 2,000,000,000"
5bdrm Duplex in Lekki for sale,350.0,Duplex,5.0,5.0,unfurnished,"Lagos State, Lekki",Lekki,Lagos State,enterprise,"₦ 700,000,000"
"4bdrm Duplex in Royal Garden Estate, Obio-Akpor for sale",300.0,Duplex,4.0,4.0,semi-furnished,"Rivers State, Obio-Akpor",Obio-Akpor,Rivers State,enterprise,"₦ 250,000,000"
4bdrm Duplex in Sangotedo for sale,400.0,Duplex,4.0,4.0,unfurnished,"Ajah, Sangotedo",Sangotedo,Ajah,enterprise,"₦ 180,000,000"
"5bdrm Duplex in Secured Estate, Omole Phase 2 for sale",300.0,Duplex,5.0,5.0,semi-furnished,"Ikeja, Omole Phase 2",Omole Phase 2,Ikeja,enterprise,"₦ 700,000,000"
4bdrm Duplex in Sangotedo for sale,350.0,Duplex,4.0,4.0,semi-furnished,"Ajah, Sangotedo",Sangotedo,Ajah,enterprise,"₦ 360,000,000"
5bdrm House in Chevron Drive Lekki for sale,600.0,House,5.0,6.0,semi-furnished,"Lekki, Chevron",Chevron,Lekki,enterprise,"₦ 800,000,000"
5bdrm Duplex in Megamond Estate for sale,500.0,Duplex,5.0,6.0,semi-furnished,"Lekki, Ikota",Ikota,Lekki,enterprise,"₦ 650,000,000"
5bdrm Duplex in Chevron for sale,400.0,Duplex,5.0,5.0,semi-furnished,"Lekki, Chevron",Chevron,Lekki,enterprise,"₦ 1,500,000,000"
5bdrm Duplex in Maitama for sale,1000.0,Duplex,5.0,5.0,unfurnished,"Abuja (FCT), Maitama",Maitama,Abuja (FCT),enterprise,"₦ 6,000,000,000"
"5bdrm Duplex in River Park Estate, Lugbe District for sale",550.0,Duplex,5.0,6.0,unfurnished,"Abuja (FCT), Lugbe District",Lugbe District,Abuja (FCT),enterprise,"₦ 280,000,000"
4bdrm Duplex in Banana Island for sale,350.0,Duplex,4.0,4.0,unfurnished,"Ikoyi, Banana Island",Banana Island,Ikoyi,enterprise,"₦ 2,700,000,000"
5bdrm Duplex in Ojodu for sale,550.0,Duplex,5.0,5.0,unfurnished,"Lagos State, Ojodu",Ojodu,Lagos State,enterprise,"₦ 400,000,000"
4bdrm Duplex in Guzape District for sale,300.0,Duplex,4.0,4.0,semi-furnished,"Abuja (FCT), Guzape District",Guzape District,Abuja (FCT),enterprise,"₦ 400,000,000"
5bdrm Duplex in Lekki for sale,250.0,Duplex,5.0,5.0,unfurnished,"Lagos State, Lekki",Lekki,Lagos State,enterprise,"₦ 350,000,000"
4bdrm Duplex in Lekki Phase 1 for sale,250.0,Duplex,4.0,4.0,unfurnished,"Lekki, Lekki Phase 1",Lekki Phase 1,Lekki,enterprise,"₦ 750,000,000"
4bdrm Duplex in Gbalajam Woji for sale,330.0,Duplex,4.0,4.0,semi-furnished,"Port-Harcourt, Woji",Woji,Port-Harcourt,enterprise,"₦ 330,000,000"
"4bdrm Duplex in Secured Estate, Omole Phase 1 for sale",300.0,Duplex,4.0,4.0,semi-furnished,"Ikeja, Omole Phase 1",Omole Phase 1,Ikeja,enterprise,"₦ 670,000,000"
"3bdrm Duplex in Naf Harmony Estate, Port-Harcourt for sale",465.0,Duplex,3.0,4.0,semi-furnished,"Rivers State, Port-Harcourt",Port-Harcourt,Rivers State,enterprise,"₦ 300,000,000"
5bdrm Duplex in Ada George Port for sale,955.0,Duplex,5.0,7.0,semi-furnished,"Rivers State, Port-Harcourt",Port-Harcourt,Rivers State,enterprise,"₦ 400,000,000"
"Furnished 3bdrm Block of Flats in Kings Court, Ikeja GRA for sale",600.0,Block of Flats,3.0,3.0,furnished,"Ikeja, Ikeja GRA",Ikeja GRA,Ikeja,enterprise,"₦ 450,000,000"
5bdrm Duplex in Ikate for sale,600.0,Duplex,5.0,5.0,unfurnished,"Lekki, Ikate",Ikate,Lekki,vip_gold,"₦ 1,200,000,000"
Furnished 4bdrm Maisonette in Banana Island for sale,1000.0,Maisonette,4.0,1.0,furnished,"Ikoyi, Banana Island",Banana Island,Ikoyi,enterprise,"₦ 4,500,000,000"
"5bdrm Duplex in Naf Valley Estate, Asokoro for sale",820.0,Duplex,5.0,5.0,unfurnished,"Abuja (FCT), Asokoro",Asokoro,Abuja (FCT),enterprise,"₦ 650,000,000"
5bdrm Duplex in Osapa London Lekki for sale,1000.0,Duplex,5.0,6.0,semi-furnished,"Lekki, Osapa london",Osapa london,Lekki,enterprise,"₦ 1,650,000,000"
2bdrm Block of Flats in Lokogoma for sale,250.0,Block of Flats,2.0,2.0,unfurnished,"Abuja (FCT), Lokogoma",Lokogoma,Abuja (FCT),enterprise,"₦ 55,000,000"
5bdrm Duplex in Omole Phase 1 for sale,400.0,Duplex,5.0,5.0,unfurnished,"Ikeja, Omole Phase 1",Omole Phase 1,Ikeja,enterprise,"₦ 850,000,000"
5bdrm Duplex in Lekki for sale,500.0,Duplex,5.0,5.0,semi-furnished,"Lagos State, Lekki",Lekki,Lagos State,enterprise,"₦ 1,300,000,000"
"4bdrm House in Naf Ville Estate, Idu Industrial for sale",450.0,House,4.0,4.0,unfurnished,"Abuja (FCT), Idu Industrial",Idu Industrial,Abuja (FCT),False,"₦ 160,000,000"
4bdrm Duplex in Guzape District for sale,200.0,Duplex,4.0,4.0,semi-furnished,"Abuja (FCT), Guzape District",Guzape District,Abuja (FCT),enterprise,"₦ 450,000,000"
5bdrm Duplex in Off Lekki-Epe Expressway for sale,450.0,Duplex,5.0,5.0,semi-furnished,"Ajah, Off Lekki-Epe Expressway",Off Lekki-Epe Expressway,Ajah,enterprise,"₦ 700,000,000"
5bdrm Duplex in Maitama for sale,700.0,Duplex,5.0,6.0,unfurnished,"Abuja (FCT), Maitama",Maitama,Abuja (FCT),enterprise,"₦ 2,000,000,000"
3bdrm Duplex in Pen Cinema for sale,1000.0,Duplex,3.0,1.0,unfurnished,"Agege, Pen Cinema",Pen Cinema,Agege,enterprise,"₦ 140,000,000"
2bdrm Apartment in Alausa Ikeja Lagos for sale,1000.0,Apartment,2.0,2.0,semi-furnished,"Ikeja, Alausa",Alausa,Ikeja,enterprise,"₦ 230,000,000"
5bdrm Duplex in Lekki for sale,450.0,Duplex,5.0,5.0,semi-furnished,"Lagos State, Lekki",Lekki,Lagos State,enterprise,"₦ 650,000,000"
5bdrm Duplex in Lekki for sale,400.0,Duplex,5.0,5.0,semi-furnished,"Lagos State, Lekki",Lekki,Lagos State,enterprise,"₦ 470,000,000"
Furnished 4bdrm Duplex in Sangotedo Lagos for sale,767.0,Duplex,4.0,3.0,furnished,"Ajah, Sangotedo",Sangotedo,Ajah,enterprise,"₦ 240,000,000"
5bdrm Duplex in Ojodu for sale,400.0,Duplex,5.0,5.0,unfurnished,"Lagos State, Ojodu",Ojodu,Lagos State,enterprise,"₦ 580,000,000"
4bdrm Duplex in Ajah for sale,250.0,Duplex,4.0,4.0,unfurnished,"Lagos State, Ajah",Ajah,Lagos State,enterprise,"₦ 170,000,000"
"3bdrm Bungalow in Ada George, Port-Harcourt for sale",465.0,Bungalow,3.0,3.0,semi-furnished,"Rivers State, Port-Harcourt",Port-Harcourt,Rivers State,enterprise,"₦ 100,000,000"
5bdrm Duplex in Lekki Palm City for sale,10.0,Duplex,5.0,5.0,unfurnished,"Lagos State, Lekki",Lekki,Lagos State,enterprise,"₦ 260,000,000"
8bdrm Mansion in Maitama Main Abuja for sale,2300.0,Mansion,8.0,9.0,semi-furnished,"Abuja (FCT), Maitama",Maitama,Abuja (FCT),enterprise,"₦ 8,000,000,000"
3bdrm Duplex in Ikota for sale,1000.0,Duplex,3.0,1.0,unfurnished,"Lekki, Ikota",Ikota,Lekki,enterprise,"₦ 170,000,000"
4bdrm House in Ikeja GRA for sale,1000.0,House,4.0,1.0,unfurnished,"Ikeja, Ikeja GRA",Ikeja GRA,Ikeja,enterprise,"₦ 800,000,000"
4bdrm House in Old Ikoyi for sale,1000.0,House,4.0,1.0,unfurnished,"Ikoyi, Old Ikoyi",Old Ikoyi,Ikoyi,enterprise,"₦ 450,000,000"
4bdrm Duplex in Alaka Estate for sale,1000.0,Duplex,4.0,1.0,unfurnished,"Surulere, Alaka Estate",Alaka Estate,Surulere,enterprise,"₦ 450,000,000"
4bdrm Duplex in Life Camp for sale,350.0,Duplex,4.0,6.0,unfurnished,"Gwarinpa, Life Camp",Life Camp,Gwarinpa,enterprise,"₦ 200,000,000"
"5bdrm Duplex in Efab City Estate, Life Camp for sale",620.0,Duplex,5.0,5.0,semi-furnished,"Gwarinpa, Life Camp",Life Camp,Gwarinpa,enterprise,"₦ 400,000,000"
4bdrm Block of Flats in Ejigbo for sale,500.0,Block of Flats,4.0,4.0,unfurnished,"Ejigbo, Ejigbo / Ejigbo",Ejigbo / Ejigbo,Ejigbo,enterprise,"₦ 120,000,000"
7bdrm Duplex in Galadimawa for sale,500.0,Duplex,7.0,8.0,unfurnished,"Abuja (FCT), Galadimawa",Galadimawa,Abuja (FCT),enterprise,"₦ 315,000,000"
7bdrm Duplex in Lekki for sale,500.0,Duplex,7.0,7.0,unfurnished,"Lagos State, Lekki",Lekki,Lagos State,enterprise,"₦ 800,000,000"
3bdrm Maisonette in Osborne Foreshore Estate for sale,150.0,Maisonette,3.0,3.0,unfurnished,"Ikoyi, Osborne Foreshore Estate",Osborne Foreshore Estate,Ikoyi,enterprise,"₦ 540,000,000"
4bdrm Maisonette in Banana Island for sale,35.0,Maisonette,4.0,4.0,unfurnished,"Ikoyi, Banana Island",Banana Island,Ikoyi,enterprise,"₦ 4,500,000,000"
3bdrm Duplex in Ilupeju for sale,200.0,Duplex,3.0,3.0,unfurnished,"Lagos State, Ilupeju",Ilupeju,Lagos State,enterprise,"₦ 300,000,000"
6bdrm Duplex in Apo Resettlement for sale,600.0,Duplex,6.0,7.0,semi-furnished,"Apo District, Apo Resettlement",Apo Resettlement,Apo District,enterprise,"₦ 665,000,000"
"4bdrm Duplex in Secured Estate, Alakuko for sale",280.0,Duplex,4.0,4.0,semi-furnished,"Ifako-Ijaiye, Alakuko",Alakuko,Ifako-Ijaiye,enterprise,"₦ 270,000,000"
5bdrm Duplex in Lekki Phase 1 for sale,1000.0,Duplex,5.0,1.0,unfurnished,"Lekki, Lekki Phase 1",Lekki Phase 1,Lekki,enterprise,"₦ 1,200,000,000"
5bdrm Duplex in Lekki Phase 1 for sale,1000.0,Duplex,5.0,1.0,unfurnished,"Lekki, Lekki Phase 1",Lekki Phase 1,Lekki,enterprise,"₦ 1,100,000,000"
"5bdrm Duplex in Barnawa Gra Phase 1, Kaduna / Kaduna State for sale",900.0,Duplex,5.0,5.0,semi-furnished,"Kaduna State, Kaduna / Kaduna State",Kaduna / Kaduna State,Kaduna State,enterprise,"₦ 108,000,000"
4bdrm Duplex in Opebi Ikeja Lagos for sale,2000.0,Duplex,4.0,4.0,semi-furnished,"Ikeja, Opebi",Opebi,Ikeja,enterprise,"₦ 370,000,000"
4bdrm Duplex in Lekki for sale,300.0,Duplex,4.0,4.0,semi-furnished,"Lagos State, Lekki",Lekki,Lagos State,enterprise,"₦ 280,000,000"
5bdrm Duplex in Ayobo for sale,167.0,Duplex,5.0,6.0,unfurnished,"Ipaja, Ayobo",Ayobo,Ipaja,enterprise,"₦ 70,000,000"
8bdrm Block of Flats in Igando / Ikotun/Igando for sale,300.0,Block of Flats,8.0,8.0,unfurnished,"Ikotun/Igando, Igando / Ikotun/Igando",Igando / Ikotun/Igando,Ikotun/Igando,enterprise,"₦ 55,000,000"
"4bdrm Duplex in Nuga Luxury, Lugbe District for sale",350.0,Duplex,4.0,5.0,unfurnished,"Abuja (FCT), Lugbe District",Lugbe District,Abuja (FCT),enterprise,"₦ 75,000,000"
"5bdrm Duplex in Bricks Garden, Lugbe District for sale",500.0,Duplex,5.0,6.0,unfurnished,"Abuja (FCT), Lugbe District",Lugbe District,Abuja (FCT),enterprise,"₦ 90,000,000"
6bdrm Duplex in Lokogoma for sale,600.0,Duplex,6.0,7.0,unfurnished,"Abuja (FCT), Lokogoma",Lokogoma,Abuja (FCT),enterprise,"₦ 330,000,000"
5bdrm Duplex in Sangotedo Ajah for sale,400.0,Duplex,5.0,5.0,semi-furnished,"Ajah, Sangotedo",Sangotedo,Ajah,enterprise,"₦ 400,000,000"
5bdrm House in Lekki for sale,500.0,House,5.0,5.0,unfurnished,"Lagos State, Lekki",Lekki,Lagos State,enterprise,"₦ 650,000,000"
5bdrm Duplex in Abuja (FCT) for sale,400.0,Duplex,5.0,5.0,unfurnished,Abuja (FCT),Abuja (FCT),,enterprise,"₦ 390,000,000"
"4bdrm Duplex in Choose Estate Off, Rumuosi for sale",320.0,Duplex,4.0,4.0,semi-furnished,"Port-Harcourt, Rumuosi",Rumuosi,Port-Harcourt,enterprise,"₦ 120,000,000"
"3bdrm Duplex in Harmony Estate Off, Obio-Akpor for sale",468.0,Duplex,3.0,3.0,semi-furnished,"Rivers State, Obio-Akpor",Obio-Akpor,Rivers State,enterprise,"₦ 300,000,000"
"5bdrm Duplex in Secured Estate, Magodo Isheri for sale",300.0,Duplex,5.0,5.0,semi-furnished,"Ojodu, Magodo Isheri",Magodo Isheri,Ojodu,enterprise,"₦ 400,000,000"
"Furnished 4bdrm Duplex in Centenary City, Enugu for sale",500.0,Duplex,4.0,5.0,furnished,"Enugu State, Enugu",Enugu,Enugu State,enterprise,"₦ 200,000,000"
5bdrm Duplex in Chevron for sale,1000.0,Duplex,5.0,1.0,unfurnished,"Lekki, Chevron",Chevron,Lekki,enterprise,"₦ 600,000,000"
5bdrm House in Osapa london for sale,1000.0,House,5.0,1.0,unfurnished,"Lekki, Osapa london",Osapa london,Lekki,enterprise,"₦ 1,700,000,000"
"6bdrm Duplex in Private Property, Katampe Extension for sale",4000.0,Duplex,6.0,6.0,semi-furnished,"Katampe, Katampe Extension",Katampe Extension,Katampe,enterprise,"₦ 1,500,000,000"
"3bdrm Apartment in Private Property, Katampe (Main) for sale",2200.0,Apartment,3.0,3.0,unfurnished,"Katampe, Katampe (Main)",Katampe (Main),Katampe,enterprise,"₦ 120,000,000"
5bdrm Duplex in Adeniyi Jones Ikeja for sale,600.0,Duplex,5.0,6.0,semi-furnished,"Ikeja, Adeniyi Jones",Adeniyi Jones,Ikeja,enterprise,"₦ 750,000,000"
4bdrm Penthouse in Banana Island Ikoyi for sale,1000.0,Penthouse,4.0,5.0,semi-furnished,"Ikoyi, Banana Island",Banana Island,Ikoyi,enterprise,"₦ 2,250,000,000"
2bdrm Apartment in Chevron for sale,300.0,Apartment,2.0,2.0,semi-furnished,"Lekki, Chevron",Chevron,Lekki,enterprise,"₦ 100,000,000"
5bdrm Duplex in Lekki for sale,400.0,Duplex,5.0,5.0,semi-furnished,"Lagos State, Lekki",Lekki,Lagos State,enterprise,"₦ 480,000,000"
"4bdrm Duplex in Riverview (Tinubu), Berger for sale",250.0,Duplex,4.0,5.0,unfurnished,"Ojodu, Berger",Berger,Ojodu,enterprise,"₦ 250,000,000"
"4bdrm Bungalow in Royal Garden, Lugbe District for sale",400.0,Bungalow,4.0,5.0,unfurnished,"Abuja (FCT), Lugbe District",Lugbe District,Abuja (FCT),enterprise,"₦ 80,000,000"
8bdrm Mansion in Asokoro Main for sale,450.0,Mansion,8.0,9.0,unfurnished,"Abuja (FCT), Asokoro",Asokoro,Abuja (FCT),enterprise,"₦ 2,500,000,000"
5bdrm Duplex in Ajah for sale,500.0,Duplex,5.0,5.0,unfurnished,"Lagos State, Ajah",Ajah,Lagos State,enterprise,"₦ 530,000,000"
4bdrm Duplex in Lekki for sale,250.0,Duplex,4.0,4.0,unfurnished,"Lagos State, Lekki",Lekki,Lagos State,enterprise,"₦ 250,000,000"
2bdrm Apartment in Yaba for sale,250.0,Apartment,2.0,2.0,unfurnished,"Lagos State, Yaba",Yaba,Lagos State,enterprise,"₦ 150,000,000"
"3bdrm Bungalow in Rumuosi, Port-Harcourt for sale",450.0,Bungalow,3.0,3.0,semi-furnished,"Rivers State, Port-Harcourt",Port-Harcourt,Rivers State,enterprise,"₦ 65,000,000"
"Furnished 5bdrm Duplex in Ada George, Port-Harcourt for sale",1860.0,Duplex,5.0,5.0,furnished,"Rivers State, Port-Harcourt",Port-Harcourt,Rivers State,enterprise,"₦ 400,000,000"
4bdrm Duplex in Guzape Main Abuja for sale,500.0,Duplex,4.0,5.0,semi-furnished,"Abuja (FCT), Guzape District",Guzape District,Abuja (FCT),enterprise,"₦ 850,000,000"
5bdrm Duplex in Chevron for sale,350.0,Duplex,5.0,5.0,semi-furnished,"Lekki, Chevron",Chevron,Lekki,enterprise,"₦ 600,000,000"
"Furnished 4bdrm Apartment in Victoria Crest 2, Chevron for sale",300.0,Apartment,4.0,5.0,furnished,"Lekki, Chevron",Chevron,Lekki,enterprise,"₦ 240,000,000"
4bdrm Duplex in Gbalajam-Woji Port for sale,400.0,Duplex,4.0,5.0,semi-furnished,"Port-Harcourt, Woji",Woji,Port-Harcourt,enterprise,"₦ 330,000,000"
3bdrm Apartment in Lekki Phase 1 for sale,500.0,Apartment,3.0,3.0,unfurnished,"Lekki, Lekki Phase 1",Lekki Phase 1,Lekki,enterprise,"₦ 160,000,000"
5bdrm Duplex in Jakande for sale,1000.0,Duplex,5.0,1.0,unfurnished,"Lekki, Jakande",Jakande,Lekki,enterprise,"₦ 600,000,000"
"6bdrm Duplex in Country Home, Lugbe District for sale",450.0,Duplex,6.0,7.0,unfurnished,"Abuja (FCT), Lugbe District",Lugbe District,Abuja (FCT),enterprise,"₦ 93,000,000"
"3bdrm Bungalow in Pyakasa Axis, Lugbe District for sale",600.0,Bungalow,3.0,4.0,unfurnished,"Abuja (FCT), Lugbe District",Lugbe District,Abuja (FCT),enterprise,"₦ 95,000,000"
Furnished 4bdrm Duplex in Katampe Extension for sale,500.0,Duplex,4.0,5.0,furnished,"Katampe, Katampe Extension",Katampe Extension,Katampe,enterprise,"₦ 650,000,000"
"5bdrm Duplex in Independence Layout, Enugu for sale",1200.0,Duplex,5.0,6.0,unfurnished,"Enugu State, Enugu",Enugu,Enugu State,enterprise,"₦ 700,000,000"
4bdrm Duplex in Ikota for sale,250.0,Duplex,4.0,4.0,unfurnished,"Lekki, Ikota",Ikota,Lekki,enterprise,"₦ 200,000,000"
"5bdrm Duplex in New Road Ada George, Port-Harcourt for sale",465.0,Duplex,5.0,6.0,semi-furnished,"Rivers State, Port-Harcourt",Port-Harcourt,Rivers State,enterprise,"₦ 135,000,000"
Furnished 4bdrm Duplex in Sangotedo for sale,500.0,Duplex,4.0,4.0,furnished,"Ajah, Sangotedo",Sangotedo,Ajah,enterprise,"₦ 180,000,000"
2bdrm House in Bode Thomas for sale,1000.0,House,2.0,1.0,unfurnished,"Surulere, Bode Thomas",Bode Thomas,Surulere,enterprise,"₦ 95,000,000"
5bdrm Duplex in Chevron Drive Lekki for sale,500.0,Duplex,5.0,6.0,semi-furnished,"Lekki, Chevron",Chevron,Lekki,enterprise,"₦ 600,000,000"
6bdrm Duplex in Katampe for sale,500.0,Duplex,6.0,7.0,unfurnished,"Abuja (FCT), Katampe",Katampe,Abuja (FCT),enterprise,"₦ 850,000,000"
5bdrm Villa in Apo District for sale,600.0,Villa,5.0,7.0,unfurnished,"Abuja (FCT), Apo District",Apo District,Abuja (FCT),enterprise,"₦ 650,000,000"
5bdrm Duplex in Akobo for sale,500.0,Duplex,5.0,6.0,unfurnished,"Ibadan, Akobo",Akobo,Ibadan,enterprise,"₦ 190,000,000"
5bdrm Duplex in Asokoro for sale,800.0,Duplex,5.0,5.0,unfurnished,"Abuja (FCT), Asokoro",Asokoro,Abuja (FCT),enterprise,"₦ 1,000,000,000"
5bdrm Mansion in Osapa london for sale,500.0,Mansion,5.0,5.0,semi-furnished,"Lekki, Osapa london",Osapa london,Lekki,enterprise,"₦ 1,720,000,000"
Furnished 4bdrm Apartment in Lekki Phase 2 for sale,400.0,Apartment,4.0,4.0,furnished,"Lekki, Lekki Phase 2",Lekki Phase 2,Lekki,enterprise,"₦ 340,000,000"
"4bdrm Duplex in Lekki Palm City, Ado / Ajah for sale",200.0,Duplex,4.0,4.0,semi-furnished,"Ajah, Ado / Ajah",Ado / Ajah,Ajah,enterprise,"₦ 230,000,000"
2bdrm Apartment in Katampe Extension for sale,150.0,Apartment,2.0,2.0,semi-furnished,"Katampe, Katampe Extension",Katampe Extension,Katampe,enterprise,"₦ 150,000,000"
18bdrm Block of Flats in Wuse 2 Abuja Nigeria for sale,2700.0,Block of Flats,18.0,2.0,unfurnished,"Abuja (FCT), Wuse 2",Wuse 2,Abuja (FCT),enterprise,"₦ 7,000,000,000"
5bdrm Duplex in Lekki for sale,450.0,Duplex,5.0,5.0,semi-furnished,"Lagos State, Lekki",Lekki,Lagos State,enterprise,"₦ 500,000,000"
5bdrm Duplex in Lekki for sale,450.0,Duplex,5.0,5.0,unfurnished,"Lagos State, Lekki",Lekki,Lagos State,enterprise,"₦ 480,000,000"
4bdrm Duplex in Banana Island for sale,400.0,Duplex,4.0,4.0,unfurnished,"Ikoyi, Banana Island",Banana Island,Ikoyi,enterprise,"₦ 3,500,000,000"
Furnished 4bdrm Duplex in Lekki Phase 2 for sale,500.0,Duplex,4.0,5.0,furnished,"Lekki, Lekki Phase 2",Lekki Phase 2,Lekki,enterprise,"₦ 230,000,000"
4bdrm Duplex in Ayobo for sale,1000.0,Duplex,4.0,1.0,unfurnished,"Ipaja, Ayobo",Ayobo,Ipaja,enterprise,"₦ 120,000,000"
4bdrm Duplex in Opebi for sale,1000.0,Duplex,4.0,1.0,unfurnished,"Ikeja, Opebi",Opebi,Ikeja,enterprise,"₦ 520,000,000"
"3bdrm Duplex in Citadel City, Sangotedo for sale",500.0,Duplex,3.0,4.0,semi-furnished,"Ajah, Sangotedo",Sangotedo,Ajah,enterprise,"₦ 206,000,000"
5bdrm Duplex in Lekki for sale,400.0,Duplex,5.0,5.0,semi-furnished,"Lagos State, Lekki",Lekki,Lagos State,enterprise,"₦ 1,400,000,000"
3bdrm Apartment in Idu By Nizamiye for sale,250.0,Apartment,3.0,4.0,unfurnished,"Jiwa, Idu",Idu,Jiwa,enterprise,"₦ 110,000,000"
2bdrm Bungalow in Fha Lugbe for sale,300.0,Bungalow,2.0,3.0,unfurnished,"Abuja (FCT), Lugbe District",Lugbe District,Abuja (FCT),enterprise,"₦ 50,000,000"
5bdrm Duplex in Omole Phase 1 for sale,450.0,Duplex,5.0,5.0,unfurnished,"Ikeja, Omole Phase 1",Omole Phase 1,Ikeja,enterprise,"₦ 700,000,000"
5bdrm Duplex in Abuja (FCT) for sale,160.0,Duplex,5.0,5.0,unfurnished,Abuja (FCT),Abuja (FCT),,enterprise,"₦ 2,000,000,000"
7bdrm Duplex in Lekki for sale,500.0,Duplex,7.0,7.0,unfurnished,"Lagos State, Lekki",Lekki,Lagos State,enterprise,"₦ 2,200,000,000"
Furnished 2bdrm Penthouse in Lekki for sale,150.0,Penthouse,2.0,2.0,furnished,"Lagos State, Lekki",Lekki,Lagos State,enterprise,"₦ 180,000,000"
Furnished 2bdrm Apartment in Lekki Phase 1 for sale,150.0,Apartment,2.0,2.0,furnished,"Lekki, Lekki Phase 1",Lekki Phase 1,Lekki,enterprise,"₦ 270,000,000"
"4bdrm Duplex in Ikota Gra, Lekki for sale",10.0,Duplex,4.0,4.0,unfurnished,"Lagos State, Lekki",Lekki,Lagos State,enterprise,"₦ 200,000,000"
"4bdrm Duplex in Lekki Palm City, Ajah for sale",10.0,Duplex,4.0,4.0,unfurnished,"Lagos State, Ajah",Ajah,Lagos State,enterprise,"₦ 250,000,000"
"4bdrm Duplex in General Paint, Ajah for sale",10.0,Duplex,4.0,4.0,unfurnished,"Lagos State, Ajah",Ajah,Lagos State,enterprise,"₦ 160,000,000"
"3bdrm Bungalow in Ada George, Obio-Akpor for sale",465.0,Bungalow,3.0,3.0,semi-furnished,"Rivers State, Obio-Akpor",Obio-Akpor,Rivers State,enterprise,"₦ 100,000,000"
2bdrm House in Epe for sale,200.0,House,2.0,3.0,unfurnished,"Lagos State, Epe",Epe,Lagos State,enterprise,"₦ 40,000,000"
6bdrm House in Ikeja GRA for sale,1000.0,House,6.0,1.0,unfurnished,"Ikeja, Ikeja GRA",Ikeja GRA,Ikeja,enterprise,"₦ 3,500,000,000"
4bdrm Duplex in Adeniyi Jones for sale,1000.0,Duplex,4.0,1.0,unfurnished,"Ikeja, Adeniyi Jones",Adeniyi Jones,Ikeja,enterprise,"₦ 550,000,000"
5bdrm Duplex in Chevron for sale,1000.0,Duplex,5.0,1.0,unfurnished,"Lekki, Chevron",Chevron,Lekki,enterprise,"₦ 849,000,000"
3bdrm Duplex in Galadimawa for sale,950.0,Duplex,3.0,3.0,unfurnished,"Abuja (FCT), Galadimawa",Galadimawa,Abuja (FCT),enterprise,"₦ 200,000,000"
5bdrm Duplex in Ogudu Gra Lagos for sale,1000.0,Duplex,5.0,6.0,semi-furnished,"Ogudu, Ogudu GRA",Ogudu GRA,Ogudu,enterprise,"₦ 600,000,000"
6bdrm Duplex in Ijegun Ikotun Lagos for sale,678.0,Duplex,6.0,7.0,semi-furnished,"Ikotun/Igando, Ijegun",Ijegun,Ikotun/Igando,enterprise,"₦ 180,000,000"
Furnished 5bdrm House in Banana Island Ikoyi for sale,2000.0,House,5.0,6.0,furnished,"Ikoyi, Banana Island",Banana Island,Ikoyi,enterprise,"₦ 8,500,000,000"
4bdrm Apartment in Banana Island Ikoyi for sale,2000.0,Apartment,4.0,5.0,semi-furnished,"Ikoyi, Banana Island",Banana Island,Ikoyi,enterprise,"₦ 2,200,000,000"
4bdrm Duplex in Ajah for sale,350.0,Duplex,4.0,4.0,semi-furnished,"Lagos State, Ajah",Ajah,Lagos State,enterprise,"₦ 175,000,000"
"5bdrm Block of Flats in Blue Roof, Ajah for sale",313.0,Block of Flats,5.0,8.0,unfurnished,"Lagos State, Ajah",Ajah,Lagos State,enterprise,"₦ 60,000,000"
"5bdrm Duplex in Light House Estate, Lugbe District for sale",763.0,Duplex,5.0,6.0,semi-furnished,"Abuja (FCT), Lugbe District",Lugbe District,Abuja (FCT),enterprise,"₦ 370,000,000"
"3bdrm Duplex in F01, Kubwa for sale",250.0,Duplex,3.0,4.0,unfurnished,"Abuja (FCT), Kubwa",Kubwa,Abuja (FCT),enterprise,"₦ 90,000,000"
5bdrm Duplex in Ikoyi for sale,350.0,Duplex,5.0,5.0,unfurnished,"Lagos State, Ikoyi",Ikoyi,Lagos State,enterprise,"₦ 6,000,000,000"
5bdrm Duplex in Lekki for sale,350.0,Duplex,5.0,5.0,unfurnished,"Lagos State, Lekki",Lekki,Lagos State,enterprise,"₦ 350,000,000"
3bdrm Apartment in Yaba for sale,250.0,Apartment,3.0,3.0,unfurnished,"Lagos State, Yaba",Yaba,Lagos State,enterprise,"₦ 220,000,000"
4bdrm Bungalow in Akobo for sale,500.0,Bungalow,4.0,5.0,unfurnished,"Ibadan, Akobo",Akobo,Ibadan,enterprise,"₦ 95,000,000"
"3bdrm Duplex in Rayfield ,, Ibadan for sale",450.0,Duplex,3.0,3.0,unfurnished,"Oyo State, Ibadan",Ibadan,Oyo State,enterprise,"₦ 150,000,000"
4bdrm Duplex in Ibadan for sale,450.0,Duplex,4.0,4.0,unfurnished,"Oyo State, Ibadan",Ibadan,Oyo State,enterprise,"₦ 185,000,000"
"4bdrm Duplex in Secured Estate, Adeniyi Jones for sale",250.0,Duplex,4.0,4.0,semi-furnished,"Ikeja, Adeniyi Jones",Adeniyi Jones,Ikeja,enterprise,"₦ 370,000,000"
2bdrm Bungalow in Ogombo for sale,200.0,Bungalow,2.0,2.0,semi-furnished,"Ajah, Ogombo",Ogombo,Ajah,enterprise,"₦ 67,000,000"
5bdrm Duplex in Sangotedo for sale,320.0,Duplex,5.0,5.0,semi-furnished,"Ajah, Sangotedo",Sangotedo,Ajah,enterprise,"₦ 300,000,000"
3bdrm Bungalow in Majesty Estate Off for sale,300.0,Bungalow,3.0,4.0,semi-furnished,"Rivers State, Port-Harcourt",Port-Harcourt,Rivers State,enterprise,"₦ 125,000,000"
3bdrm House in Omole Phase 1 for sale,1000.0,House,3.0,1.0,unfurnished,"Ikeja, Omole Phase 1",Omole Phase 1,Ikeja,enterprise,"₦ 320,000,000"
3bdrm Block of Flats in Off Egbeda Iyana for sale,641.0,Block of Flats,3.0,4.0,semi-furnished,"Egbeda, Egbeda / Egbeda",Egbeda / Egbeda,Egbeda,enterprise,"₦ 250,000,000"
Furnished 5bdrm Duplex in Ogba Gra Didiolu for sale,450.0,Duplex,5.0,6.0,furnished,"Ogba, Ogba GRA",Ogba GRA,Ogba,enterprise,"₦ 540,000,000"
5bdrm Duplex in Lekki Phase 1 for sale,300.0,Duplex,5.0,5.0,semi-furnished,"Lekki, Lekki Phase 1",Lekki Phase 1,Lekki,enterprise,"₦ 1,300,000,000"
2bdrm Apartment in Lekki for sale,350.0,Apartment,2.0,2.0,semi-furnished,"Lagos State, Lekki",Lekki,Lagos State,enterprise,"₦ 200,000,000"
"4bdrm Duplex in Estate, Katampe for sale",550.0,Duplex,4.0,4.0,semi-furnished,"Abuja (FCT), Katampe",Katampe,Abuja (FCT),enterprise,"₦ 330,000,000"
3bdrm Duplex in Giwa Oke Aro Clean for sale,235.0,Duplex,3.0,4.0,semi-furnished,"Kaduna State, Giwa",Giwa,Kaduna State,enterprise,"₦ 45,000,000"
6bdrm Duplex in 3Rd Avenue Gwarinpa for sale,600.0,Duplex,6.0,7.0,unfurnished,"Abuja (FCT), Gwarinpa",Gwarinpa,Abuja (FCT),enterprise,"₦ 850,000,000"
5bdrm Duplex in Osapa Lekki Lagos for sale,400.0,Duplex,5.0,5.0,semi-furnished,"Lekki, Osapa london",Osapa london,Lekki,enterprise,"₦ 350,000,000"
4bdrm Duplex in Ogudu for sale,250.0,Duplex,4.0,4.0,unfurnished,"Lagos State, Ogudu",Ogudu,Lagos State,enterprise,"₦ 550,000,000"
5bdrm Duplex in Banana Island for sale,400.0,Duplex,5.0,5.0,unfurnished,"Ikoyi, Banana Island",Banana Island,Ikoyi,enterprise,"₦ 5,500,000,000"
"4bdrm Duplex in Centenary City, Enugu for sale",500.0,Duplex,4.0,5.0,unfurnished,"Enugu State, Enugu",Enugu,Enugu State,enterprise,"₦ 220,000,000"
4bdrm Duplex in Lekki for sale,350.0,Duplex,4.0,4.0,unfurnished,"Lagos State, Lekki",Lekki,Lagos State,enterprise,"₦ 300,000,000"
"6bdrm Duplex in Royal Estate, Obio-Akpor for sale",465.0,Duplex,6.0,6.0,unfurnished,"Rivers State, Obio-Akpor",Obio-Akpor,Rivers State,enterprise,"₦ 220,000,000"
5bdrm Duplex in Ikate for sale,10.0,Duplex,5.0,5.0,unfurnished,"Lekki, Ikate",Ikate,Lekki,enterprise,"₦ 450,000,000"
4bdrm Duplex in Ikota for sale,200.0,Duplex,4.0,4.0,semi-furnished,"Lekki, Ikota",Ikota,Lekki,enterprise,"₦ 240,000,000"
5bdrm House in Alausa for sale,1000.0,House,5.0,1.0,unfurnished,"Ikeja, Alausa",Alausa,Ikeja,enterprise,"₦ 800,000,000"
4bdrm Maisonette in Ikoyi S.W for sale,1000.0,Maisonette,4.0,1.0,unfurnished,"Ikoyi, Ikoyi S.W",Ikoyi S.W,Ikoyi,enterprise,"₦ 1,800,000,000"
5bdrm Duplex in Chevron for sale,1000.0,Duplex,5.0,1.0,unfurnished,"Lekki, Chevron",Chevron,Lekki,enterprise,"₦ 849,000,000"
3bdrm Block of Flats in Igbo-Efun Lekki for sale,708.0,Block of Flats,3.0,3.0,semi-furnished,"Lekki, Igbo-efon",Igbo-efon,Lekki,enterprise,"₦ 350,000,000"
2bdrm Apartment in Abijo Gra Lagos for sale,1000.0,Apartment,2.0,2.0,semi-furnished,"Ibeju, Abijo",Abijo,Ibeju,enterprise,"₦ 80,000,000"
Furnished 5bdrm Duplex in Western Foreshore for sale,600.0,Duplex,5.0,6.0,furnished,"Lekki, Lekki Phase 1",Lekki Phase 1,Lekki,enterprise,"₦ 1,200,000,000"
3bdrm Apartment in Mabushi for sale,300.0,Apartment,3.0,3.0,unfurnished,"Abuja (FCT), Mabushi",Mabushi,Abuja (FCT),enterprise,"₦ 185,000,000"
5bdrm Duplex in Lekki for sale,600.0,Duplex,5.0,5.0,unfurnished,"Lagos State, Lekki",Lekki,Lagos State,enterprise,"₦ 550,000,000"
4bdrm Duplex in Ogudu GRA for sale,350.0,Duplex,4.0,4.0,unfurnished,"Ogudu, Ogudu GRA",Ogudu GRA,Ogudu,enterprise,"₦ 550,000,000"
5bdrm Duplex in Lekki for sale,350.0,Duplex,5.0,5.0,unfurnished,"Lagos State, Lekki",Lekki,Lagos State,enterprise,"₦ 550,000,000"
"Furnished 4bdrm Duplex in Chime Estate, Enugu for sale",600.0,Duplex,4.0,6.0,furnished,"Enugu State, Enugu",Enugu,Enugu State,enterprise,"₦ 260,000,000"
3bdrm Duplex in Ajah for sale,300.0,Duplex,3.0,3.0,unfurnished,"Lagos State, Ajah",Ajah,Lagos State,enterprise,"₦ 95,000,000"
5bdrm Duplex in Lekki for sale,400.0,Duplex,5.0,5.0,unfurnished,"Lagos State, Lekki",Lekki,Lagos State,enterprise,"₦ 1,400,000,000"
Furnished 5bdrm Duplex in Jahi for sale,650.0,Duplex,5.0,6.0,furnished,"Abuja (FCT), Jahi",Jahi,Abuja (FCT),enterprise,"₦ 600,000,000"
3bdrm Block of Flats in Guzape District for sale,250.0,Block of Flats,3.0,4.0,unfurnished,"Abuja (FCT), Guzape District",Guzape District,Abuja (FCT),enterprise,"₦ 350,000,000"
5bdrm Duplex in Osapa london for sale,1000.0,Duplex,5.0,1.0,unfurnished,"Lekki, Osapa london",Osapa london,Lekki,enterprise,"₦ 1,800,000,000"
5bdrm House in Banana Island for sale,1000.0,House,5.0,1.0,unfurnished,"Ikoyi, Banana Island",Banana Island,Ikoyi,enterprise,"₦ 7,657,210,000"
4bdrm Duplex in Naf Valley Estate for sale,650.0,Duplex,4.0,4.0,unfurnished,"Abuja (FCT), Asokoro",Asokoro,Abuja (FCT),enterprise,"₦ 850,000,000"
4bdrm House in Wuse for sale,450.0,House,4.0,4.0,unfurnished,"Abuja (FCT), Wuse 2",Wuse 2,Abuja (FCT),enterprise,"₦ 650,000,000"
5bdrm Duplex in Lekki Phase 1 Lagos for sale,500.0,Duplex,5.0,6.0,semi-furnished,"Lekki, Lekki Phase 1",Lekki Phase 1,Lekki,enterprise,"₦ 1,600,000,000"
"8bdrm Duplex in Victoria Island, Karimu Kotun for sale",1757.0,Duplex,8.0,8.0,unfurnished,"Victoria Island, Karimu Kotun",Karimu Kotun,Victoria Island,enterprise,"₦ 5,500,000,000"
4bdrm Duplex in Ogba Gra for sale,2000.0,Duplex,4.0,5.0,semi-furnished,"Ogba, Ogba GRA",Ogba GRA,Ogba,enterprise,"₦ 260,000,000"
4bdrm Maisonette in Old Ikoyi Lagos for sale,1000.0,Maisonette,4.0,5.0,semi-furnished,"Ikoyi, Old Ikoyi",Old Ikoyi,Ikoyi,enterprise,"₦ 2,000,000,000"
3bdrm Apartment in Gbagada Lagos for sale,1000.0,Apartment,3.0,4.0,semi-furnished,"Gbagada, Ifako-Gbagada",Ifako-Gbagada,Gbagada,enterprise,"₦ 200,000,000"
2bdrm Apartment in Lekki for sale,350.0,Apartment,2.0,2.0,semi-furnished,"Lagos State, Lekki",Lekki,Lagos State,enterprise,"₦ 370,000,000"
4bdrm Duplex in Lekki for sale,300.0,Duplex,4.0,5.0,unfurnished,"Lekki, Lekki Phase 1",Lekki Phase 1,Lekki,enterprise,"₦ 600,000,000"
"Furnished 6bdrm Duplex in Ochacho Estate, Life Camp for sale",350.0,Duplex,6.0,7.0,furnished,"Gwarinpa, Life Camp",Life Camp,Gwarinpa,enterprise,"₦ 450,000,000"
4bdrm Duplex in Sangotedo Ajah for sale,342.0,Duplex,4.0,4.0,semi-furnished,"Ajah, Sangotedo",Sangotedo,Ajah,enterprise,"₦ 161,000,000"
4bdrm Duplex in Ajah for sale,500.0,Duplex,4.0,4.0,unfurnished,"Lagos State, Ajah",Ajah,Lagos State,enterprise,"₦ 230,000,000"
Furnished 3bdrm Apartment in Ikoyi for sale,250.0,Apartment,3.0,3.0,furnished,"Lagos State, Ikoyi",Ikoyi,Lagos State,enterprise,"₦ 680,000,000"
5bdrm Duplex in Idado for sale,350.0,Duplex,5.0,5.0,unfurnished,"Lekki, Idado",Idado,Lekki,enterprise,"₦ 400,000,000"
2bdrm Apartment in Lekki for sale,150.0,Apartment,2.0,2.0,unfurnished,"Lagos State, Lekki",Lekki,Lagos State,enterprise,"₦ 280,000,000"
"5bdrm Duplex in Gwarinpa Main Abuja, Life Camp for sale",450.0,Duplex,5.0,6.0,semi-furnished,"Gwarinpa, Life Camp",Life Camp,Gwarinpa,enterprise,"₦ 850,000,000"
Furnished 2bdrm Apartment in Iwaya for sale,600.0,Apartment,2.0,2.0,furnished,"Yaba, Iwaya",Iwaya,Yaba,enterprise,"₦ 100,000,000"
4bdrm House in Alaka Estate for sale,1000.0,House,4.0,1.0,unfurnished,"Surulere, Alaka Estate",Alaka Estate,Surulere,enterprise,"₦ 450,000,000"
"3bdrm Block of Flats in Private Property, Dape for sale",850.0,Block of Flats,3.0,3.0,unfurnished,"Gwarinpa, Dape",Dape,Gwarinpa,enterprise,"₦ 120,000,000"
4bdrm Duplex in Life Camp for sale,250.0,Duplex,4.0,4.0,unfurnished,"Gwarinpa, Life Camp",Life Camp,Gwarinpa,enterprise,"₦ 350,000,000"
5bdrm Bungalow in Lokogoma for sale,850.0,Bungalow,5.0,5.0,unfurnished,"Abuja (FCT), Lokogoma",Lokogoma,Abuja (FCT),enterprise,"₦ 130,000,000"
3bdrm Block of Flats in Abulegba Lagos for sale,600.0,Block of Flats,3.0,4.0,semi-furnished,"Lagos State, Abule Egba",Abule Egba,Lagos State,enterprise,"₦ 300,000,000"
4bdrm Duplex in Lekki for sale,800.0,Duplex,4.0,4.0,unfurnished,"Lagos State, Lekki",Lekki,Lagos State,enterprise,"₦ 470,000,000"
5bdrm Duplex in Lekki for sale,400.0,Duplex,5.0,5.0,semi-furnished,"Lagos State, Lekki",Lekki,Lagos State,enterprise,"₦ 470,000,000"
Furnished 2bdrm Apartment in Ikate Palm Spring for sale,200.0,Apartment,2.0,3.0,furnished,"Lekki, Ikate",Ikate,Lekki,enterprise,"₦ 200,000,000"
5bdrm Duplex in Utako for sale,500.0,Duplex,5.0,6.0,unfurnished,"Abuja (FCT), Utako",Utako,Abuja (FCT),enterprise,"₦ 800,000,000"
"4bdrm Duplex in Nuga Luxury Estate, Lugbe District for sale",350.0,Duplex,4.0,5.0,unfurnished,"Abuja (FCT), Lugbe District",Lugbe District,Abuja (FCT),enterprise,"₦ 145,000,000"
"7bdrm Duplex in River Park Estate, Lugbe District for sale",750.0,Duplex,7.0,8.0,unfurnished,"Abuja (FCT), Lugbe District",Lugbe District,Abuja (FCT),enterprise,"₦ 350,000,000"
5bdrm Duplex in Jabi for sale,350.0,Duplex,5.0,5.0,unfurnished,"Abuja (FCT), Jabi",Jabi,Abuja (FCT),enterprise,"₦ 1,100,000,000"
2bdrm Apartment in Chevron for sale,150.0,Apartment,2.0,2.0,unfurnished,"Lekki, Chevron",Chevron,Lekki,enterprise,"₦ 180,000,000"
5bdrm Duplex in Lekki for sale,450.0,Duplex,5.0,5.0,unfurnished,"Lagos State, Lekki",Lekki,Lagos State,enterprise,"₦ 650,000,000"
3bdrm Apartment in Surulere for sale,200.0,Apartment,3.0,3.0,semi-furnished,"Lagos State, Surulere",Surulere,Lagos State,enterprise,"₦ 170,000,000"
"4bdrm Duplex in Ikota Gra, Lekki for sale",10.0,Duplex,4.0,4.0,unfurnished,"Lagos State, Lekki",Lekki,Lagos State,enterprise,"₦ 250,000,000"
5bdrm Duplex in Wuye Abuja for sale,500.0,Duplex,5.0,6.0,semi-furnished,"Abuja (FCT), Wuye",Wuye,Abuja (FCT),enterprise,"₦ 1,400,000,000"
3bdrm Apartment in Jahi for sale,200.0,Apartment,3.0,3.0,unfurnished,"Abuja (FCT), Jahi",Jahi,Abuja (FCT),enterprise,"₦ 250,000,000"
"5bdrm Duplex in Osapa London, Jakande for sale",200.0,Duplex,5.0,5.0,unfurnished,"Lekki, Jakande",Jakande,Lekki,enterprise,"₦ 400,000,000"
5bdrm Duplex in Osapa london for sale,450.0,Duplex,5.0,5.0,semi-furnished,"Lekki, Osapa london",Osapa london,Lekki,enterprise,"₦ 1,720,000,000"
Furnished 5bdrm Duplex in VGC / Ajah for sale,500.0,Duplex,5.0,6.0,furnished,"Ajah, VGC / Ajah",VGC / Ajah,Ajah,enterprise,"₦ 470,000,000"
"6bdrm Duplex in Private Property, Guzape District for sale",500.0,Duplex,6.0,6.0,unfurnished,"Abuja (FCT), Guzape District",Guzape District,Abuja (FCT),enterprise,"₦ 750,000,000"
"3bdrm Bungalow in High Cost, Kaduna / Kaduna State for sale",900.0,Bungalow,3.0,4.0,unfurnished,"Kaduna State, Kaduna / Kaduna State",Kaduna / Kaduna State,Kaduna State,enterprise,"₦ 82,800,000"
2bdrm Apartment in Lekki Phase 1 for sale,300.0,Apartment,2.0,2.0,semi-furnished,"Lekki, Lekki Phase 1",Lekki Phase 1,Lekki,enterprise,"₦ 300,000,000"
3bdrm Apartment in Lekki Phase 1 for sale,300.0,Apartment,3.0,3.0,semi-furnished,"Lekki, Lekki Phase 1",Lekki Phase 1,Lekki,enterprise,"₦ 320,000,000"
11bdrm Apartment in Aguda Surulere Lagos for sale,613.0,Apartment,11.0,13.0,unfurnished,"Surulere, Aguda / Surulere",Aguda / Surulere,Surulere,enterprise,"₦ 400,000,000"
"3bdrm Bungalow in Jedo Estate, Lugbe District for sale",500.0,Bungalow,3.0,4.0,unfurnished,"Abuja (FCT), Lugbe District",Lugbe District,Abuja (FCT),enterprise,"₦ 130,000,000"
"4bdrm Duplex in Unity Estate Off, Obio-Akpor for sale",465.0,Duplex,4.0,4.0,semi-furnished,"Rivers State, Obio-Akpor",Obio-Akpor,Rivers State,enterprise,"₦ 130,000,000"
5bdrm Duplex in Apo Resettlement for sale,600.0,Duplex,5.0,6.0,semi-furnished,"Apo District, Apo Resettlement",Apo Resettlement,Apo District,enterprise,"₦ 550,000,000"
"6bdrm Duplex in Secured Area, Ikeja GRA for sale",850.0,Duplex,6.0,6.0,semi-furnished,"Ikeja, Ikeja GRA",Ikeja GRA,Ikeja,enterprise,"₦ 3,500,000,000"
"Furnished 4bdrm Duplex in Valley Estate, Enugu for sale",500.0,Duplex,4.0,5.0,furnished,"Enugu State, Enugu",Enugu,Enugu State,enterprise,"₦ 260,000,000"
5bdrm Duplex in Apo Resettlement for sale,466.0,Duplex,5.0,1.0,unfurnished,"Apo District, Apo Resettlement",Apo Resettlement,Apo District,enterprise,"₦ 750,000,000"
5bdrm Duplex in Opebi for sale,1000.0,Duplex,5.0,1.0,unfurnished,"Ikeja, Opebi",Opebi,Ikeja,enterprise,"₦ 650,000,000"
3bdrm Apartment in Lekki for sale,350.0,Apartment,3.0,3.0,semi-furnished,"Lagos State, Lekki",Lekki,Lagos State,enterprise,"₦ 450,000,000"
2bdrm Apartment in Wuye for sale,200.0,Apartment,2.0,3.0,unfurnished,"Abuja (FCT), Wuye",Wuye,Abuja (FCT),enterprise,"₦ 110,000,000"
"7bdrm Duplex in Efab Global Estate, Idu Industrial for sale",700.0,Duplex,7.0,8.0,unfurnished,"Abuja (FCT), Idu Industrial",Idu Industrial,Abuja (FCT),enterprise,"₦ 450,000,000"
5bdrm Duplex in Osapa London for sale,450.0,Duplex,5.0,5.0,semi-furnished,"Lekki, Osapa london",Osapa london,Lekki,enterprise,"₦ 460,000,000"
2bdrm Apartment in Ajah for sale,150.0,Apartment,2.0,2.0,unfurnished,"Lagos State, Ajah",Ajah,Lagos State,enterprise,"₦ 90,000,000"
4bdrm Duplex in Lekki for sale,350.0,Duplex,4.0,4.0,unfurnished,"Lagos State, Lekki",Lekki,Lagos State,enterprise,"₦ 250,000,000"
5bdrm Duplex in Gbagada for sale,350.0,Duplex,5.0,5.0,unfurnished,"Lagos State, Gbagada",Gbagada,Lagos State,enterprise,"₦ 600,000,000"
3bdrm Maisonette in Lekki Phase 1 for sale,150.0,Maisonette,3.0,3.0,unfurnished,"Lekki, Lekki Phase 1",Lekki Phase 1,Lekki,enterprise,"₦ 320,000,000"
"4bdrm Duplex in Odani Estate Off, Port-Harcourt for sale",500.0,Duplex,4.0,4.0,semi-furnished,"Rivers State, Port-Harcourt",Port-Harcourt,Rivers State,enterprise,"₦ 220,000,000"
2bdrm Block of Flats in Kuje for sale,900.0,Block of Flats,2.0,2.0,unfurnished,"Abuja (FCT), Kuje",Kuje,Abuja (FCT),enterprise,"₦ 40,000,000"
6bdrm Bungalow in Alakia for sale,750.0,Bungalow,6.0,6.0,unfurnished,"Ibadan, Alakia",Alakia,Ibadan,enterprise,"₦ 85,000,000"
5bdrm Duplex in Asokoro for sale,800.0,Duplex,5.0,5.0,unfurnished,"Abuja (FCT), Asokoro",Asokoro,Abuja (FCT),enterprise,"₦ 850,000,000"
Furnished 3bdrm Duplex in Idu Industrial for sale,300.0,Duplex,3.0,3.0,furnished,"Abuja (FCT), Idu Industrial",Idu Industrial,Abuja (FCT),enterprise,"₦ 160,000,000"
5bdrm Duplex in Sangotedo for sale,250.0,Duplex,5.0,5.0,semi-furnished,"Ajah, Sangotedo",Sangotedo,Ajah,enterprise,"₦ 230,000,000"
2bdrm Apartment in Lekki for sale,600.0,Apartment,2.0,3.0,semi-furnished,"Lagos State, Lekki",Lekki,Lagos State,enterprise,"₦ 100,000,000"
"Furnished 4bdrm Duplex in Country Mews Court, Ibeju for sale",1296.0,Duplex,4.0,4.0,furnished,"Lagos State, Ibeju",Ibeju,Lagos State,enterprise,"₦ 110,000,000"
"4bdrm Duplex in Secured Estate, Wempco Road for sale",270.0,Duplex,4.0,4.0,semi-furnished,"Ogba, Wempco Road",Wempco Road,Ogba,enterprise,"₦ 340,000,000"
"5bdrm Duplex in Royal Pine Estate, Lekki Phase 2 for sale",350.0,Duplex,5.0,5.0,semi-furnished,"Lekki, Lekki Phase 2",Lekki Phase 2,Lekki,enterprise,"₦ 480,000,000"
"5bdrm Duplex in Royal Pine Estate, Lekki Phase 2 for sale",340.0,Duplex,5.0,5.0,semi-furnished,"Lekki, Lekki Phase 2",Lekki Phase 2,Lekki,enterprise,"₦ 480,000,000"
"4bdrm Duplex in Lekki Scheme Two, Abraham Adesanya Estate for sale",250.0,Duplex,4.0,4.0,semi-furnished,"Ajah, Abraham Adesanya Estate",Abraham Adesanya Estate,Ajah,enterprise,"₦ 200,000,000"
